transaction_id,customer_id,merchant_id,transaction_date,amount,currency,transaction_type
1,224,55,2025-04-15,5157.2,TRY,transfer
2,770,32,2025-11-01,6126.17,TRY,purchase
3,461,34,2025-12-23,6038.15,TRY,purchase
4,450,16,2025-08-31,1484.95,TRY,transfer
5,603,89,2025-12-26,6030.12,TRY,transfer
6,648,55,2025-06-19,4320.74,TRY,purchase
7,834,27,2025-03-02,3999.12,TRY,transfer
8,288,77,2026-07-06,1195.27,TRY,transfer
9,300,38,2026-08-10,1886.05,TRY,transfer
10,922,87,2025-04-08,966.41,TRY,refund
11,941,8,2025-10-11,6071.99,TRY,purchase
12,719,17,2025-09-13,1040.78,TRY,refund
13,849,32,2026-02-07,3436.42,TRY,transfer
14,648,35,2026-03-01,2638.7,TRY,purchase
15,649,99,2025-04-06,2831.9,TRY,transfer
16,285,89,2026-01-13,3193.78,TRY,refund
17,336,75,2025-01-03,6084.98,TRY,transfer
18,96,94,2026-04-15,4451.19,TRY,transfer
19,367,9,2026-07-02,2796.06,TRY,refund
20,845,28,2026-05-22,1894.39,TRY,refund
21,346,71,2026-08-15,931.55,TRY,refund
22,808,44,2025-02-19,340.68,TRY,transfer
23,803,59,2025-01-17,887.18,TRY,purchase
24,452,59,2025-01-01,6943.03,TRY,refund
25,208,89,2025-05-16,6177.39,TRY,refund
26,163,36,2025-04-06,4589.02,TRY,refund
27,85,48,2025-06-19,381.48,TRY,transfer
28,313,93,2025-08-28,3016.03,TRY,purchase
29,721,13,2025-01-02,1509.68,TRY,purchase
30,136,76,2025-08-20,3645.72,TRY,refund
31,10,2,2025-12-18,5723.42,TRY,refund
32,711,17,2026-05-05,514.38,TRY,refund
33,92,94,2025-04-15,740.35,TRY,refund
34,903,39,2025-05-21,2691.39,TRY,purchase
35,657,87,2025-05-27,497.51,TRY,transfer
36,9,79,2025-06-18,3091.89,TRY,transfer
37,219,81,2025-06-05,6440.86,TRY,transfer
38,704,57,2025-08-11,625.08,TRY,purchase
39,144,97,2025-05-07,4135.23,TRY,refund
40,360,55,2025-11-19,5541.72,TRY,purchase
41,284,83,2025-03-28,1752.21,TRY,transfer
42,615,93,2025-10-19,5457.21,TRY,transfer
43,28,85,2025-11-05,1454.01,TRY,transfer
44,522,25,2026-02-06,2082.88,TRY,purchase
45,803,31,2026-05-22,2713.48,TRY,purchase
46,512,82,2026-09-01,515.66,TRY,purchase
47,370,41,2025-05-16,2720.13,TRY,transfer
48,431,47,2026-07-14,4786.94,TRY,refund
49,978,99,2025-03-16,136.49,TRY,purchase
50,15,34,2025-08-09,297.99,TRY,purchase
51,972,51,2026-06-03,2019.68,TRY,transfer
52,514,99,2026-03-02,2976.56,TRY,refund
53,85,82,2026-07-04,3772.83,TRY,purchase
54,285,11,2025-11-14,571.57,TRY,purchase
55,998,20,2026-07-04,2300.72,TRY,transfer
56,650,98,2025-03-09,2184.98,TRY,refund
57,748,31,2025-03-01,1726.47,TRY,refund
58,119,59,2025-02-26,2178.84,TRY,transfer
59,674,95,2025-06-29,853.71,TRY,transfer
60,141,90,2025-01-12,1163.55,TRY,refund
61,536,67,2025-09-23,1185.4,TRY,purchase
62,768,100,2025-10-03,5135.89,TRY,purchase
63,790,4,2025-12-10,5653.61,TRY,refund
64,537,9,2025-09-27,4992.02,TRY,transfer
65,643,10,2026-05-24,3197.28,TRY,refund
66,57,64,2026-08-04,1184.83,TRY,purchase
67,262,99,2025-04-16,6261.99,TRY,transfer
68,741,15,2025-08-22,5190.64,TRY,purchase
69,46,2,2025-09-08,340.95,TRY,refund
70,393,20,2025-07-03,6519.5,TRY,purchase
71,567,92,2026-03-06,1587.12,TRY,purchase
72,427,93,2025-11-24,1913.38,TRY,purchase
73,586,48,2025-05-03,3524.25,TRY,purchase
74,184,29,2026-06-13,6870.27,TRY,refund
75,71,60,2025-10-17,5419.22,TRY,refund
76,336,12,2026-07-21,3208.09,TRY,refund
77,206,38,2026-08-01,5495.86,TRY,transfer
78,638,32,2026-04-21,2590.55,TRY,refund
79,792,100,2025-07-20,5132.59,TRY,transfer
80,779,32,2025-06-04,64.52,TRY,refund
81,25,30,2026-07-09,2438.04,TRY,transfer
82,899,2,2025-12-10,30.21,TRY,transfer
83,386,95,2025-11-11,745.56,TRY,transfer
84,244,54,2026-05-19,6729.07,TRY,purchase
85,729,36,2025-04-06,326.42,TRY,purchase
86,919,67,2026-02-27,4911.91,TRY,refund
87,470,96,2025-03-28,4073.78,TRY,transfer
88,137,82,2026-02-08,542.32,TRY,transfer
89,64,56,2025-05-14,1672.67,TRY,refund
90,872,41,2026-02-07,4911.06,TRY,transfer
91,335,41,2026-04-09,1918.25,TRY,purchase
92,967,26,2025-05-20,5463.96,TRY,transfer
93,112,20,2025-04-19,1167.34,TRY,refund
94,322,53,2025-05-04,3760.75,TRY,purchase
95,463,40,2026-04-20,1869.76,TRY,purchase
96,93,21,2025-11-08,5788.18,TRY,transfer
97,618,6,2025-08-09,5854.75,TRY,refund
98,152,12,2025-09-12,6779.43,TRY,refund
99,526,7,2025-11-03,1835.96,TRY,purchase
100,32,52,2026-04-09,3900.56,TRY,transfer
101,256,13,2026-04-19,731.31,TRY,purchase
102,125,2,2025-03-05,5816.0,TRY,purchase
103,134,26,2026-02-15,2618.23,TRY,transfer
104,961,83,2025-03-28,4084.62,TRY,refund
105,940,10,2025-01-23,6980.19,TRY,purchase
106,925,83,2026-03-31,5668.9,TRY,purchase
107,927,43,2025-05-06,318.02,TRY,refund
108,52,22,2026-08-11,3043.43,TRY,transfer
109,405,64,2025-01-31,2691.45,TRY,refund
110,177,46,2025-08-08,6359.96,TRY,refund
111,287,58,2025-06-02,261.85,TRY,transfer
112,632,32,2025-10-30,3502.26,TRY,transfer
113,491,8,2025-03-31,1972.84,TRY,purchase
114,430,26,2026-06-23,1759.05,TRY,transfer
115,814,3,2026-01-27,5477.77,TRY,refund
116,492,70,2026-05-12,2421.36,TRY,transfer
117,515,42,2026-02-02,1907.64,TRY,purchase
118,327,77,2025-08-13,224.54,TRY,refund
119,60,61,2026-06-27,2514.88,TRY,transfer
120,239,21,2025-04-13,1750.04,TRY,purchase
121,273,69,2025-02-27,5353.07,TRY,purchase
122,590,50,2025-12-30,6547.74,TRY,purchase
123,181,31,2026-08-30,2239.67,TRY,transfer
124,715,46,2026-08-29,216.88,TRY,transfer
125,361,73,2026-08-01,1011.87,TRY,purchase
126,857,64,2026-07-10,2177.19,TRY,refund
127,39,12,2025-02-27,1643.71,TRY,purchase
128,21,68,2026-05-05,24.77,TRY,transfer
129,207,17,2025-12-15,5024.22,TRY,refund
130,61,3,2025-06-01,4114.53,TRY,purchase
131,793,15,2026-06-23,6027.47,TRY,purchase
132,383,91,2026-02-10,4110.4,TRY,refund
133,310,42,2025-05-20,6831.51,TRY,transfer
134,972,56,2026-05-14,4551.28,TRY,purchase
135,725,72,2026-01-01,1578.2,TRY,transfer
136,835,23,2026-01-23,2161.63,TRY,transfer
137,302,17,2025-07-01,5107.24,TRY,transfer
138,972,74,2026-02-05,5958.28,TRY,transfer
139,34,24,2025-11-22,6448.85,TRY,transfer
140,227,82,2026-08-03,746.69,TRY,refund
141,145,43,2025-03-21,1681.21,TRY,refund
142,172,82,2025-04-01,5755.2,TRY,transfer
143,655,94,2025-12-10,3137.48,TRY,refund
144,215,32,2025-03-11,2466.36,TRY,purchase
145,738,1,2025-02-19,2713.84,TRY,transfer
146,430,22,2026-02-28,3461.71,TRY,refund
147,360,70,2026-01-20,727.97,TRY,refund
148,808,74,2025-08-19,1155.34,TRY,purchase
149,819,5,2025-10-29,160.14,TRY,refund
150,975,14,2025-03-17,2405.82,TRY,refund
151,165,94,2025-03-18,3838.38,TRY,purchase
152,347,77,2026-05-10,4937.44,TRY,refund
153,966,84,2025-06-18,4259.08,TRY,refund
154,161,7,2025-04-14,2331.04,TRY,purchase
155,420,90,2026-07-22,5059.83,TRY,transfer
156,554,34,2025-10-16,2095.86,TRY,purchase
157,51,51,2026-08-09,3856.65,TRY,refund
158,158,7,2026-01-05,46.63,TRY,purchase
159,302,85,2026-05-07,1413.73,TRY,purchase
160,212,22,2025-10-26,6839.86,TRY,refund
161,865,15,2025-11-12,5498.44,TRY,refund
162,501,85,2025-09-29,656.14,TRY,transfer
163,397,24,2026-01-15,6200.74,TRY,refund
164,192,58,2025-02-15,1857.81,TRY,refund
165,270,29,2025-10-03,3958.44,TRY,purchase
166,771,90,2025-04-10,618.24,TRY,refund
167,828,70,2026-02-28,6795.52,TRY,transfer
168,233,71,2025-03-04,5888.76,TRY,transfer
169,429,69,2026-05-02,4017.55,TRY,purchase
170,488,39,2025-03-22,2775.73,TRY,transfer
171,36,65,2026-08-08,6305.18,TRY,transfer
172,694,80,2025-05-31,859.57,TRY,refund
173,178,22,2025-08-05,5663.06,TRY,purchase
174,44,55,2025-03-22,6918.19,TRY,refund
175,207,81,2025-06-01,5842.07,TRY,refund
176,328,94,2025-03-10,627.45,TRY,transfer
177,407,71,2025-11-30,5999.24,TRY,transfer
178,470,2,2026-08-25,3667.48,TRY,refund
179,116,54,2025-06-03,1054.43,TRY,transfer
180,597,98,2025-04-13,6476.0,TRY,transfer
181,799,13,2025-10-20,6074.98,TRY,refund
182,899,53,2025-09-28,2693.64,TRY,refund
183,586,78,2026-04-30,281.51,TRY,refund
184,413,19,2026-02-16,290.7,TRY,refund
185,708,31,2025-02-20,5225.33,TRY,refund
186,919,48,2025-01-21,2378.31,TRY,refund
187,319,36,2026-05-19,6010.48,TRY,transfer
188,101,30,2025-05-18,2117.35,TRY,transfer
189,454,100,2025-11-25,1900.55,TRY,refund
190,620,83,2025-04-02,1331.79,TRY,purchase
191,936,53,2026-05-12,5321.26,TRY,refund
192,841,8,2026-06-12,5544.6,TRY,purchase
193,319,91,2026-06-03,2835.63,TRY,transfer
194,901,73,2025-01-30,1232.69,TRY,purchase
195,858,8,2025-09-13,250.84,TRY,purchase
196,941,47,2025-07-23,1932.36,TRY,refund
197,518,51,2025-05-07,4774.6,TRY,purchase
198,382,63,2026-09-01,3133.8,TRY,refund
199,601,71,2025-12-25,2422.86,TRY,refund
200,767,89,2025-04-03,2009.78,TRY,refund
201,51,21,2026-08-09,5463.21,TRY,purchase
202,878,29,2025-08-19,4750.31,TRY,refund
203,668,53,2026-06-10,159.97,TRY,transfer
204,10,61,2025-05-16,4538.65,TRY,transfer
205,821,2,2025-08-18,1781.69,TRY,refund
206,730,91,2025-10-09,2978.17,TRY,refund
207,873,45,2026-04-16,1778.95,TRY,refund
208,310,87,2026-06-18,5773.69,TRY,refund
209,599,14,2025-01-08,3590.37,TRY,transfer
210,990,48,2026-07-29,4538.45,TRY,transfer
211,290,39,2025-04-21,3382.53,TRY,refund
212,284,82,2025-11-29,6033.21,TRY,refund
213,672,92,2025-11-02,1334.75,TRY,transfer
214,784,31,2025-02-28,5641.9,TRY,transfer
215,414,85,2025-11-24,4771.68,TRY,transfer
216,27,84,2026-05-25,6982.33,TRY,refund
217,929,54,2026-02-19,2730.16,TRY,purchase
218,598,91,2026-08-09,5715.78,TRY,refund
219,744,92,2025-08-16,4810.5,TRY,transfer
220,804,61,2026-01-03,3561.06,TRY,purchase
221,861,85,2026-07-26,1284.33,TRY,purchase
222,483,17,2025-09-22,5081.8,TRY,transfer
223,782,24,2025-12-10,4587.95,TRY,purchase
224,364,29,2025-11-11,2954.9,TRY,refund
225,381,34,2026-08-23,2072.48,TRY,purchase
226,482,7,2026-08-21,4070.59,TRY,transfer
227,73,61,2025-07-19,3513.33,TRY,transfer
228,391,68,2025-11-02,2903.49,TRY,purchase
229,141,26,2025-12-17,2876.16,TRY,transfer
230,915,59,2025-05-27,2228.36,TRY,transfer
231,185,100,2025-03-24,3423.31,TRY,transfer
232,182,41,2025-03-01,52.9,TRY,refund
233,215,98,2025-06-22,4042.43,TRY,purchase
234,502,98,2025-04-01,923.25,TRY,refund
235,649,55,2026-02-18,3014.6,TRY,refund
236,393,1,2025-02-08,3745.8,TRY,transfer
237,383,2,2025-11-26,5302.8,TRY,transfer
238,196,3,2025-01-05,4394.27,TRY,purchase
239,232,89,2025-12-19,2198.4,TRY,purchase
240,393,65,2026-08-26,2156.68,TRY,purchase
241,844,6,2025-11-02,6640.27,TRY,refund
242,746,67,2026-06-21,2378.09,TRY,transfer
243,138,44,2026-05-17,2527.57,TRY,purchase
244,169,52,2025-01-20,1614.36,TRY,transfer
245,135,28,2025-01-23,4136.06,TRY,purchase
246,127,47,2025-02-08,2638.84,TRY,transfer
247,262,99,2026-07-02,4369.48,TRY,transfer
248,50,85,2025-04-21,4581.9,TRY,purchase
249,50,89,2025-04-29,2929.09,TRY,refund
250,127,71,2025-09-16,3331.29,TRY,purchase
251,211,89,2025-01-10,2121.79,TRY,transfer
252,104,85,2026-06-17,1904.44,TRY,transfer
253,718,18,2026-03-05,5817.96,TRY,purchase
254,524,93,2025-05-01,1993.29,TRY,purchase
255,510,26,2025-07-24,5450.15,TRY,transfer
256,997,26,2026-01-02,4929.99,TRY,refund
257,165,6,2026-07-16,3484.56,TRY,purchase
258,705,62,2025-12-05,1656.85,TRY,purchase
259,688,12,2025-04-24,5849.92,TRY,transfer
260,506,20,2025-04-03,5461.09,TRY,purchase
261,741,93,2025-04-14,6335.36,TRY,transfer
262,237,59,2025-10-31,1863.59,TRY,purchase
263,103,23,2025-02-10,5968.7,TRY,refund
264,821,87,2025-11-17,2993.45,TRY,purchase
265,98,98,2025-02-16,87.51,TRY,purchase
266,680,83,2025-06-24,2314.05,TRY,refund
267,979,80,2025-10-02,6151.76,TRY,purchase
268,382,44,2025-07-07,814.55,TRY,refund
269,986,59,2025-10-06,5853.24,TRY,transfer
270,872,62,2026-03-08,4548.95,TRY,purchase
271,116,17,2025-03-02,6871.35,TRY,purchase
272,107,54,2026-08-28,3389.07,TRY,transfer
273,695,57,2025-07-05,4287.04,TRY,refund
274,627,4,2025-05-14,3391.9,TRY,refund
275,116,53,2026-03-28,340.89,TRY,refund
276,671,41,2025-01-13,4937.89,TRY,transfer
277,538,99,2026-08-14,5071.94,TRY,purchase
278,979,86,2025-12-13,3643.32,TRY,transfer
279,718,80,2025-04-08,3041.28,TRY,transfer
280,255,62,2025-12-21,4652.7,TRY,transfer
281,395,20,2026-07-26,6246.59,TRY,transfer
282,56,2,2025-06-10,3548.86,TRY,refund
283,873,64,2025-06-19,542.56,TRY,refund
284,329,31,2025-12-05,6791.61,TRY,purchase
285,520,29,2026-07-18,4510.35,TRY,refund
286,837,31,2025-03-22,3224.48,TRY,transfer
287,459,12,2026-05-26,3140.54,TRY,purchase
288,510,96,2025-01-19,736.45,TRY,refund
289,37,72,2026-07-17,21.18,TRY,purchase
290,811,78,2025-11-08,6232.97,TRY,transfer
291,212,84,2026-04-13,6653.48,TRY,refund
292,846,7,2025-08-17,5913.34,TRY,refund
293,574,99,2026-04-30,5022.27,TRY,refund
294,734,58,2025-04-27,700.11,TRY,transfer
295,228,1,2025-12-16,2498.87,TRY,transfer
296,988,38,2026-07-15,3663.46,TRY,transfer
297,109,6,2025-06-18,3457.11,TRY,transfer
298,761,93,2026-02-24,766.59,TRY,transfer
299,201,25,2025-05-04,6512.91,TRY,refund
300,221,59,2025-07-15,5023.18,TRY,purchase
301,776,54,2025-02-17,6487.85,TRY,transfer
302,603,16,2026-04-07,3212.57,TRY,transfer
303,980,65,2025-05-18,6747.71,TRY,purchase
304,544,95,2025-02-19,3881.52,TRY,refund
305,859,75,2026-05-10,6472.11,TRY,purchase
306,709,75,2025-06-27,5118.85,TRY,purchase
307,107,50,2025-11-26,3538.69,TRY,refund
308,429,78,2025-09-12,1929.7,TRY,refund
309,994,38,2026-04-09,5637.48,TRY,purchase
310,423,78,2026-06-09,2106.41,TRY,transfer
311,561,41,2026-07-21,4435.43,TRY,purchase
312,215,80,2025-10-25,4812.55,TRY,transfer
313,136,91,2025-07-02,3537.18,TRY,transfer
314,653,42,2025-04-29,5330.21,TRY,transfer
315,492,75,2026-08-08,6599.86,TRY,transfer
316,428,87,2026-07-01,2015.78,TRY,refund
317,828,2,2026-06-20,763.16,TRY,refund
318,149,7,2025-02-27,1415.32,TRY,purchase
319,294,88,2025-09-14,1042.07,TRY,purchase
320,708,38,2025-07-28,5280.09,TRY,purchase
321,368,58,2025-04-15,4320.44,TRY,transfer
322,758,72,2025-08-18,5202.04,TRY,transfer
323,399,31,2026-06-08,5494.46,TRY,transfer
324,295,89,2025-02-18,6486.86,TRY,refund
325,427,88,2025-11-17,6761.52,TRY,purchase
326,14,96,2025-09-15,1437.55,TRY,refund
327,850,29,2026-01-12,5290.65,TRY,transfer
328,757,78,2025-07-21,5437.5,TRY,purchase
329,302,58,2025-07-01,6884.5,TRY,purchase
330,192,23,2026-06-11,853.09,TRY,purchase
331,439,36,2026-07-24,1864.39,TRY,purchase
332,599,33,2025-01-06,2327.33,TRY,transfer
333,960,20,2025-02-10,1092.85,TRY,refund
334,612,7,2025-11-05,3444.05,TRY,transfer
335,564,46,2025-03-16,5492.54,TRY,refund
336,539,29,2025-07-08,3653.83,TRY,transfer
337,164,54,2026-07-11,3768.51,TRY,purchase
338,358,29,2025-08-07,4650.07,TRY,refund
339,370,38,2025-08-12,6653.15,TRY,transfer
340,544,61,2026-07-29,5769.35,TRY,transfer
341,10,15,2025-12-21,3130.76,TRY,transfer
342,629,80,2025-09-07,6713.1,TRY,transfer
343,907,42,2026-01-26,6413.21,TRY,purchase
344,396,33,2026-07-08,5073.35,TRY,purchase
345,934,67,2026-01-19,3609.88,TRY,transfer
346,457,63,2025-02-14,2089.11,TRY,transfer
347,198,42,2026-06-11,594.77,TRY,purchase
348,172,99,2026-07-05,3741.78,TRY,transfer
349,68,27,2025-08-07,6057.36,TRY,refund
350,856,14,2025-07-30,3773.52,TRY,transfer
351,900,95,2026-03-22,4533.0,TRY,purchase
352,765,88,2025-06-07,185.8,TRY,transfer
353,340,5,2025-03-31,531.27,TRY,purchase
354,814,33,2026-07-26,511.69,TRY,purchase
355,933,34,2026-02-22,2728.47,TRY,transfer
356,415,56,2025-11-20,137.9,TRY,transfer
357,122,69,2025-01-07,4497.13,TRY,transfer
358,65,97,2026-08-23,337.71,TRY,purchase
359,367,65,2025-04-19,2043.06,TRY,transfer
360,309,78,2025-03-30,1984.99,TRY,refund
361,391,51,2025-02-01,3328.43,TRY,transfer
362,226,18,2026-02-05,5581.46,TRY,transfer
363,303,82,2025-05-28,2100.43,TRY,transfer
364,664,48,2025-01-12,3883.6,TRY,transfer
365,145,16,2025-02-12,55.11,TRY,transfer
366,404,69,2026-07-15,6629.92,TRY,refund
367,216,96,2025-12-19,1497.92,TRY,transfer
368,872,66,2025-05-26,1143.46,TRY,purchase
369,632,33,2025-07-18,820.07,TRY,transfer
370,819,73,2025-02-25,5962.69,TRY,transfer
371,473,83,2026-07-17,530.55,TRY,transfer
372,69,33,2025-04-11,1397.97,TRY,transfer
373,499,43,2026-01-01,914.94,TRY,transfer
374,241,13,2025-10-19,4344.22,TRY,purchase
375,326,63,2026-04-07,2311.86,TRY,transfer
376,314,89,2026-08-22,1083.72,TRY,transfer
377,374,41,2026-03-15,1197.1,TRY,refund
378,253,29,2026-03-23,1951.23,TRY,refund
379,138,87,2025-12-06,6147.64,TRY,refund
380,457,46,2025-11-09,3419.06,TRY,purchase
381,180,83,2025-03-25,5895.72,TRY,purchase
382,913,69,2025-07-21,1857.38,TRY,transfer
383,79,94,2025-03-19,6246.89,TRY,transfer
384,647,4,2026-08-19,4060.73,TRY,transfer
385,218,5,2026-07-19,1839.1,TRY,transfer
386,484,84,2025-06-02,2573.41,TRY,purchase
387,913,99,2026-08-27,5137.92,TRY,refund
388,138,60,2026-05-29,3582.68,TRY,refund
389,373,65,2025-01-11,4645.5,TRY,transfer
390,701,22,2026-06-11,999.79,TRY,purchase
391,184,73,2026-08-03,4622.7,TRY,purchase
392,754,94,2026-05-11,6575.44,TRY,purchase
393,225,98,2026-05-15,1637.61,TRY,refund
394,379,30,2025-02-13,4686.73,TRY,transfer
395,930,47,2026-02-02,3298.33,TRY,refund
396,903,6,2025-02-10,6864.52,TRY,refund
397,106,91,2026-06-18,4442.3,TRY,refund
398,855,95,2025-09-27,4058.85,TRY,transfer
399,179,49,2026-01-23,2569.77,TRY,transfer
400,920,10,2026-06-14,1776.07,TRY,purchase
401,529,52,2025-12-28,5724.31,TRY,refund
402,499,62,2025-01-07,3522.82,TRY,purchase
403,451,22,2025-08-24,558.08,TRY,transfer
404,288,28,2025-06-03,1324.6,TRY,refund
405,617,92,2025-05-02,4634.55,TRY,refund
406,831,43,2025-04-27,3380.99,TRY,refund
407,491,27,2026-08-28,1145.5,TRY,refund
408,23,32,2025-02-14,912.64,TRY,transfer
409,165,18,2026-06-09,293.55,TRY,transfer
410,151,8,2025-06-20,1822.65,TRY,purchase
411,530,52,2026-08-01,4470.61,TRY,transfer
412,746,85,2025-10-18,6631.83,TRY,purchase
413,460,78,2026-04-28,6073.77,TRY,purchase
414,225,53,2025-05-27,5566.42,TRY,purchase
415,639,85,2026-06-08,1866.35,TRY,transfer
416,703,44,2026-04-10,4183.8,TRY,purchase
417,236,49,2026-01-30,942.85,TRY,purchase
418,208,67,2026-06-01,4796.89,TRY,purchase
419,621,13,2025-07-01,3341.57,TRY,transfer
420,615,5,2026-06-29,3533.24,TRY,purchase
421,96,62,2025-05-14,6315.85,TRY,transfer
422,848,1,2026-03-18,3663.87,TRY,refund
423,896,6,2026-06-27,3014.11,TRY,refund
424,809,99,2026-01-26,2466.61,TRY,transfer
425,930,98,2026-08-13,702.06,TRY,purchase
426,261,62,2025-08-27,6372.4,TRY,purchase
427,291,77,2026-07-11,2872.35,TRY,purchase
428,6,91,2025-01-08,4054.35,TRY,purchase
429,533,1,2026-01-20,4588.73,TRY,transfer
430,824,41,2026-02-23,2548.64,TRY,purchase
431,437,84,2026-08-23,1790.36,TRY,transfer
432,434,73,2026-01-10,4290.93,TRY,transfer
433,407,97,2025-07-28,2904.33,TRY,transfer
434,495,23,2026-01-15,3922.47,TRY,refund
435,260,40,2026-08-15,2423.61,TRY,transfer
436,408,95,2025-05-22,5987.89,TRY,transfer
437,122,96,2025-08-24,3137.23,TRY,transfer
438,973,21,2025-04-13,1516.92,TRY,refund
439,805,44,2026-07-18,4305.9,TRY,transfer
440,724,7,2025-06-14,2735.94,TRY,transfer
441,6,12,2025-05-29,3312.25,TRY,transfer
442,446,12,2025-03-07,1856.38,TRY,refund
443,82,78,2025-02-08,5076.97,TRY,refund
444,629,84,2026-06-18,2019.56,TRY,transfer
445,59,100,2025-06-29,4489.23,TRY,refund
446,11,26,2026-06-15,2016.33,TRY,purchase
447,803,77,2026-06-07,3620.38,TRY,purchase
448,630,22,2025-02-06,2530.99,TRY,transfer
449,1,21,2025-03-30,6977.78,TRY,refund
450,362,86,2026-02-09,2850.05,TRY,purchase
451,531,2,2025-03-12,6435.86,TRY,transfer
452,292,93,2026-07-27,6406.76,TRY,refund
453,356,36,2025-08-20,4252.42,TRY,purchase
454,466,52,2026-08-12,52.47,TRY,purchase
455,417,65,2025-04-20,3919.24,TRY,transfer
456,302,44,2025-04-30,5624.54,TRY,refund
457,898,69,2026-08-12,1765.99,TRY,refund
458,990,49,2026-07-31,3395.74,TRY,purchase
459,776,44,2026-04-15,4777.53,TRY,transfer
460,883,4,2026-05-09,831.55,TRY,purchase
461,392,82,2025-08-14,4744.85,TRY,purchase
462,820,41,2026-02-27,6689.01,TRY,transfer
463,549,2,2025-09-27,1752.84,TRY,purchase
464,409,87,2025-12-17,550.68,TRY,purchase
465,488,41,2025-12-29,1545.59,TRY,transfer
466,276,24,2025-07-14,3503.02,TRY,purchase
467,241,95,2025-09-05,6111.74,TRY,purchase
468,235,26,2025-09-13,5857.62,TRY,refund
469,160,100,2025-04-20,856.75,TRY,purchase
470,693,85,2026-05-20,4304.51,TRY,transfer
471,981,6,2026-05-09,2610.95,TRY,refund
472,505,74,2025-10-09,3445.82,TRY,transfer
473,287,51,2025-08-16,5256.18,TRY,purchase
474,56,68,2026-03-10,3358.67,TRY,transfer
475,34,65,2025-12-22,2768.14,TRY,transfer
476,795,23,2026-04-14,6836.02,TRY,transfer
477,531,59,2025-11-20,4830.69,TRY,purchase
478,691,27,2026-01-24,4075.44,TRY,refund
479,371,79,2025-09-23,1326.32,TRY,refund
480,243,35,2026-04-28,6710.52,TRY,refund
481,375,24,2026-05-26,2979.12,TRY,refund
482,718,97,2026-01-17,2568.24,TRY,refund
483,287,58,2025-07-04,4008.44,TRY,transfer
484,703,30,2025-04-13,5051.29,TRY,purchase
485,569,56,2026-01-26,1388.52,TRY,transfer
486,154,61,2025-01-10,1252.72,TRY,refund
487,138,81,2026-06-14,3747.2,TRY,refund
488,805,63,2025-11-04,1771.8,TRY,transfer
489,49,51,2025-04-12,4839.99,TRY,purchase
490,221,33,2026-05-03,5876.02,TRY,purchase
491,461,96,2025-12-09,1833.19,TRY,refund
492,574,72,2025-09-21,2422.1,TRY,refund
493,125,45,2025-07-23,4046.44,TRY,transfer
494,665,69,2025-06-28,6856.02,TRY,refund
495,364,42,2026-06-07,3422.71,TRY,transfer
496,458,11,2026-01-26,4303.37,TRY,refund
497,647,19,2025-06-21,4491.25,TRY,refund
498,432,81,2026-08-09,2845.31,TRY,purchase
499,82,21,2025-12-18,1612.96,TRY,refund
500,669,38,2025-10-01,4245.59,TRY,refund
501,278,57,2026-01-07,5240.31,TRY,transfer
502,989,58,2026-02-28,1187.88,TRY,purchase
503,129,94,2025-08-29,4640.92,TRY,transfer
504,718,96,2025-03-23,1489.79,TRY,refund
505,106,13,2025-03-07,6558.82,TRY,refund
506,562,7,2025-01-27,5401.12,TRY,transfer
507,784,11,2025-04-17,1851.92,TRY,purchase
508,87,84,2026-02-04,2179.41,TRY,purchase
509,756,37,2026-03-30,4392.84,TRY,purchase
510,540,22,2025-01-30,265.38,TRY,refund
511,882,42,2026-05-03,3281.01,TRY,transfer
512,958,35,2026-07-16,3125.02,TRY,transfer
513,553,23,2026-08-29,4191.14,TRY,transfer
514,767,82,2026-08-01,3056.14,TRY,transfer
515,655,69,2025-11-14,6364.28,TRY,refund
516,553,30,2025-04-02,3104.18,TRY,refund
517,423,34,2025-06-09,2138.94,TRY,purchase
518,536,98,2025-05-20,2420.32,TRY,refund
519,548,2,2026-05-19,6629.76,TRY,refund
520,307,2,2026-03-17,5589.79,TRY,transfer
521,237,1,2026-07-16,2628.03,TRY,refund
522,904,72,2026-03-24,2775.37,TRY,purchase
523,733,95,2026-02-04,5802.42,TRY,purchase
524,270,11,2026-03-09,4384.75,TRY,transfer
525,783,79,2025-10-06,2007.04,TRY,transfer
526,545,35,2026-02-27,1332.24,TRY,purchase
527,187,18,2025-10-24,790.29,TRY,refund
528,633,58,2025-10-06,4909.3,TRY,refund
529,193,42,2025-01-20,1082.0,TRY,transfer
530,23,24,2025-04-15,1989.16,TRY,purchase
531,733,57,2025-01-09,1645.02,TRY,purchase
532,16,64,2025-08-11,2406.55,TRY,refund
533,805,64,2026-01-16,3256.52,TRY,purchase
534,339,11,2025-05-30,411.15,TRY,refund
535,74,70,2026-04-27,1287.59,TRY,refund
536,837,49,2025-01-13,871.29,TRY,transfer
537,255,50,2026-03-30,1745.19,TRY,purchase
538,204,59,2025-04-07,3657.55,TRY,purchase
539,485,50,2025-11-16,6554.78,TRY,purchase
540,645,94,2025-02-13,5218.18,TRY,transfer
541,534,16,2025-09-17,3378.98,TRY,refund
542,204,47,2025-02-23,6048.33,TRY,purchase
543,997,15,2025-08-30,4437.7,TRY,refund
544,16,22,2025-10-10,4101.18,TRY,refund
545,809,32,2025-01-10,6782.47,TRY,transfer
546,803,89,2026-05-02,4825.08,TRY,purchase
547,381,99,2025-04-02,1756.08,TRY,refund
548,94,88,2025-12-13,6517.32,TRY,transfer
549,62,8,2025-12-31,4519.13,TRY,transfer
550,550,14,2025-05-09,3425.14,TRY,refund
551,572,83,2025-12-22,5642.57,TRY,refund
552,751,25,2025-01-22,4830.96,TRY,refund
553,742,18,2025-09-14,6292.67,TRY,refund
554,724,57,2026-07-27,2077.11,TRY,transfer
555,502,25,2026-08-04,1322.65,TRY,refund
556,332,94,2026-04-25,1941.76,TRY,transfer
557,937,71,2025-06-14,500.76,TRY,purchase
558,461,38,2025-09-27,3800.41,TRY,refund
559,1,100,2026-06-03,2665.72,TRY,purchase
560,905,3,2026-01-08,5436.6,TRY,purchase
561,329,93,2025-03-06,4614.86,TRY,transfer
562,839,50,2025-07-14,3678.01,TRY,refund
563,785,71,2025-06-07,4299.01,TRY,refund
564,420,83,2025-11-26,791.04,TRY,transfer
565,675,9,2025-02-14,5849.65,TRY,purchase
566,183,5,2025-07-26,767.25,TRY,purchase
567,102,5,2026-08-08,4499.43,TRY,refund
568,674,63,2026-06-23,4375.31,TRY,transfer
569,263,7,2026-01-11,1560.65,TRY,transfer
570,73,2,2025-08-02,4597.13,TRY,purchase
571,480,82,2025-03-04,2539.26,TRY,transfer
572,961,54,2026-01-13,5563.86,TRY,purchase
573,844,79,2025-09-30,3712.57,TRY,transfer
574,73,39,2025-03-21,6613.33,TRY,transfer
575,100,13,2025-08-25,3730.99,TRY,purchase
576,198,68,2025-09-12,3998.79,TRY,purchase
577,572,96,2026-07-26,2917.99,TRY,purchase
578,785,82,2026-08-14,2518.58,TRY,refund
579,720,86,2026-03-14,6182.11,TRY,purchase
580,812,24,2026-07-18,2822.87,TRY,refund
581,674,21,2026-07-01,6989.07,TRY,refund
582,956,46,2025-11-19,3859.57,TRY,refund
583,866,48,2026-02-27,5354.01,TRY,refund
584,846,93,2025-11-28,4266.73,TRY,transfer
585,559,28,2026-01-20,5364.64,TRY,transfer
586,261,47,2026-04-09,3143.55,TRY,refund
587,1,93,2025-02-05,6881.04,TRY,transfer
588,17,67,2025-05-19,6954.02,TRY,refund
589,7,39,2025-08-16,1519.46,TRY,refund
590,23,99,2025-10-10,6435.4,TRY,transfer
591,570,74,2026-08-09,1099.91,TRY,purchase
592,472,46,2025-06-09,986.09,TRY,refund
593,911,75,2025-09-13,1646.3,TRY,refund
594,95,74,2026-02-14,3992.07,TRY,purchase
595,752,10,2025-11-29,5554.47,TRY,purchase
596,500,89,2026-08-14,5740.22,TRY,purchase
597,610,83,2025-11-04,280.85,TRY,transfer
598,391,11,2025-02-27,6454.66,TRY,refund
599,357,56,2026-03-03,6513.12,TRY,purchase
600,891,99,2025-08-21,5238.8,TRY,transfer
601,951,2,2026-01-27,397.81,TRY,transfer
602,43,41,2026-07-07,3963.09,TRY,refund
603,515,90,2025-08-15,1089.32,TRY,transfer
604,750,51,2026-04-02,5274.82,TRY,transfer
605,517,12,2025-08-16,3034.91,TRY,refund
606,152,17,2025-12-11,596.16,TRY,transfer
607,764,7,2026-07-16,2806.36,TRY,purchase
608,409,65,2026-03-21,5421.3,TRY,purchase
609,781,18,2026-05-08,3923.89,TRY,refund
610,405,84,2026-08-09,1388.77,TRY,transfer
611,754,68,2025-09-10,1711.36,TRY,refund
612,796,56,2025-11-28,4799.47,TRY,transfer
613,92,15,2026-02-28,2976.31,TRY,refund
614,196,42,2025-12-19,4165.26,TRY,purchase
615,789,40,2025-06-23,6913.81,TRY,transfer
616,842,57,2025-05-30,3094.43,TRY,purchase
617,205,88,2026-01-18,1108.82,TRY,transfer
618,874,11,2025-04-26,5182.28,TRY,purchase
619,972,80,2025-06-01,6083.89,TRY,refund
620,15,44,2025-04-24,2149.72,TRY,refund
621,24,43,2025-08-03,5185.29,TRY,purchase
622,209,70,2026-06-20,5257.48,TRY,transfer
623,495,80,2025-05-25,4871.6,TRY,transfer
624,19,49,2026-08-20,6344.16,TRY,transfer
625,45,33,2025-06-24,439.57,TRY,purchase
626,809,90,2025-10-05,390.54,TRY,transfer
627,968,2,2025-03-10,2732.74,TRY,refund
628,679,85,2026-01-04,6052.69,TRY,purchase
629,300,84,2026-01-31,1633.56,TRY,refund
630,521,91,2025-04-12,6329.03,TRY,refund
631,888,77,2026-06-29,634.38,TRY,purchase
632,513,59,2026-07-29,6485.92,TRY,purchase
633,41,32,2026-06-27,2148.39,TRY,refund
634,403,96,2025-06-10,148.24,TRY,transfer
635,361,46,2025-11-06,1668.71,TRY,transfer
636,283,8,2025-09-21,6153.17,TRY,purchase
637,967,72,2025-10-14,1594.57,TRY,refund
638,919,51,2025-05-21,632.81,TRY,refund
639,534,87,2025-08-21,2932.99,TRY,transfer
640,157,55,2025-11-16,6369.95,TRY,refund
641,460,70,2025-05-15,1463.17,TRY,purchase
642,595,70,2025-07-27,6040.86,TRY,refund
643,706,91,2026-06-21,6368.75,TRY,refund
644,931,99,2025-05-29,4600.5,TRY,transfer
645,940,21,2025-11-22,493.34,TRY,transfer
646,972,93,2025-05-02,1305.26,TRY,purchase
647,745,4,2025-11-23,6163.32,TRY,refund
648,985,53,2025-11-07,3112.17,TRY,transfer
649,956,95,2025-10-08,1080.66,TRY,purchase
650,110,17,2025-07-09,202.86,TRY,transfer
651,632,35,2026-08-04,4294.29,TRY,transfer
652,238,30,2025-01-27,2527.64,TRY,transfer
653,799,62,2025-05-18,3526.23,TRY,transfer
654,481,92,2026-01-18,1304.16,TRY,refund
655,504,61,2025-05-21,1163.23,TRY,purchase
656,34,53,2025-01-16,6479.54,TRY,refund
657,228,96,2025-07-27,5309.28,TRY,purchase
658,182,57,2026-05-17,4821.28,TRY,refund
659,909,32,2026-03-14,2845.97,TRY,purchase
660,623,95,2026-01-25,5047.0,TRY,refund
661,627,96,2026-08-09,4164.76,TRY,transfer
662,657,91,2025-02-09,3654.13,TRY,refund
663,468,6,2025-09-09,3640.54,TRY,refund
664,753,6,2026-07-26,2724.04,TRY,transfer
665,986,7,2025-07-14,2052.43,TRY,refund
666,906,39,2025-10-20,3240.2,TRY,refund
667,302,79,2025-02-25,4835.87,TRY,purchase
668,475,83,2026-04-08,651.28,TRY,transfer
669,116,24,2026-08-23,6566.14,TRY,transfer
670,560,18,2026-02-07,2906.64,TRY,refund
671,26,23,2026-04-10,4140.4,TRY,transfer
672,918,26,2026-04-11,649.45,TRY,refund
673,709,84,2025-06-17,5034.26,TRY,purchase
674,94,15,2026-04-06,4445.83,TRY,purchase
675,537,91,2026-01-29,5093.58,TRY,transfer
676,627,21,2026-01-23,3861.41,TRY,purchase
677,787,22,2025-12-10,3967.13,TRY,transfer
678,884,20,2025-06-16,6084.35,TRY,purchase
679,788,92,2025-02-22,2948.68,TRY,refund
680,748,99,2026-04-02,2035.69,TRY,purchase
681,121,17,2025-07-27,44.66,TRY,refund
682,13,59,2026-05-25,5990.77,TRY,transfer
683,827,1,2026-05-21,1680.39,TRY,transfer
684,676,61,2026-04-10,2882.86,TRY,purchase
685,616,77,2025-01-07,1728.1,TRY,transfer
686,285,80,2026-07-25,5744.45,TRY,purchase
687,51,24,2025-06-01,404.35,TRY,refund
688,38,19,2025-02-03,4675.64,TRY,transfer
689,306,43,2025-03-31,362.24,TRY,refund
690,183,21,2025-10-19,4285.41,TRY,transfer
691,717,77,2026-08-10,5515.41,TRY,purchase
692,990,59,2026-08-16,2534.12,TRY,purchase
693,96,99,2025-11-03,2273.3,TRY,refund
694,840,9,2026-03-14,5906.3,TRY,purchase
695,300,61,2025-05-18,871.72,TRY,refund
696,338,68,2026-02-28,3682.03,TRY,transfer
697,215,79,2025-03-01,782.93,TRY,transfer
698,645,68,2025-03-31,3395.97,TRY,transfer
699,620,91,2025-10-22,3000.83,TRY,refund
700,266,68,2026-08-12,6965.27,TRY,refund
701,950,17,2026-07-31,3484.85,TRY,transfer
702,648,64,2026-05-20,5659.7,TRY,transfer
703,239,91,2025-10-25,6855.22,TRY,purchase
704,122,4,2026-04-22,4385.72,TRY,purchase
705,756,27,2026-03-01,2910.01,TRY,refund
706,359,72,2025-08-06,98.85,TRY,purchase
707,707,37,2025-09-18,5535.56,TRY,refund
708,308,65,2026-07-18,2280.99,TRY,purchase
709,117,88,2025-12-08,2402.7,TRY,transfer
710,583,79,2025-01-30,5827.66,TRY,purchase
711,339,44,2026-05-06,6414.82,TRY,purchase
712,662,18,2026-05-09,1104.6,TRY,refund
713,914,69,2025-12-10,3248.04,TRY,refund
714,951,96,2025-02-27,5849.04,TRY,refund
715,579,93,2025-11-20,3895.14,TRY,purchase
716,214,74,2025-12-06,5600.76,TRY,refund
717,68,20,2025-10-15,5888.36,TRY,refund
718,385,81,2026-07-02,5899.99,TRY,transfer
719,621,50,2025-07-11,4174.44,TRY,refund
720,723,41,2025-02-02,1915.05,TRY,purchase
721,509,31,2026-01-16,3174.31,TRY,refund
722,222,68,2025-11-06,1241.59,TRY,refund
723,804,5,2025-07-26,6395.21,TRY,refund
724,519,4,2026-05-10,6336.59,TRY,purchase
725,195,44,2026-05-11,5132.44,TRY,transfer
726,318,100,2025-12-02,1020.2,TRY,purchase
727,842,67,2025-05-16,1452.21,TRY,purchase
728,471,50,2026-06-19,828.54,TRY,refund
729,955,6,2026-09-01,6105.69,TRY,refund
730,479,6,2025-04-16,3653.63,TRY,transfer
731,764,40,2025-01-24,4051.37,TRY,refund
732,655,27,2025-11-25,1419.88,TRY,refund
733,284,69,2025-11-23,5414.05,TRY,transfer
734,121,35,2025-06-02,1119.32,TRY,purchase
735,16,80,2026-07-28,3608.14,TRY,purchase
736,556,45,2026-07-17,2243.02,TRY,purchase
737,966,91,2025-10-18,4027.1,TRY,purchase
738,73,40,2025-12-13,3793.23,TRY,purchase
739,134,4,2026-04-28,6324.98,TRY,purchase
740,109,50,2025-02-25,621.11,TRY,refund
741,184,91,2026-08-30,4413.71,TRY,transfer
742,717,58,2025-12-31,2200.84,TRY,purchase
743,731,98,2026-07-01,568.25,TRY,refund
744,582,17,2025-04-06,5693.7,TRY,transfer
745,480,13,2026-04-12,2186.53,TRY,transfer
746,728,99,2026-04-22,3304.41,TRY,purchase
747,148,79,2025-09-22,6391.77,TRY,refund
748,188,90,2025-12-05,5525.68,TRY,refund
749,465,63,2025-01-31,476.25,TRY,purchase
750,360,62,2026-04-18,5923.45,TRY,refund
751,787,45,2026-08-12,909.21,TRY,purchase
752,416,92,2025-04-20,2294.57,TRY,transfer
753,73,39,2026-06-30,3237.6,TRY,transfer
754,424,31,2025-09-07,3844.68,TRY,refund
755,394,9,2025-12-15,1473.5,TRY,transfer
756,606,56,2026-03-22,3979.13,TRY,refund
757,558,89,2025-08-30,1228.14,TRY,transfer
758,80,95,2026-08-11,5860.5,TRY,purchase
759,607,77,2026-04-20,2291.14,TRY,purchase
760,842,57,2025-06-30,2170.09,TRY,refund
761,72,77,2025-04-22,4804.85,TRY,transfer
762,790,49,2025-12-02,3470.18,TRY,transfer
763,63,12,2025-08-11,5722.89,TRY,transfer
764,925,97,2025-01-01,5304.4,TRY,transfer
765,153,58,2026-06-29,2054.69,TRY,transfer
766,592,58,2025-07-20,1455.52,TRY,refund
767,307,73,2025-11-08,6431.14,TRY,refund
768,736,45,2025-04-02,4087.43,TRY,transfer
769,523,52,2025-05-11,5970.49,TRY,purchase
770,379,71,2025-02-24,25.89,TRY,transfer
771,841,46,2025-04-23,6031.51,TRY,purchase
772,241,56,2026-08-28,2771.99,TRY,refund
773,729,49,2026-02-20,2683.32,TRY,transfer
774,217,85,2025-06-27,3334.6,TRY,purchase
775,569,50,2026-01-04,5882.94,TRY,purchase
776,296,86,2025-05-09,957.26,TRY,purchase
777,664,3,2025-05-28,5054.95,TRY,refund
778,674,56,2025-05-20,610.95,TRY,transfer
779,826,54,2026-04-12,6257.21,TRY,transfer
780,619,55,2025-07-04,3191.67,TRY,refund
781,566,58,2026-01-29,2500.04,TRY,purchase
782,435,78,2025-01-08,4054.01,TRY,transfer
783,243,92,2026-05-29,1899.37,TRY,transfer
784,591,47,2025-02-04,6848.07,TRY,transfer
785,495,91,2026-01-13,809.89,TRY,refund
786,985,89,2025-03-23,1011.77,TRY,transfer
787,540,97,2025-10-14,3265.26,TRY,purchase
788,536,79,2025-04-01,1731.71,TRY,transfer
789,760,85,2025-03-21,4794.84,TRY,transfer
790,818,75,2025-11-16,4299.01,TRY,refund
791,548,100,2025-01-12,3292.7,TRY,transfer
792,928,61,2026-08-11,5142.03,TRY,refund
793,362,38,2025-10-24,1189.21,TRY,transfer
794,946,77,2025-11-08,5094.26,TRY,transfer
795,267,8,2026-04-30,4055.42,TRY,transfer
796,53,85,2025-10-26,5666.09,TRY,transfer
797,28,37,2026-05-12,595.92,TRY,transfer
798,79,36,2025-09-16,945.12,TRY,refund
799,282,33,2025-01-15,5195.18,TRY,transfer
800,179,76,2025-06-04,4620.91,TRY,refund
801,828,23,2025-09-25,5482.04,TRY,purchase
802,497,24,2026-06-25,6036.86,TRY,refund
803,87,19,2025-06-07,5866.55,TRY,refund
804,789,50,2025-09-01,4631.46,TRY,transfer
805,653,22,2025-08-04,4052.75,TRY,refund
806,56,83,2025-09-28,5293.28,TRY,purchase
807,54,22,2026-04-21,2803.24,TRY,refund
808,488,96,2026-06-30,1650.96,TRY,transfer
809,723,50,2026-05-01,1853.12,TRY,transfer
810,892,56,2025-01-13,2035.77,TRY,refund
811,392,87,2025-11-20,6733.1,TRY,transfer
812,979,6,2025-04-10,6425.63,TRY,transfer
813,363,56,2025-10-07,2358.07,TRY,refund
814,822,13,2025-09-19,4587.32,TRY,refund
815,473,99,2025-09-05,5145.51,TRY,transfer
816,789,25,2026-06-17,2375.1,TRY,transfer
817,185,41,2026-07-15,93.83,TRY,purchase
818,852,9,2025-01-13,2890.52,TRY,transfer
819,107,88,2026-04-02,2473.58,TRY,transfer
820,291,33,2025-07-17,257.61,TRY,transfer
821,95,8,2026-09-01,4603.11,TRY,purchase
822,974,77,2025-05-05,4962.36,TRY,purchase
823,89,78,2025-05-14,2644.19,TRY,transfer
824,580,24,2025-04-24,4875.66,TRY,refund
825,302,60,2025-03-19,4478.69,TRY,refund
826,788,55,2025-11-28,1816.21,TRY,purchase
827,284,100,2025-03-05,2691.94,TRY,refund
828,62,34,2025-09-29,1261.95,TRY,purchase
829,504,26,2026-02-07,1265.53,TRY,refund
830,112,19,2026-07-08,5385.58,TRY,purchase
831,629,83,2025-04-19,6390.01,TRY,transfer
832,266,14,2025-02-05,528.98,TRY,transfer
833,746,33,2026-04-02,150.98,TRY,refund
834,153,84,2025-01-01,6531.6,TRY,transfer
835,400,35,2025-06-05,4906.39,TRY,refund
836,589,1,2026-06-12,4959.09,TRY,refund
837,490,56,2026-02-18,5911.46,TRY,purchase
838,554,29,2025-01-04,2703.28,TRY,transfer
839,838,100,2026-05-09,866.0,TRY,transfer
840,958,46,2025-12-08,4779.21,TRY,refund
841,57,81,2025-04-03,2570.18,TRY,refund
842,83,59,2025-10-24,4541.59,TRY,purchase
843,568,6,2026-01-29,4631.92,TRY,refund
844,713,50,2025-04-20,4421.71,TRY,refund
845,499,11,2026-03-25,5152.56,TRY,purchase
846,37,25,2025-01-26,5043.78,TRY,transfer
847,245,63,2026-02-03,459.69,TRY,transfer
848,659,40,2026-05-27,3746.9,TRY,refund
849,990,3,2025-02-07,2388.21,TRY,refund
850,807,93,2025-02-13,2850.44,TRY,purchase
851,827,84,2026-06-20,3219.43,TRY,transfer
852,892,69,2025-06-02,5192.54,TRY,purchase
853,948,10,2025-02-07,5153.51,TRY,refund
854,670,3,2026-04-28,6352.11,TRY,transfer
855,47,32,2025-05-14,120.27,TRY,transfer
856,52,40,2025-04-10,3204.17,TRY,purchase
857,856,76,2025-03-07,5728.25,TRY,purchase
858,117,64,2025-08-14,460.51,TRY,purchase
859,437,44,2026-02-16,2283.16,TRY,transfer
860,590,70,2025-05-21,2264.7,TRY,purchase
861,783,6,2026-08-31,1230.66,TRY,purchase
862,124,36,2025-05-25,5307.7,TRY,purchase
863,714,48,2026-07-21,1171.74,TRY,purchase
864,948,75,2025-02-11,950.93,TRY,transfer
865,628,49,2025-06-11,129.1,TRY,refund
866,83,1,2025-01-08,1272.3,TRY,purchase
867,724,84,2026-08-31,6210.67,TRY,refund
868,711,99,2026-05-03,4852.66,TRY,purchase
869,147,82,2025-10-05,3671.15,TRY,refund
870,245,23,2025-02-08,4181.98,TRY,transfer
871,512,79,2025-04-01,4397.8,TRY,refund
872,357,54,2025-01-05,3912.82,TRY,purchase
873,121,68,2025-04-08,4340.07,TRY,transfer
874,520,29,2026-04-21,5396.91,TRY,transfer
875,214,36,2025-02-24,1372.16,TRY,purchase
876,702,61,2026-05-25,1250.74,TRY,transfer
877,945,6,2025-02-25,4521.13,TRY,refund
878,215,56,2025-09-15,2353.38,TRY,refund
879,45,14,2025-02-23,6475.53,TRY,purchase
880,162,4,2026-05-12,3614.03,TRY,purchase
881,917,31,2026-04-01,4157.09,TRY,refund
882,430,26,2025-11-30,1625.84,TRY,purchase
883,334,30,2025-04-11,1675.09,TRY,refund
884,891,26,2026-01-20,6241.73,TRY,purchase
885,483,75,2026-05-12,399.29,TRY,refund
886,149,28,2026-04-11,1262.86,TRY,refund
887,140,59,2025-07-18,4431.51,TRY,refund
888,208,43,2025-05-11,244.02,TRY,transfer
889,62,36,2025-05-20,795.54,TRY,refund
890,470,54,2025-06-25,5327.17,TRY,purchase
891,908,38,2025-06-10,5531.04,TRY,transfer
892,976,79,2025-06-24,4055.29,TRY,transfer
893,876,30,2025-03-30,2893.64,TRY,transfer
894,501,28,2026-08-29,3324.95,TRY,refund
895,286,2,2026-03-15,5158.53,TRY,purchase
896,254,42,2026-03-21,4064.68,TRY,transfer
897,969,20,2026-08-11,6289.8,TRY,refund
898,46,6,2026-04-27,5139.66,TRY,transfer
899,35,55,2026-06-28,2772.35,TRY,transfer
900,842,13,2026-04-09,3477.09,TRY,purchase
901,572,97,2025-01-13,4858.26,TRY,refund
902,973,28,2025-05-16,2521.67,TRY,purchase
903,664,12,2025-01-17,3368.89,TRY,refund
904,166,91,2026-04-16,6008.3,TRY,transfer
905,598,4,2026-04-11,3257.05,TRY,purchase
906,896,91,2026-02-20,1310.92,TRY,refund
907,642,60,2025-01-02,6025.47,TRY,purchase
908,395,89,2025-12-07,3725.82,TRY,refund
909,437,97,2025-10-04,4892.42,TRY,transfer
910,556,74,2025-08-01,5518.09,TRY,purchase
911,636,43,2025-02-26,3612.86,TRY,transfer
912,373,7,2025-04-24,2693.03,TRY,refund
913,634,6,2026-01-10,2577.7,TRY,transfer
914,573,91,2025-03-10,3934.09,TRY,purchase
915,142,43,2025-09-02,3786.64,TRY,transfer
916,490,95,2026-08-18,6100.5,TRY,transfer
917,215,97,2025-08-19,2256.84,TRY,refund
918,516,88,2026-03-10,1954.47,TRY,purchase
919,382,45,2026-04-09,3413.86,TRY,transfer
920,850,16,2026-04-27,4974.58,TRY,transfer
921,846,69,2025-10-27,3174.81,TRY,refund
922,820,87,2025-03-09,1334.71,TRY,refund
923,90,11,2026-02-05,6287.66,TRY,refund
924,982,10,2025-04-22,1170.07,TRY,purchase
925,714,19,2026-05-24,1070.48,TRY,purchase
926,534,81,2025-01-24,2066.32,TRY,transfer
927,555,17,2026-05-01,2439.97,TRY,refund
928,756,83,2025-01-22,2054.79,TRY,purchase
929,23,30,2026-06-17,4519.81,TRY,refund
930,593,44,2025-12-01,3413.32,TRY,transfer
931,714,68,2026-07-16,3127.89,TRY,refund
932,581,17,2025-11-10,1218.73,TRY,refund
933,233,62,2026-01-16,6795.65,TRY,purchase
934,152,46,2025-10-19,3202.37,TRY,purchase
935,634,21,2026-07-03,2011.02,TRY,purchase
936,860,91,2025-06-07,1145.56,TRY,purchase
937,43,41,2026-08-12,902.79,TRY,refund
938,379,24,2025-07-30,3946.16,TRY,purchase
939,682,41,2025-12-19,1052.65,TRY,refund
940,553,21,2026-07-01,2124.89,TRY,purchase
941,415,64,2025-05-29,6635.57,TRY,refund
942,160,1,2026-07-14,6829.7,TRY,refund
943,663,91,2025-10-30,3327.9,TRY,refund
944,993,97,2026-08-11,4674.88,TRY,transfer
945,747,57,2025-12-13,4830.25,TRY,transfer
946,491,6,2025-05-23,4752.5,TRY,purchase
947,316,4,2026-02-16,4330.3,TRY,purchase
948,457,46,2025-04-05,2298.04,TRY,transfer
949,657,25,2026-08-21,3694.51,TRY,refund
950,201,3,2025-03-27,3778.12,TRY,refund
951,694,86,2025-03-31,6831.36,TRY,refund
952,200,63,2025-11-22,4230.14,TRY,transfer
953,967,8,2026-01-05,2794.95,TRY,transfer
954,875,55,2026-01-14,2715.07,TRY,purchase
955,292,45,2025-12-26,2170.44,TRY,refund
956,896,72,2025-03-31,1525.55,TRY,refund
957,760,54,2026-03-30,2034.67,TRY,transfer
958,994,55,2026-03-01,994.18,TRY,transfer
959,613,12,2025-05-28,1470.33,TRY,refund
960,889,68,2025-12-10,481.49,TRY,transfer
961,775,49,2025-04-01,66.2,TRY,transfer
962,937,35,2026-03-01,1240.75,TRY,refund
963,728,73,2025-05-21,1410.82,TRY,refund
964,297,71,2026-05-18,314.79,TRY,refund
965,855,75,2025-11-08,3468.82,TRY,transfer
966,475,29,2025-01-28,5542.71,TRY,purchase
967,269,39,2026-04-29,886.75,TRY,transfer
968,915,37,2026-03-04,1272.02,TRY,transfer
969,661,32,2025-01-30,853.1,TRY,refund
970,505,9,2026-01-06,4075.84,TRY,transfer
971,447,34,2026-05-03,6820.33,TRY,purchase
972,383,66,2026-08-13,142.46,TRY,refund
973,167,75,2025-03-01,1040.04,TRY,refund
974,900,89,2025-05-19,2514.55,TRY,purchase
975,280,47,2026-03-06,4461.01,TRY,refund
976,50,38,2025-10-26,3716.69,TRY,purchase
977,527,25,2025-07-07,5357.53,TRY,transfer
978,771,22,2026-07-11,2271.8,TRY,refund
979,847,88,2025-11-05,1914.78,TRY,transfer
980,705,47,2025-04-09,3750.25,TRY,refund
981,844,19,2025-01-14,975.91,TRY,refund
982,382,100,2026-05-12,2895.72,TRY,purchase
983,105,28,2025-06-08,3533.61,TRY,purchase
984,815,72,2026-06-23,5925.57,TRY,transfer
985,565,90,2025-04-27,2933.08,TRY,purchase
986,120,17,2025-01-18,3367.04,TRY,refund
987,708,47,2025-05-23,5722.93,TRY,transfer
988,536,98,2025-12-17,1222.01,TRY,refund
989,30,96,2025-05-02,1572.06,TRY,transfer
990,146,89,2025-08-21,2165.85,TRY,purchase
991,134,11,2026-03-12,4841.91,TRY,purchase
992,80,3,2026-05-11,5306.19,TRY,purchase
993,202,14,2025-02-03,5555.53,TRY,transfer
994,608,8,2026-04-26,850.08,TRY,refund
995,45,9,2025-11-05,4679.75,TRY,purchase
996,802,16,2025-07-30,4121.47,TRY,purchase
997,190,86,2025-12-26,224.23,TRY,purchase
998,867,96,2025-10-12,6642.57,TRY,refund
999,361,21,2026-05-28,5470.0,TRY,transfer
1000,248,65,2026-08-07,496.99,TRY,transfer
1001,782,2,2026-06-26,1534.65,TRY,purchase
1002,988,37,2025-06-25,6313.59,TRY,transfer
1003,5,93,2025-04-12,6471.14,TRY,transfer
1004,872,91,2026-05-02,2577.91,TRY,transfer
1005,190,57,2025-04-20,1282.32,TRY,refund
1006,389,55,2025-08-08,3609.47,TRY,refund
1007,116,98,2025-11-18,882.84,TRY,purchase
1008,533,18,2026-05-23,5340.67,TRY,transfer
1009,296,72,2025-02-11,594.09,TRY,refund
1010,119,50,2025-10-18,3209.48,TRY,transfer
1011,320,88,2026-03-31,1596.6,TRY,refund
1012,298,55,2025-07-13,6000.28,TRY,refund
1013,962,87,2026-01-12,1271.5,TRY,transfer
1014,504,87,2025-04-18,2786.66,TRY,transfer
1015,675,87,2025-03-29,852.14,TRY,refund
1016,411,89,2026-08-28,6843.44,TRY,transfer
1017,948,22,2025-03-08,2558.7,TRY,purchase
1018,347,26,2026-02-18,876.88,TRY,refund
1019,743,64,2025-10-13,5358.42,TRY,transfer
1020,608,35,2026-02-14,2505.56,TRY,transfer
1021,618,52,2026-05-12,3589.67,TRY,purchase
1022,787,59,2025-04-21,872.89,TRY,refund
1023,510,30,2025-05-18,227.47,TRY,transfer
1024,55,9,2026-05-26,4753.19,TRY,purchase
1025,392,78,2025-12-01,1086.1,TRY,transfer
1026,639,13,2025-03-20,4634.34,TRY,transfer
1027,786,64,2026-04-23,1429.48,TRY,transfer
1028,510,63,2026-06-01,1846.42,TRY,refund
1029,829,70,2026-07-14,143.34,TRY,purchase
1030,441,16,2026-01-28,3161.81,TRY,refund
1031,454,59,2025-02-06,249.36,TRY,transfer
1032,676,100,2025-11-07,6195.21,TRY,purchase
1033,504,56,2025-05-18,2200.97,TRY,refund
1034,500,98,2025-04-23,3990.61,TRY,refund
1035,676,71,2026-07-07,4014.03,TRY,refund
1036,576,21,2026-06-03,409.05,TRY,refund
1037,507,76,2026-01-22,4326.24,TRY,refund
1038,785,37,2025-11-25,448.74,TRY,transfer
1039,47,17,2026-01-11,2455.16,TRY,transfer
1040,598,4,2025-12-16,2676.4,TRY,refund
1041,354,46,2026-02-26,2471.86,TRY,transfer
1042,251,32,2025-08-29,4543.62,TRY,transfer
1043,87,89,2025-03-09,6085.2,TRY,purchase
1044,346,22,2025-01-21,3778.15,TRY,purchase
1045,472,85,2026-03-09,3984.98,TRY,refund
1046,274,3,2026-04-26,4124.16,TRY,refund
1047,387,74,2026-02-04,2270.5,TRY,purchase
1048,828,63,2025-04-13,4842.23,TRY,purchase
1049,345,64,2026-05-30,5683.97,TRY,transfer
1050,348,22,2025-11-03,2556.07,TRY,refund
1051,207,64,2025-03-19,5885.86,TRY,transfer
1052,220,37,2025-09-29,351.77,TRY,transfer
1053,412,29,2025-04-05,5029.59,TRY,transfer
1054,98,76,2025-12-11,1928.09,TRY,transfer
1055,821,68,2026-05-02,3001.2,TRY,refund
1056,815,10,2025-11-06,3542.38,TRY,refund
1057,444,85,2026-07-07,2207.2,TRY,refund
1058,412,33,2026-06-12,3183.54,TRY,transfer
1059,185,3,2026-06-13,6041.71,TRY,transfer
1060,512,28,2026-04-24,1890.19,TRY,transfer
1061,546,79,2026-03-21,6543.76,TRY,transfer
1062,642,8,2026-06-19,1420.52,TRY,refund
1063,152,31,2025-06-04,5230.11,TRY,refund
1064,865,56,2026-02-25,2244.2,TRY,purchase
1065,650,27,2026-02-27,1883.2,TRY,refund
1066,662,21,2025-09-20,4814.25,TRY,purchase
1067,416,31,2025-04-27,1066.74,TRY,purchase
1068,252,40,2026-04-21,3407.97,TRY,refund
1069,433,83,2025-02-07,1429.89,TRY,refund
1070,140,4,2025-09-22,5531.9,TRY,refund
1071,675,71,2025-06-30,4517.17,TRY,purchase
1072,987,93,2026-05-13,5479.99,TRY,purchase
1073,881,11,2025-11-18,4219.17,TRY,purchase
1074,923,53,2026-01-08,4708.27,TRY,purchase
1075,407,93,2025-05-24,1667.57,TRY,transfer
1076,753,65,2025-05-04,3663.26,TRY,transfer
1077,973,100,2026-06-22,1777.62,TRY,purchase
1078,244,77,2025-05-06,5416.87,TRY,refund
1079,338,75,2026-02-04,5644.77,TRY,transfer
1080,242,55,2025-08-12,1027.06,TRY,purchase
1081,220,36,2026-03-27,2870.46,TRY,transfer
1082,58,63,2026-07-01,2635.44,TRY,purchase
1083,325,70,2026-03-10,3334.48,TRY,purchase
1084,987,36,2025-05-29,2553.73,TRY,transfer
1085,377,40,2025-01-22,4524.88,TRY,transfer
1086,36,95,2025-02-25,4840.96,TRY,transfer
1087,246,33,2026-07-20,2705.14,TRY,transfer
1088,982,90,2026-01-07,6324.04,TRY,transfer
1089,125,69,2025-08-31,6006.38,TRY,refund
1090,9,51,2025-09-19,2120.2,TRY,purchase
1091,305,27,2025-06-14,6412.92,TRY,transfer
1092,325,99,2026-02-21,5529.44,TRY,refund
1093,888,11,2026-05-19,3308.22,TRY,refund
1094,949,43,2026-03-09,6139.79,TRY,purchase
1095,845,21,2025-09-25,3554.21,TRY,refund
1096,431,78,2026-07-15,5169.74,TRY,refund
1097,712,4,2025-02-23,4496.78,TRY,purchase
1098,646,57,2025-05-20,41.47,TRY,purchase
1099,644,40,2025-11-18,4039.15,TRY,purchase
1100,162,32,2026-06-13,5000.68,TRY,transfer
1101,782,17,2026-09-01,4806.56,TRY,refund
1102,463,62,2025-05-17,1839.55,TRY,transfer
1103,608,42,2025-10-16,1406.67,TRY,refund
1104,377,24,2026-02-07,6137.2,TRY,transfer
1105,230,3,2025-01-24,6463.32,TRY,transfer
1106,627,81,2025-08-23,6349.78,TRY,refund
1107,204,34,2025-06-22,367.49,TRY,transfer
1108,440,77,2025-09-24,1061.77,TRY,refund
1109,175,73,2025-05-01,118.52,TRY,transfer
1110,446,99,2026-04-10,5794.26,TRY,refund
1111,122,29,2025-07-28,1350.0,TRY,refund
1112,295,96,2026-05-22,2686.87,TRY,refund
1113,877,27,2025-08-09,6966.55,TRY,refund
1114,745,87,2025-07-13,2939.95,TRY,refund
1115,812,19,2025-01-30,2045.55,TRY,refund
1116,242,80,2026-04-07,6353.15,TRY,refund
1117,597,88,2026-04-15,618.46,TRY,refund
1118,137,42,2026-02-12,4814.23,TRY,transfer
1119,393,91,2026-03-10,5158.01,TRY,refund
1120,75,13,2026-07-25,430.09,TRY,refund
1121,954,31,2026-04-28,6359.42,TRY,transfer
1122,962,86,2025-02-16,57.42,TRY,transfer
1123,635,49,2025-11-06,6843.12,TRY,transfer
1124,380,17,2026-07-27,307.05,TRY,purchase
1125,267,22,2026-05-31,3460.02,TRY,refund
1126,899,60,2025-05-16,645.74,TRY,transfer
1127,544,56,2025-05-26,1837.63,TRY,refund
1128,46,17,2026-05-27,6104.32,TRY,refund
1129,766,47,2026-03-17,1994.82,TRY,refund
1130,628,98,2025-09-28,3628.47,TRY,refund
1131,915,22,2025-11-20,5163.35,TRY,refund
1132,783,20,2026-07-24,5974.17,TRY,transfer
1133,652,57,2025-02-24,1338.66,TRY,purchase
1134,236,24,2025-02-06,3302.33,TRY,purchase
1135,723,60,2026-03-23,829.85,TRY,refund
1136,42,57,2026-01-01,6921.95,TRY,transfer
1137,497,59,2026-05-20,805.19,TRY,transfer
1138,888,19,2025-05-07,2460.24,TRY,purchase
1139,890,37,2025-07-04,5847.98,TRY,transfer
1140,521,35,2026-07-31,6238.44,TRY,transfer
1141,218,75,2025-01-05,3691.59,TRY,transfer
1142,185,54,2025-03-20,1738.18,TRY,refund
1143,694,13,2025-12-03,201.22,TRY,transfer
1144,697,16,2026-02-08,2627.44,TRY,purchase
1145,858,42,2025-06-07,221.54,TRY,refund
1146,851,91,2026-05-07,3189.31,TRY,refund
1147,609,85,2025-01-06,2319.4,TRY,purchase
1148,672,80,2026-04-09,2287.91,TRY,transfer
1149,752,73,2025-05-13,1495.34,TRY,purchase
1150,821,83,2025-10-17,2275.73,TRY,purchase
1151,762,10,2026-07-15,6664.26,TRY,refund
1152,95,52,2025-09-19,1262.52,TRY,refund
1153,92,3,2025-08-02,1157.33,TRY,refund
1154,292,83,2025-06-07,861.8,TRY,refund
1155,821,56,2025-11-14,6328.07,TRY,transfer
1156,135,46,2025-04-09,5827.73,TRY,transfer
1157,205,63,2026-04-02,6200.18,TRY,refund
1158,275,73,2026-03-10,649.75,TRY,refund
1159,831,48,2025-07-10,3050.06,TRY,refund
1160,96,6,2026-06-10,2405.38,TRY,refund
1161,693,29,2025-06-08,6516.06,TRY,transfer
1162,645,83,2026-06-22,606.11,TRY,refund
1163,448,11,2026-05-05,2116.74,TRY,purchase
1164,701,39,2025-09-12,3671.18,TRY,refund
1165,583,7,2026-07-19,554.2,TRY,purchase
1166,526,14,2026-06-07,2985.9,TRY,purchase
1167,476,85,2026-08-06,5693.52,TRY,refund
1168,261,75,2025-03-25,5385.15,TRY,purchase
1169,117,95,2026-04-19,1273.27,TRY,purchase
1170,864,51,2025-02-16,601.37,TRY,transfer
1171,305,41,2026-08-25,5074.18,TRY,transfer
1172,461,80,2025-09-29,2402.51,TRY,purchase
1173,217,24,2025-03-22,5234.26,TRY,transfer
1174,266,87,2025-04-19,3047.92,TRY,purchase
1175,6,51,2025-04-30,112.87,TRY,transfer
1176,489,59,2026-02-19,6084.09,TRY,transfer
1177,617,93,2026-05-14,2133.54,TRY,transfer
1178,370,89,2026-02-09,5636.39,TRY,purchase
1179,129,18,2025-01-15,1351.8,TRY,purchase
1180,713,25,2025-01-28,1480.42,TRY,transfer
1181,149,84,2025-09-05,3061.8,TRY,transfer
1182,879,69,2025-07-15,620.93,TRY,refund
1183,152,61,2026-03-09,172.28,TRY,purchase
1184,925,20,2026-04-01,6747.79,TRY,refund
1185,21,58,2026-08-23,1713.55,TRY,refund
1186,584,51,2025-02-22,2350.27,TRY,purchase
1187,646,92,2026-03-19,6856.82,TRY,refund
1188,755,75,2026-07-22,6993.2,TRY,purchase
1189,500,52,2026-05-13,3603.22,TRY,transfer
1190,627,87,2026-05-15,1638.7,TRY,purchase
1191,541,3,2026-03-09,4043.3,TRY,transfer
1192,66,35,2026-03-04,6226.2,TRY,purchase
1193,507,80,2025-12-22,3149.31,TRY,refund
1194,22,21,2025-10-22,5088.94,TRY,refund
1195,353,57,2025-08-26,3563.3,TRY,transfer
1196,931,88,2025-12-14,6453.71,TRY,transfer
1197,673,60,2025-05-15,6184.55,TRY,transfer
1198,729,50,2026-03-03,5834.9,TRY,transfer
1199,669,95,2026-01-04,5575.89,TRY,purchase
1200,637,27,2025-10-17,4841.07,TRY,purchase
1201,684,62,2025-05-13,1229.57,TRY,purchase
1202,621,63,2025-04-14,5558.51,TRY,refund
1203,311,31,2025-08-03,3906.68,TRY,purchase
1204,368,34,2026-01-01,4744.96,TRY,purchase
1205,848,65,2025-02-02,5651.57,TRY,refund
1206,441,15,2025-08-21,862.4,TRY,purchase
1207,499,34,2025-12-15,5498.5,TRY,purchase
1208,789,72,2025-10-01,6276.3,TRY,transfer
1209,895,66,2025-04-17,4950.71,TRY,refund
1210,819,59,2025-04-24,6823.13,TRY,transfer
1211,625,14,2026-07-30,312.95,TRY,purchase
1212,172,81,2025-05-01,6098.67,TRY,refund
1213,161,94,2025-10-27,4962.98,TRY,transfer
1214,511,94,2025-04-12,1096.98,TRY,refund
1215,343,18,2025-05-06,5943.19,TRY,refund
1216,993,54,2025-01-07,1732.31,TRY,refund
1217,350,37,2026-06-02,1215.41,TRY,refund
1218,382,92,2026-03-01,2537.29,TRY,transfer
1219,252,20,2026-06-27,2963.62,TRY,purchase
1220,142,55,2026-02-28,6427.78,TRY,refund
1221,975,67,2026-01-06,6607.31,TRY,refund
1222,150,99,2025-01-11,5029.03,TRY,transfer
1223,967,9,2025-03-28,2381.36,TRY,refund
1224,791,22,2026-03-21,449.05,TRY,purchase
1225,677,83,2025-06-04,6319.53,TRY,purchase
1226,647,92,2026-06-17,6809.17,TRY,refund
1227,412,88,2026-07-21,6117.35,TRY,transfer
1228,761,41,2025-12-19,75.16,TRY,refund
1229,922,68,2025-05-31,4908.06,TRY,refund
1230,660,27,2026-07-12,4378.03,TRY,transfer
1231,668,57,2025-12-20,6215.97,TRY,transfer
1232,415,100,2025-07-22,6169.2,TRY,purchase
1233,38,69,2025-12-09,2742.15,TRY,transfer
1234,758,17,2026-06-17,6943.63,TRY,refund
1235,219,12,2026-06-08,3871.47,TRY,transfer
1236,349,97,2025-06-13,183.48,TRY,transfer
1237,607,34,2025-09-05,5828.96,TRY,refund
1238,744,55,2026-06-02,790.88,TRY,purchase
1239,862,48,2025-09-23,4396.39,TRY,refund
1240,127,7,2025-05-08,3152.18,TRY,transfer
1241,755,1,2026-04-10,2386.08,TRY,purchase
1242,825,96,2026-08-19,3967.87,TRY,transfer
1243,682,69,2025-08-28,2465.35,TRY,refund
1244,683,92,2026-08-10,4713.59,TRY,transfer
1245,387,67,2025-09-11,754.48,TRY,transfer
1246,597,25,2026-01-05,3191.08,TRY,purchase
1247,729,55,2026-02-26,591.99,TRY,purchase
1248,436,17,2026-05-03,1519.2,TRY,purchase
1249,379,87,2026-06-23,2831.22,TRY,transfer
1250,532,100,2026-02-09,6106.66,TRY,transfer
1251,511,82,2026-03-10,6975.65,TRY,transfer
1252,954,63,2026-03-03,5770.21,TRY,purchase
1253,518,17,2026-05-12,4983.83,TRY,purchase
1254,992,91,2026-06-10,6045.64,TRY,purchase
1255,712,28,2026-04-12,3324.02,TRY,transfer
1256,161,72,2026-01-14,6453.45,TRY,purchase
1257,617,53,2025-04-23,863.65,TRY,transfer
1258,297,6,2026-06-20,1090.07,TRY,refund
1259,313,48,2025-11-07,2071.99,TRY,purchase
1260,811,19,2025-05-26,5490.87,TRY,refund
1261,50,40,2025-10-18,1524.76,TRY,transfer
1262,501,1,2025-05-06,3841.81,TRY,purchase
1263,892,6,2026-03-04,3378.61,TRY,refund
1264,580,58,2025-12-12,5473.82,TRY,refund
1265,855,93,2025-05-16,5338.42,TRY,transfer
1266,652,59,2026-04-06,4677.2,TRY,purchase
1267,888,94,2025-11-30,643.42,TRY,transfer
1268,681,80,2026-02-24,2722.9,TRY,refund
1269,348,70,2025-02-16,6707.39,TRY,refund
1270,754,36,2025-04-01,6064.36,TRY,transfer
1271,26,74,2025-11-13,3936.09,TRY,purchase
1272,660,72,2025-03-29,1363.14,TRY,transfer
1273,555,74,2025-02-24,6701.9,TRY,transfer
1274,194,97,2026-05-03,3528.42,TRY,purchase
1275,124,85,2026-06-29,1274.61,TRY,purchase
1276,282,27,2025-09-09,5811.24,TRY,transfer
1277,455,11,2026-07-01,4255.85,TRY,refund
1278,604,6,2026-05-19,6036.58,TRY,purchase
1279,349,56,2025-07-04,2916.26,TRY,transfer
1280,325,49,2025-09-21,655.36,TRY,purchase
1281,555,22,2025-10-20,1025.36,TRY,refund
1282,787,12,2025-06-07,2161.42,TRY,refund
1283,695,22,2025-03-02,4309.04,TRY,refund
1284,186,4,2025-03-01,2100.21,TRY,purchase
1285,328,19,2026-02-27,6253.22,TRY,refund
1286,385,16,2025-02-23,1433.87,TRY,transfer
1287,601,31,2026-05-20,3570.18,TRY,transfer
1288,395,15,2025-10-03,443.21,TRY,refund
1289,567,53,2025-03-09,3399.52,TRY,refund
1290,649,30,2025-01-20,1898.73,TRY,transfer
1291,692,13,2025-09-10,5345.59,TRY,transfer
1292,805,17,2025-11-08,3986.35,TRY,refund
1293,86,82,2026-05-28,1440.13,TRY,purchase
1294,383,70,2025-06-22,5478.53,TRY,transfer
1295,976,55,2026-07-23,3173.16,TRY,purchase
1296,833,60,2025-10-24,4578.35,TRY,purchase
1297,1,8,2026-05-09,1927.65,TRY,refund
1298,860,88,2026-01-25,6994.71,TRY,transfer
1299,218,75,2026-06-07,1983.55,TRY,purchase
1300,757,69,2026-07-31,508.15,TRY,purchase
1301,405,90,2025-05-06,5816.88,TRY,transfer
1302,570,36,2026-03-19,1491.73,TRY,transfer
1303,981,41,2025-12-17,4453.49,TRY,transfer
1304,464,35,2025-09-09,4642.69,TRY,refund
1305,350,27,2026-04-16,6713.77,TRY,refund
1306,17,89,2025-05-17,4532.17,TRY,purchase
1307,624,61,2025-01-05,6312.09,TRY,transfer
1308,178,53,2026-07-24,6268.97,TRY,transfer
1309,501,98,2026-02-07,3776.16,TRY,transfer
1310,667,10,2026-07-06,236.01,TRY,transfer
1311,456,87,2025-05-07,2483.9,TRY,refund
1312,848,77,2026-01-02,2719.52,TRY,transfer
1313,9,16,2026-04-19,2605.95,TRY,purchase
1314,456,2,2025-08-15,5207.15,TRY,refund
1315,697,91,2026-01-02,1356.75,TRY,transfer
1316,641,39,2025-08-15,1655.12,TRY,refund
1317,991,47,2025-02-07,1979.68,TRY,transfer
1318,724,78,2025-08-03,69.81,TRY,transfer
1319,406,15,2025-10-12,3992.33,TRY,refund
1320,175,71,2025-07-18,4625.67,TRY,transfer
1321,689,88,2026-08-02,1245.19,TRY,transfer
1322,132,96,2025-03-08,909.47,TRY,transfer
1323,877,30,2026-06-20,5107.71,TRY,refund
1324,197,87,2025-01-24,6943.82,TRY,transfer
1325,695,69,2025-09-16,4771.15,TRY,refund
1326,3,55,2025-02-23,5979.94,TRY,refund
1327,443,53,2025-10-08,869.59,TRY,transfer
1328,478,64,2026-01-06,3630.45,TRY,purchase
1329,906,93,2025-08-18,347.81,TRY,refund
1330,546,58,2025-11-20,56.01,TRY,purchase
1331,343,11,2026-08-09,5657.56,TRY,transfer
1332,232,89,2026-03-10,6705.27,TRY,purchase
1333,202,22,2025-12-04,2189.42,TRY,transfer
1334,641,13,2025-01-29,3370.17,TRY,purchase
1335,607,81,2025-12-09,5886.74,TRY,purchase
1336,111,61,2025-09-02,6712.44,TRY,purchase
1337,842,43,2026-06-17,5562.9,TRY,purchase
1338,795,77,2026-03-26,5353.41,TRY,transfer
1339,458,75,2025-05-08,617.03,TRY,purchase
1340,939,5,2026-01-22,2206.69,TRY,transfer
1341,67,17,2025-03-05,6435.43,TRY,refund
1342,57,39,2026-03-19,479.22,TRY,transfer
1343,58,72,2025-02-23,2078.52,TRY,refund
1344,412,13,2026-02-25,1647.12,TRY,transfer
1345,807,85,2025-01-11,3184.81,TRY,refund
1346,815,55,2025-04-14,2390.52,TRY,transfer
1347,802,4,2026-04-10,3630.15,TRY,transfer
1348,198,14,2025-04-16,105.77,TRY,transfer
1349,70,76,2025-07-18,6332.5,TRY,purchase
1350,653,66,2025-09-20,2500.63,TRY,refund
1351,743,80,2026-04-01,1317.75,TRY,purchase
1352,817,6,2025-03-03,911.21,TRY,transfer
1353,447,66,2026-01-02,2192.09,TRY,transfer
1354,795,19,2025-05-31,3297.28,TRY,transfer
1355,352,38,2026-01-13,6792.49,TRY,transfer
1356,601,85,2025-05-29,420.08,TRY,transfer
1357,839,72,2025-02-25,2965.99,TRY,purchase
1358,1000,26,2025-07-26,5501.14,TRY,refund
1359,194,86,2026-05-03,4869.58,TRY,refund
1360,615,89,2025-12-06,5967.02,TRY,transfer
1361,987,43,2025-11-03,2942.49,TRY,purchase
1362,108,59,2025-02-13,3481.6,TRY,purchase
1363,655,29,2025-08-24,3276.43,TRY,purchase
1364,245,62,2025-12-06,5654.75,TRY,refund
1365,211,52,2025-07-08,5786.07,TRY,purchase
1366,372,2,2025-03-17,2518.05,TRY,transfer
1367,118,19,2025-10-25,3094.05,TRY,transfer
1368,600,98,2026-01-04,326.46,TRY,purchase
1369,204,26,2025-10-18,1235.54,TRY,refund
1370,737,23,2025-12-14,5935.79,TRY,purchase
1371,183,26,2025-01-23,1249.02,TRY,refund
1372,933,13,2025-01-22,5823.49,TRY,purchase
1373,389,84,2025-04-24,2381.92,TRY,purchase
1374,313,59,2025-09-03,2600.09,TRY,refund
1375,677,22,2026-06-24,6840.17,TRY,transfer
1376,903,56,2025-03-08,847.08,TRY,purchase
1377,814,25,2025-07-16,3737.23,TRY,transfer
1378,384,41,2026-03-16,6839.33,TRY,purchase
1379,944,6,2026-08-25,1339.93,TRY,transfer
1380,302,20,2025-12-02,1745.26,TRY,transfer
1381,815,36,2025-05-10,5963.49,TRY,transfer
1382,908,63,2025-08-03,5096.54,TRY,refund
1383,810,85,2025-03-08,1188.69,TRY,refund
1384,770,83,2026-06-06,2632.38,TRY,transfer
1385,476,23,2025-11-26,4993.16,TRY,transfer
1386,712,62,2026-05-22,3326.83,TRY,transfer
1387,411,82,2026-08-21,4555.17,TRY,purchase
1388,225,26,2026-04-08,6044.91,TRY,refund
1389,224,40,2026-03-12,6223.19,TRY,transfer
1390,161,48,2025-09-18,3862.85,TRY,purchase
1391,770,11,2025-10-30,3122.65,TRY,refund
1392,236,75,2025-02-12,3267.47,TRY,transfer
1393,345,55,2026-04-07,3283.51,TRY,refund
1394,377,64,2025-11-21,1925.68,TRY,purchase
1395,184,57,2025-08-28,1874.06,TRY,purchase
1396,368,11,2025-10-29,5901.37,TRY,transfer
1397,560,83,2025-03-22,5505.4,TRY,purchase
1398,101,16,2025-03-15,2534.45,TRY,transfer
1399,206,43,2025-07-21,4732.25,TRY,refund
1400,310,96,2025-10-09,1350.68,TRY,transfer
1401,142,97,2026-07-11,6388.43,TRY,purchase
1402,789,39,2025-10-16,5759.72,TRY,refund
1403,969,52,2026-08-17,5309.49,TRY,purchase
1404,484,84,2026-06-09,6925.14,TRY,purchase
1405,887,51,2025-08-22,1603.95,TRY,transfer
1406,215,61,2025-08-28,3620.46,TRY,transfer
1407,776,60,2026-04-18,2397.8,TRY,purchase
1408,321,25,2026-03-16,5395.51,TRY,transfer
1409,428,27,2026-03-26,3160.8,TRY,transfer
1410,31,48,2025-05-23,4051.01,TRY,purchase
1411,313,95,2025-01-10,3508.61,TRY,transfer
1412,855,46,2025-12-14,1593.92,TRY,refund
1413,703,97,2026-02-18,5344.63,TRY,transfer
1414,551,39,2025-11-30,4116.95,TRY,transfer
1415,805,5,2025-05-23,1092.76,TRY,refund
1416,582,81,2026-08-11,6071.27,TRY,refund
1417,210,51,2025-03-07,3750.74,TRY,purchase
1418,487,14,2025-12-03,3995.21,TRY,refund
1419,655,39,2025-04-06,1216.54,TRY,transfer
1420,567,23,2025-02-02,5788.79,TRY,transfer
1421,501,4,2025-07-11,1409.01,TRY,refund
1422,291,27,2025-08-27,2051.92,TRY,transfer
1423,72,59,2025-02-28,2593.19,TRY,purchase
1424,176,42,2026-02-25,2749.91,TRY,purchase
1425,133,69,2026-03-05,3358.19,TRY,purchase
1426,399,27,2025-05-14,6095.73,TRY,refund
1427,443,91,2026-05-02,1128.29,TRY,transfer
1428,962,40,2026-08-25,1436.75,TRY,transfer
1429,702,59,2025-10-10,1427.89,TRY,purchase
1430,457,9,2026-02-13,4241.84,TRY,purchase
1431,539,43,2026-08-06,6157.09,TRY,refund
1432,474,74,2025-02-10,5166.29,TRY,refund
1433,662,59,2025-12-22,4908.21,TRY,transfer
1434,812,39,2026-02-05,4298.93,TRY,purchase
1435,426,32,2025-07-03,6301.75,TRY,transfer
1436,443,59,2026-01-29,6377.62,TRY,purchase
1437,716,73,2025-04-08,2766.99,TRY,purchase
1438,246,21,2025-10-08,6180.24,TRY,transfer
1439,299,86,2025-03-10,4892.35,TRY,transfer
1440,924,28,2026-05-21,2890.72,TRY,transfer
1441,125,48,2025-03-20,5292.67,TRY,transfer
1442,785,100,2025-11-30,2882.47,TRY,purchase
1443,259,27,2026-06-03,331.55,TRY,purchase
1444,75,82,2026-04-18,2680.47,TRY,transfer
1445,409,25,2026-02-11,283.67,TRY,refund
1446,118,91,2025-05-20,2303.23,TRY,transfer
1447,476,63,2026-04-18,496.3,TRY,transfer
1448,673,32,2026-03-25,998.99,TRY,refund
1449,862,21,2025-06-24,5872.7,TRY,transfer
1450,103,23,2025-10-29,886.58,TRY,transfer
1451,401,22,2025-03-21,4706.32,TRY,purchase
1452,694,35,2025-06-07,3095.79,TRY,purchase
1453,222,92,2025-02-05,6250.96,TRY,transfer
1454,222,57,2025-02-18,5858.78,TRY,transfer
1455,657,85,2025-04-16,2746.52,TRY,refund
1456,455,7,2025-01-05,359.68,TRY,refund
1457,786,26,2025-09-13,2635.02,TRY,purchase
1458,205,12,2025-01-17,2963.35,TRY,purchase
1459,346,25,2025-03-06,1559.56,TRY,purchase
1460,817,86,2025-06-21,5073.6,TRY,purchase
1461,426,66,2025-04-21,5713.06,TRY,refund
1462,576,81,2025-07-14,4380.22,TRY,transfer
1463,405,55,2025-05-04,1642.21,TRY,purchase
1464,366,42,2025-06-27,124.66,TRY,transfer
1465,324,2,2026-02-03,1505.12,TRY,purchase
1466,68,85,2025-10-13,4556.62,TRY,refund
1467,45,9,2025-08-12,2889.46,TRY,transfer
1468,512,14,2026-07-04,5542.99,TRY,transfer
1469,176,33,2025-04-08,4207.07,TRY,transfer
1470,714,50,2025-05-17,2337.68,TRY,transfer
1471,780,89,2025-11-22,6846.59,TRY,transfer
1472,494,9,2025-12-10,143.19,TRY,transfer
1473,460,49,2026-06-08,4491.33,TRY,purchase
1474,516,76,2025-01-14,1643.59,TRY,transfer
1475,778,16,2025-11-13,1670.05,TRY,refund
1476,776,32,2025-03-23,438.26,TRY,refund
1477,511,38,2025-07-26,1078.66,TRY,purchase
1478,658,5,2025-09-01,6465.4,TRY,transfer
1479,969,57,2025-12-03,957.18,TRY,refund
1480,660,98,2025-02-10,3655.69,TRY,refund
1481,664,37,2025-01-25,1618.49,TRY,transfer
1482,340,44,2025-09-06,1456.61,TRY,purchase
1483,929,86,2025-09-12,5614.13,TRY,transfer
1484,737,29,2026-01-26,3659.87,TRY,purchase
1485,453,81,2025-01-07,471.03,TRY,refund
1486,72,25,2025-02-23,4447.88,TRY,purchase
1487,961,27,2025-05-09,660.48,TRY,transfer
1488,563,27,2025-08-30,3561.82,TRY,refund
1489,743,60,2025-11-15,1165.83,TRY,purchase
1490,251,55,2025-06-30,4248.84,TRY,refund
1491,293,74,2026-04-05,6774.73,TRY,purchase
1492,279,62,2025-03-23,6658.07,TRY,refund
1493,408,49,2025-06-21,3305.58,TRY,refund
1494,518,79,2026-03-20,5327.06,TRY,refund
1495,21,98,2026-01-26,3003.23,TRY,purchase
1496,778,39,2026-07-05,1086.53,TRY,transfer
1497,180,33,2026-01-25,3256.29,TRY,refund
1498,291,49,2026-07-30,4250.06,TRY,purchase
1499,342,18,2026-04-26,1386.1,TRY,purchase
1500,5,2,2026-05-28,5117.97,TRY,refund
1501,504,52,2026-03-02,6583.19,TRY,transfer
1502,383,50,2026-05-17,2168.52,TRY,transfer
1503,73,53,2025-02-09,6947.46,TRY,purchase
1504,395,73,2025-06-16,1375.71,TRY,refund
1505,981,33,2025-12-23,3577.07,TRY,refund
1506,651,89,2026-01-13,4881.26,TRY,transfer
1507,395,55,2025-09-10,1711.62,TRY,purchase
1508,944,47,2025-01-29,4888.35,TRY,transfer
1509,152,34,2026-04-12,6610.97,TRY,purchase
1510,261,32,2026-08-16,6663.41,TRY,purchase
1511,13,15,2025-04-05,4517.89,TRY,refund
1512,408,91,2026-08-24,6819.54,TRY,purchase
1513,531,25,2026-03-10,1177.45,TRY,refund
1514,259,89,2025-11-06,3514.51,TRY,transfer
1515,675,49,2026-08-24,2169.69,TRY,refund
1516,771,94,2025-04-02,782.73,TRY,transfer
1517,796,45,2025-05-27,1897.77,TRY,purchase
1518,953,96,2026-02-12,4899.08,TRY,purchase
1519,173,63,2025-01-02,696.16,TRY,transfer
1520,428,68,2026-03-03,4588.56,TRY,transfer
1521,442,22,2025-06-30,2635.07,TRY,transfer
1522,138,26,2026-05-14,1290.25,TRY,purchase
1523,462,73,2025-08-06,1315.75,TRY,purchase
1524,768,24,2025-07-16,1830.28,TRY,refund
1525,452,81,2025-04-22,6081.17,TRY,purchase
1526,82,38,2025-03-29,2656.55,TRY,refund
1527,66,44,2025-01-31,4107.81,TRY,refund
1528,497,87,2025-04-14,86.36,TRY,refund
1529,770,1,2026-08-20,5528.67,TRY,purchase
1530,100,28,2026-06-19,5546.67,TRY,refund
1531,618,67,2025-09-30,6526.26,TRY,refund
1532,776,44,2026-03-16,2369.12,TRY,transfer
1533,912,44,2025-11-19,5721.59,TRY,refund
1534,682,52,2026-01-23,4283.45,TRY,refund
1535,895,43,2025-04-13,41.53,TRY,transfer
1536,412,93,2025-05-23,199.25,TRY,purchase
1537,890,68,2025-10-14,6658.41,TRY,purchase
1538,378,58,2026-05-02,3614.1,TRY,transfer
1539,193,1,2025-11-26,136.08,TRY,refund
1540,895,6,2025-11-30,4751.95,TRY,purchase
1541,622,63,2026-02-14,5179.65,TRY,purchase
1542,357,55,2026-05-03,6908.36,TRY,transfer
1543,927,13,2026-01-30,2071.16,TRY,purchase
1544,730,19,2026-06-17,6136.11,TRY,transfer
1545,517,5,2025-05-11,3495.52,TRY,purchase
1546,309,87,2026-07-16,6910.79,TRY,refund
1547,173,58,2025-04-29,3385.54,TRY,transfer
1548,247,32,2025-08-05,1209.62,TRY,transfer
1549,717,12,2025-04-19,3055.56,TRY,transfer
1550,30,21,2025-12-01,6320.49,TRY,refund
1551,226,93,2025-09-21,4668.21,TRY,transfer
1552,127,86,2025-05-20,6460.7,TRY,transfer
1553,743,63,2025-04-03,5572.87,TRY,refund
1554,893,29,2026-08-13,5369.03,TRY,transfer
1555,67,83,2025-12-18,2651.53,TRY,transfer
1556,761,95,2026-01-26,4584.36,TRY,transfer
1557,990,56,2025-08-27,1580.38,TRY,purchase
1558,298,12,2025-04-25,642.19,TRY,transfer
1559,607,25,2025-04-29,4018.42,TRY,purchase
1560,874,41,2026-01-25,4046.88,TRY,purchase
1561,319,8,2026-08-28,3758.51,TRY,refund
1562,434,41,2026-01-09,5586.68,TRY,purchase
1563,533,85,2026-08-28,1570.55,TRY,refund
1564,10,69,2026-04-17,2225.17,TRY,refund
1565,858,29,2026-05-27,4766.27,TRY,purchase
1566,616,37,2025-05-30,5234.48,TRY,transfer
1567,36,77,2025-11-24,2176.06,TRY,transfer
1568,127,36,2026-08-11,3358.41,TRY,purchase
1569,507,38,2026-01-21,430.51,TRY,refund
1570,157,92,2025-08-04,5939.53,TRY,purchase
1571,718,95,2025-02-23,6463.64,TRY,purchase
1572,878,63,2026-02-06,2107.73,TRY,transfer
1573,935,21,2025-01-23,3844.64,TRY,refund
1574,433,87,2026-04-30,6932.39,TRY,refund
1575,401,10,2026-06-25,5092.75,TRY,refund
1576,714,25,2026-07-16,2768.53,TRY,purchase
1577,332,97,2026-08-18,6063.67,TRY,purchase
1578,871,91,2025-11-08,3213.58,TRY,purchase
1579,592,18,2026-03-29,4877.77,TRY,refund
1580,919,19,2025-08-03,1542.59,TRY,transfer
1581,201,95,2025-01-10,2548.34,TRY,transfer
1582,105,87,2025-06-01,2648.36,TRY,refund
1583,696,22,2025-02-27,690.41,TRY,refund
1584,184,7,2025-05-01,6862.33,TRY,transfer
1585,347,76,2026-03-21,6788.69,TRY,transfer
1586,740,52,2025-09-08,257.27,TRY,purchase
1587,407,63,2025-11-06,4822.13,TRY,purchase
1588,669,96,2026-01-20,5435.43,TRY,transfer
1589,675,12,2026-04-20,6056.97,TRY,transfer
1590,392,36,2026-04-01,2583.91,TRY,purchase
1591,120,11,2025-05-05,3434.74,TRY,transfer
1592,931,66,2025-08-19,180.73,TRY,transfer
1593,587,62,2025-10-08,4862.21,TRY,purchase
1594,814,76,2025-07-05,2700.04,TRY,transfer
1595,720,56,2025-11-02,4008.53,TRY,purchase
1596,334,9,2026-07-05,1310.53,TRY,transfer
1597,21,51,2026-07-24,5725.89,TRY,transfer
1598,501,9,2026-06-16,5863.26,TRY,transfer
1599,731,84,2025-05-08,5279.49,TRY,purchase
1600,989,85,2025-05-01,1281.04,TRY,transfer
1601,712,24,2025-01-06,3891.96,TRY,refund
1602,126,6,2025-05-12,4034.07,TRY,transfer
1603,166,12,2026-07-30,1812.19,TRY,purchase
1604,87,16,2026-06-03,2104.07,TRY,transfer
1605,176,55,2025-01-01,1753.39,TRY,purchase
1606,969,67,2025-10-28,4620.92,TRY,refund
1607,144,74,2026-05-18,4871.81,TRY,transfer
1608,933,46,2026-07-06,3583.92,TRY,transfer
1609,102,85,2025-02-15,1674.96,TRY,purchase
1610,146,39,2025-08-09,6702.81,TRY,transfer
1611,566,28,2026-08-29,2526.27,TRY,purchase
1612,747,80,2026-03-09,539.03,TRY,refund
1613,267,49,2025-06-17,2812.41,TRY,purchase
1614,968,33,2026-03-12,6582.59,TRY,purchase
1615,549,27,2025-03-14,4414.39,TRY,refund
1616,649,90,2025-07-17,5006.83,TRY,transfer
1617,674,83,2026-06-08,4242.51,TRY,refund
1618,842,20,2025-11-20,6947.29,TRY,refund
1619,389,4,2025-09-11,561.12,TRY,purchase
1620,545,15,2026-07-16,2859.33,TRY,refund
1621,656,12,2026-01-07,6366.53,TRY,refund
1622,150,29,2025-10-08,88.85,TRY,refund
1623,993,29,2026-01-23,6663.44,TRY,purchase
1624,180,68,2025-11-10,4130.01,TRY,refund
1625,98,68,2025-12-24,4909.18,TRY,refund
1626,565,35,2025-04-12,6278.06,TRY,purchase
1627,326,97,2026-02-03,1281.09,TRY,transfer
1628,695,69,2026-07-19,4170.43,TRY,refund
1629,489,76,2025-05-11,1828.25,TRY,transfer
1630,526,92,2025-06-09,4609.79,TRY,purchase
1631,388,73,2025-10-01,389.0,TRY,transfer
1632,655,48,2025-09-13,4753.94,TRY,refund
1633,724,59,2025-07-07,3083.94,TRY,refund
1634,818,60,2026-05-30,2022.0,TRY,refund
1635,534,92,2025-08-23,2150.21,TRY,purchase
1636,971,40,2026-02-21,5398.64,TRY,purchase
1637,650,11,2025-03-20,5115.07,TRY,purchase
1638,170,74,2025-02-28,610.4,TRY,refund
1639,568,64,2025-01-11,6735.92,TRY,refund
1640,694,66,2025-05-20,3368.0,TRY,transfer
1641,702,87,2026-06-30,4891.22,TRY,refund
1642,15,79,2025-07-14,6377.99,TRY,transfer
1643,8,92,2026-03-12,4924.09,TRY,transfer
1644,354,32,2026-06-25,4794.87,TRY,purchase
1645,622,58,2025-06-22,4728.16,TRY,transfer
1646,926,29,2025-06-29,544.35,TRY,purchase
1647,527,46,2025-02-22,2970.6,TRY,refund
1648,175,48,2025-04-26,2378.95,TRY,transfer
1649,256,70,2025-05-01,2044.65,TRY,refund
1650,301,34,2025-08-07,35.6,TRY,transfer
1651,583,51,2025-08-11,6462.93,TRY,transfer
1652,528,5,2026-04-20,6249.61,TRY,refund
1653,59,46,2025-01-07,4316.4,TRY,refund
1654,306,46,2025-04-20,55.98,TRY,transfer
1655,191,52,2025-12-30,81.87,TRY,refund
1656,504,26,2025-03-28,3713.09,TRY,purchase
1657,421,16,2026-05-15,68.23,TRY,transfer
1658,257,29,2026-04-27,2779.6,TRY,refund
1659,374,55,2025-07-06,3764.26,TRY,refund
1660,112,57,2026-03-26,1149.6,TRY,refund
1661,766,56,2025-01-06,2527.47,TRY,transfer
1662,204,15,2025-07-14,2008.6,TRY,purchase
1663,405,54,2025-12-06,6308.96,TRY,purchase
1664,683,26,2026-05-06,6718.7,TRY,refund
1665,122,54,2026-05-16,3859.86,TRY,transfer
1666,732,17,2025-11-29,5262.61,TRY,refund
1667,514,93,2026-02-03,937.3,TRY,purchase
1668,812,3,2025-05-10,1105.68,TRY,transfer
1669,14,99,2025-08-31,383.24,TRY,refund
1670,440,77,2025-01-09,3051.61,TRY,refund
1671,289,63,2025-03-26,5331.08,TRY,purchase
1672,633,20,2026-06-08,1324.28,TRY,refund
1673,786,15,2025-09-27,6959.91,TRY,purchase
1674,683,55,2025-07-23,3327.77,TRY,purchase
1675,718,94,2026-05-30,4285.48,TRY,purchase
1676,876,76,2025-06-02,1621.1,TRY,purchase
1677,411,5,2025-10-08,6932.98,TRY,purchase
1678,437,3,2025-07-24,654.73,TRY,purchase
1679,390,53,2026-06-22,2158.99,TRY,transfer
1680,237,29,2025-12-11,2994.01,TRY,purchase
1681,523,55,2025-02-22,2143.94,TRY,refund
1682,373,36,2025-12-26,4986.87,TRY,purchase
1683,328,7,2025-07-06,305.41,TRY,purchase
1684,677,96,2025-11-26,1499.6,TRY,refund
1685,287,78,2025-04-14,3027.73,TRY,refund
1686,972,63,2026-01-08,2353.29,TRY,purchase
1687,100,86,2025-01-14,4787.07,TRY,purchase
1688,340,47,2026-01-06,5205.67,TRY,transfer
1689,542,78,2026-01-16,1683.0,TRY,refund
1690,216,75,2026-01-29,628.87,TRY,purchase
1691,134,81,2025-05-04,306.45,TRY,transfer
1692,838,25,2025-07-17,4938.53,TRY,purchase
1693,77,70,2025-12-18,2124.31,TRY,refund
1694,780,26,2026-07-01,5050.97,TRY,purchase
1695,131,25,2026-03-05,3862.46,TRY,refund
1696,913,98,2026-07-28,6826.38,TRY,refund
1697,460,81,2025-05-01,6377.73,TRY,purchase
1698,495,54,2026-06-21,6520.7,TRY,transfer
1699,810,3,2025-06-20,4202.09,TRY,transfer
1700,991,17,2025-10-24,337.21,TRY,transfer
1701,63,89,2025-07-14,5190.19,TRY,refund
1702,507,88,2026-06-30,6094.38,TRY,purchase
1703,170,57,2026-06-06,2701.37,TRY,refund
1704,411,78,2025-10-06,1464.33,TRY,purchase
1705,164,74,2025-08-12,4152.95,TRY,purchase
1706,901,66,2026-04-12,3536.65,TRY,transfer
1707,538,34,2025-11-07,5970.28,TRY,refund
1708,726,35,2026-07-20,851.34,TRY,purchase
1709,47,69,2025-09-01,2057.07,TRY,transfer
1710,152,36,2025-05-17,1907.64,TRY,purchase
1711,658,32,2025-08-04,3751.47,TRY,purchase
1712,665,45,2026-01-13,2285.44,TRY,transfer
1713,906,71,2025-09-28,5060.12,TRY,refund
1714,920,79,2025-10-29,2285.95,TRY,purchase
1715,641,2,2025-12-31,1550.57,TRY,refund
1716,181,33,2025-01-17,3770.97,TRY,transfer
1717,109,93,2026-01-27,6620.68,TRY,refund
1718,891,81,2026-07-19,1458.99,TRY,refund
1719,226,42,2025-10-03,1443.35,TRY,transfer
1720,828,97,2026-02-09,1106.38,TRY,purchase
1721,748,93,2026-03-21,2593.11,TRY,refund
1722,96,64,2025-07-05,3226.54,TRY,purchase
1723,194,73,2026-05-18,6604.62,TRY,purchase
1724,664,37,2025-01-22,2184.92,TRY,purchase
1725,838,51,2025-07-12,504.79,TRY,purchase
1726,437,32,2026-04-11,6365.73,TRY,refund
1727,103,93,2026-06-24,978.29,TRY,purchase
1728,618,13,2026-01-22,2700.25,TRY,purchase
1729,847,2,2025-02-14,942.61,TRY,purchase
1730,275,19,2025-01-14,5550.96,TRY,purchase
1731,981,14,2026-07-10,5158.2,TRY,refund
1732,874,91,2025-03-29,1432.21,TRY,refund
1733,778,73,2026-03-31,5711.95,TRY,refund
1734,340,62,2025-06-08,1721.79,TRY,transfer
1735,709,35,2026-07-11,879.07,TRY,purchase
1736,106,70,2025-10-31,735.91,TRY,refund
1737,146,1,2025-08-18,187.53,TRY,refund
1738,395,19,2025-12-28,4594.44,TRY,purchase
1739,944,88,2026-01-29,4813.63,TRY,transfer
1740,843,15,2026-05-19,1203.52,TRY,purchase
1741,230,14,2025-10-16,2514.01,TRY,transfer
1742,342,16,2026-01-05,6464.77,TRY,purchase
1743,918,6,2025-06-04,1262.91,TRY,transfer
1744,343,77,2025-07-05,4762.44,TRY,purchase
1745,915,86,2025-11-05,4380.81,TRY,refund
1746,357,14,2025-10-05,6415.32,TRY,transfer
1747,378,34,2025-03-20,5526.22,TRY,purchase
1748,797,84,2025-05-31,2255.39,TRY,refund
1749,458,93,2026-05-05,5706.26,TRY,purchase
1750,592,55,2025-10-13,1029.78,TRY,refund
1751,131,24,2026-01-30,2481.21,TRY,refund
1752,435,62,2026-02-28,4220.17,TRY,transfer
1753,342,18,2025-09-09,2694.63,TRY,transfer
1754,510,69,2026-07-01,3458.36,TRY,transfer
1755,842,30,2026-01-29,603.65,TRY,transfer
1756,432,68,2026-08-15,5440.62,TRY,transfer
1757,225,90,2025-03-31,1661.65,TRY,purchase
1758,209,3,2026-01-07,3917.45,TRY,purchase
1759,944,15,2025-03-03,6381.31,TRY,refund
1760,870,100,2025-05-23,2076.99,TRY,purchase
1761,856,71,2026-03-08,1712.63,TRY,purchase
1762,58,96,2025-05-22,838.31,TRY,transfer
1763,721,19,2026-01-22,5136.91,TRY,transfer
1764,989,55,2026-01-16,397.5,TRY,purchase
1765,679,75,2025-03-17,3348.25,TRY,transfer
1766,892,21,2025-01-31,1045.27,TRY,purchase
1767,81,32,2025-03-20,107.09,TRY,refund
1768,154,98,2025-07-06,3298.96,TRY,purchase
1769,767,68,2025-11-03,3301.89,TRY,transfer
1770,346,57,2025-01-14,2021.65,TRY,purchase
1771,62,83,2025-02-02,4237.13,TRY,purchase
1772,516,21,2025-01-12,2786.81,TRY,refund
1773,697,59,2026-07-22,4985.62,TRY,refund
1774,942,74,2026-05-29,2156.12,TRY,purchase
1775,434,21,2025-10-06,6812.39,TRY,transfer
1776,387,17,2025-08-05,2814.81,TRY,purchase
1777,225,51,2025-07-08,5761.08,TRY,transfer
1778,620,10,2026-04-25,3352.37,TRY,transfer
1779,658,52,2026-01-25,1170.47,TRY,refund
1780,663,55,2025-07-19,1904.04,TRY,purchase
1781,80,47,2025-12-10,215.78,TRY,refund
1782,167,70,2025-04-20,475.93,TRY,transfer
1783,12,97,2025-11-13,1330.45,TRY,purchase
1784,654,5,2025-09-04,1898.79,TRY,transfer
1785,579,6,2026-08-01,6905.73,TRY,refund
1786,47,7,2025-11-19,670.61,TRY,refund
1787,9,46,2025-10-17,6712.0,TRY,transfer
1788,200,41,2026-02-05,5085.3,TRY,purchase
1789,720,87,2025-04-10,2332.6,TRY,transfer
1790,516,13,2026-05-30,5656.31,TRY,purchase
1791,25,76,2026-01-27,3349.13,TRY,purchase
1792,298,21,2025-06-05,4782.97,TRY,purchase
1793,907,81,2025-04-06,6670.67,TRY,purchase
1794,906,28,2025-05-25,5386.4,TRY,purchase
1795,987,65,2026-06-13,6946.11,TRY,transfer
1796,668,67,2025-12-16,3143.41,TRY,purchase
1797,348,38,2026-01-04,4371.83,TRY,refund
1798,41,92,2026-02-01,1688.99,TRY,transfer
1799,622,10,2025-06-06,3976.97,TRY,refund
1800,100,2,2025-05-27,5368.89,TRY,refund
1801,561,12,2026-05-26,676.92,TRY,refund
1802,174,38,2025-06-15,495.77,TRY,transfer
1803,373,46,2025-04-02,516.51,TRY,transfer
1804,791,59,2025-09-22,6903.28,TRY,refund
1805,782,57,2025-05-24,6580.01,TRY,transfer
1806,500,6,2026-01-08,6015.84,TRY,refund
1807,419,80,2025-05-13,3096.98,TRY,transfer
1808,866,80,2025-11-18,2628.31,TRY,transfer
1809,424,65,2026-04-06,1854.54,TRY,transfer
1810,44,80,2025-02-28,5192.48,TRY,purchase
1811,717,72,2025-01-09,1098.84,TRY,purchase
1812,298,49,2025-06-12,3999.53,TRY,purchase
1813,229,50,2026-04-19,4690.67,TRY,refund
1814,478,60,2026-07-02,6302.88,TRY,refund
1815,112,11,2025-07-04,5127.81,TRY,refund
1816,787,56,2025-07-24,2822.61,TRY,purchase
1817,325,44,2026-05-13,1504.19,TRY,transfer
1818,488,15,2025-10-13,3192.96,TRY,transfer
1819,160,61,2025-05-30,4488.71,TRY,refund
1820,582,5,2026-01-25,455.55,TRY,refund
1821,809,56,2026-04-30,1509.68,TRY,purchase
1822,889,3,2026-03-10,1903.54,TRY,transfer
1823,181,11,2025-05-26,503.43,TRY,refund
1824,84,39,2026-04-08,6101.6,TRY,transfer
1825,220,86,2025-09-23,1304.87,TRY,purchase
1826,95,55,2025-12-17,6744.29,TRY,refund
1827,169,26,2025-12-24,6594.75,TRY,refund
1828,487,69,2025-06-14,6759.82,TRY,refund
1829,364,89,2026-08-08,2736.18,TRY,purchase
1830,575,77,2025-07-23,563.1,TRY,transfer
1831,593,79,2025-05-29,2279.65,TRY,transfer
1832,761,95,2025-11-21,119.02,TRY,refund
1833,957,19,2026-05-27,6052.82,TRY,purchase
1834,812,87,2026-02-21,1854.36,TRY,transfer
1835,4,58,2025-05-09,4447.37,TRY,transfer
1836,993,75,2025-04-10,274.67,TRY,transfer
1837,193,54,2026-07-14,5425.2,TRY,transfer
1838,387,28,2025-12-23,1484.15,TRY,purchase
1839,996,87,2026-08-14,6686.63,TRY,refund
1840,834,47,2025-01-17,2127.57,TRY,refund
1841,515,16,2026-05-27,4549.4,TRY,refund
1842,424,53,2025-12-27,2478.43,TRY,transfer
1843,437,67,2025-12-10,811.39,TRY,purchase
1844,470,55,2026-01-18,1254.73,TRY,transfer
1845,167,70,2026-03-23,2683.31,TRY,transfer
1846,706,88,2026-03-24,4446.07,TRY,transfer
1847,636,13,2025-03-31,5645.46,TRY,purchase
1848,92,84,2025-01-17,4321.5,TRY,refund
1849,107,64,2026-07-12,715.92,TRY,refund
1850,516,75,2025-02-03,4680.62,TRY,refund
1851,217,29,2026-04-11,3870.08,TRY,purchase
1852,201,61,2025-05-08,2467.28,TRY,refund
1853,423,83,2026-02-10,73.08,TRY,refund
1854,801,29,2026-06-04,1999.56,TRY,transfer
1855,271,40,2026-03-01,4719.64,TRY,purchase
1856,922,54,2025-02-03,128.4,TRY,purchase
1857,810,48,2026-06-16,5743.84,TRY,transfer
1858,326,43,2025-06-24,6714.94,TRY,refund
1859,248,72,2026-02-05,1364.77,TRY,transfer
1860,403,7,2026-08-15,3015.14,TRY,transfer
1861,400,94,2025-06-27,2833.77,TRY,refund
1862,530,21,2026-03-24,1632.17,TRY,transfer
1863,821,17,2026-06-01,846.24,TRY,transfer
1864,804,51,2025-09-24,5864.62,TRY,purchase
1865,972,42,2025-07-28,670.92,TRY,purchase
1866,448,2,2026-08-31,1088.28,TRY,transfer
1867,725,70,2025-03-22,4011.12,TRY,purchase
1868,761,94,2025-05-14,6884.23,TRY,transfer
1869,647,100,2026-01-02,1322.16,TRY,transfer
1870,920,29,2025-11-01,1372.93,TRY,purchase
1871,744,100,2026-01-23,5397.33,TRY,transfer
1872,53,36,2025-03-26,6546.13,TRY,transfer
1873,24,82,2026-08-17,6071.23,TRY,purchase
1874,471,77,2025-05-06,767.4,TRY,refund
1875,269,24,2025-04-06,560.12,TRY,refund
1876,935,27,2026-02-05,722.69,TRY,purchase
1877,424,10,2026-05-14,6715.34,TRY,purchase
1878,216,88,2026-03-06,2639.28,TRY,refund
1879,649,58,2025-06-14,1275.05,TRY,purchase
1880,926,23,2026-08-04,4425.87,TRY,purchase
1881,121,44,2025-12-22,3397.7,TRY,transfer
1882,615,70,2025-01-06,1125.55,TRY,transfer
1883,261,16,2025-07-17,4250.65,TRY,transfer
1884,24,67,2026-06-09,5331.51,TRY,purchase
1885,888,47,2025-04-28,6292.04,TRY,purchase
1886,336,18,2025-08-14,602.43,TRY,transfer
1887,963,17,2025-10-02,1930.19,TRY,purchase
1888,977,12,2025-12-23,4962.42,TRY,transfer
1889,302,60,2026-05-23,3063.71,TRY,refund
1890,945,25,2025-09-14,1227.26,TRY,transfer
1891,867,92,2025-10-15,6733.86,TRY,purchase
1892,598,99,2026-08-25,2194.86,TRY,purchase
1893,977,93,2026-05-15,3045.63,TRY,refund
1894,434,77,2025-10-06,5714.93,TRY,transfer
1895,111,78,2026-01-28,3016.6,TRY,transfer
1896,362,48,2025-03-07,3156.84,TRY,purchase
1897,982,66,2025-09-17,4116.35,TRY,refund
1898,619,83,2026-06-28,2478.73,TRY,purchase
1899,118,24,2025-11-27,3017.12,TRY,purchase
1900,367,32,2025-03-16,1521.99,TRY,refund
1901,381,19,2025-11-18,873.68,TRY,refund
1902,705,2,2025-12-03,1512.13,TRY,transfer
1903,815,42,2025-08-27,3940.25,TRY,refund
1904,291,78,2025-08-06,3700.29,TRY,purchase
1905,575,36,2025-03-18,4026.16,TRY,transfer
1906,432,88,2026-03-22,2238.13,TRY,refund
1907,203,26,2025-02-20,5623.02,TRY,refund
1908,48,36,2026-03-08,852.43,TRY,refund
1909,176,77,2025-12-01,4146.37,TRY,purchase
1910,591,3,2025-10-19,144.5,TRY,transfer
1911,5,60,2025-10-19,934.79,TRY,refund
1912,38,69,2026-06-25,293.06,TRY,transfer
1913,17,9,2026-04-27,683.94,TRY,refund
1914,741,39,2025-10-09,2233.98,TRY,refund
1915,410,11,2026-07-24,5426.8,TRY,refund
1916,628,7,2026-02-07,2103.14,TRY,refund
1917,506,83,2025-05-05,5904.67,TRY,transfer
1918,106,4,2025-08-18,353.88,TRY,purchase
1919,143,14,2025-11-27,6032.49,TRY,transfer
1920,447,29,2025-06-24,634.36,TRY,transfer
1921,924,48,2026-07-05,6927.16,TRY,transfer
1922,889,7,2025-09-23,6185.57,TRY,purchase
1923,114,7,2025-11-08,543.79,TRY,refund
1924,705,79,2026-01-24,1903.99,TRY,purchase
1925,948,18,2026-08-21,3235.64,TRY,purchase
1926,327,19,2026-08-22,6216.83,TRY,refund
1927,653,58,2025-05-06,3661.91,TRY,purchase
1928,592,62,2026-05-17,6834.92,TRY,refund
1929,792,94,2026-05-10,1596.3,TRY,refund
1930,785,38,2025-03-26,2484.01,TRY,purchase
1931,676,83,2025-07-30,4870.86,TRY,purchase
1932,996,64,2025-03-03,1503.08,TRY,transfer
1933,222,60,2026-01-30,1331.66,TRY,purchase
1934,349,27,2026-08-28,5335.99,TRY,transfer
1935,880,41,2025-11-16,4965.42,TRY,transfer
1936,158,65,2025-04-19,6400.59,TRY,purchase
1937,939,47,2026-01-30,6825.95,TRY,transfer
1938,526,26,2026-02-14,1331.92,TRY,refund
1939,434,22,2025-11-11,6661.43,TRY,transfer
1940,664,14,2025-05-31,3237.46,TRY,purchase
1941,763,15,2025-09-04,135.78,TRY,refund
1942,192,35,2025-01-30,3344.16,TRY,transfer
1943,464,46,2025-09-29,845.92,TRY,transfer
1944,87,46,2026-03-18,1500.22,TRY,refund
1945,515,56,2026-06-05,2349.5,TRY,refund
1946,280,48,2025-04-11,362.96,TRY,refund
1947,750,55,2025-07-18,2072.16,TRY,refund
1948,181,77,2025-10-10,3716.35,TRY,refund
1949,532,56,2025-04-22,4774.5,TRY,transfer
1950,255,15,2025-08-13,824.01,TRY,purchase
1951,590,35,2025-09-02,479.61,TRY,purchase
1952,283,29,2026-02-19,2755.52,TRY,purchase
1953,226,94,2025-10-02,3476.3,TRY,purchase
1954,805,27,2025-12-22,4465.56,TRY,transfer
1955,611,37,2025-01-04,677.81,TRY,transfer
1956,930,90,2026-05-04,5178.85,TRY,transfer
1957,245,22,2025-11-19,4776.47,TRY,purchase
1958,192,43,2026-04-12,1010.0,TRY,purchase
1959,683,61,2026-03-15,2351.7,TRY,purchase
1960,998,34,2025-03-20,1211.66,TRY,purchase
1961,609,46,2026-05-01,4090.45,TRY,refund
1962,895,32,2026-04-29,783.51,TRY,purchase
1963,581,88,2025-10-25,5850.81,TRY,transfer
1964,516,22,2025-05-31,5431.29,TRY,purchase
1965,312,95,2025-12-10,3179.26,TRY,transfer
1966,360,70,2025-09-21,4650.59,TRY,refund
1967,374,59,2025-01-14,5797.69,TRY,refund
1968,728,43,2026-06-15,5426.19,TRY,transfer
1969,496,15,2025-10-04,4806.77,TRY,transfer
1970,656,3,2025-06-01,6850.89,TRY,purchase
1971,676,19,2026-01-01,3494.87,TRY,purchase
1972,592,95,2026-03-18,2528.75,TRY,transfer
1973,92,25,2026-01-22,4478.36,TRY,refund
1974,899,81,2026-07-12,6296.57,TRY,refund
1975,982,68,2025-06-29,1871.86,TRY,transfer
1976,358,43,2026-02-05,4132.25,TRY,refund
1977,317,25,2025-02-12,4065.03,TRY,transfer
1978,352,79,2025-05-06,3045.55,TRY,refund
1979,581,45,2025-10-23,789.13,TRY,purchase
1980,511,88,2025-05-31,3274.9,TRY,purchase
1981,536,38,2026-07-26,4656.96,TRY,refund
1982,499,37,2025-03-08,5602.5,TRY,purchase
1983,465,6,2025-08-11,1995.46,TRY,transfer
1984,127,7,2026-05-16,2154.63,TRY,refund
1985,361,85,2025-01-01,368.32,TRY,purchase
1986,359,37,2026-05-30,4663.98,TRY,transfer
1987,159,12,2025-10-05,1015.66,TRY,transfer
1988,202,56,2026-08-23,6429.45,TRY,refund
1989,225,5,2026-04-30,6531.88,TRY,purchase
1990,832,87,2026-01-31,2969.49,TRY,purchase
1991,915,34,2025-11-06,4187.33,TRY,purchase
1992,578,56,2025-11-27,5634.57,TRY,purchase
1993,700,99,2025-07-24,1765.14,TRY,refund
1994,568,26,2025-11-05,2148.87,TRY,refund
1995,581,81,2026-04-18,3829.9,TRY,refund
1996,802,56,2025-04-09,987.5,TRY,refund
1997,711,41,2026-05-31,6545.46,TRY,transfer
1998,367,60,2025-12-29,3005.13,TRY,refund
1999,985,53,2026-04-18,213.16,TRY,transfer
2000,28,99,2026-03-08,637.23,TRY,purchase
2001,630,39,2025-09-06,4070.65,TRY,refund
2002,131,80,2026-07-11,6301.39,TRY,refund
2003,55,97,2026-02-07,899.03,TRY,transfer
2004,7,60,2026-06-15,3232.34,TRY,purchase
2005,87,8,2025-10-04,5812.66,TRY,transfer
2006,110,43,2026-09-01,699.85,TRY,refund
2007,580,62,2025-12-06,6052.91,TRY,purchase
2008,759,75,2026-06-08,5180.76,TRY,purchase
2009,719,27,2026-06-13,1026.18,TRY,transfer
2010,991,64,2025-05-20,1580.33,TRY,transfer
2011,656,20,2025-11-05,4405.11,TRY,transfer
2012,960,1,2026-05-12,4373.17,TRY,purchase
2013,118,9,2025-01-01,1088.09,TRY,purchase
2014,533,13,2025-09-11,1445.97,TRY,refund
2015,26,65,2026-03-31,2747.18,TRY,purchase
2016,308,52,2026-05-11,6879.22,TRY,purchase
2017,862,70,2025-09-24,5755.37,TRY,transfer
2018,450,85,2025-05-07,3037.83,TRY,transfer
2019,23,24,2025-05-26,5733.48,TRY,transfer
2020,247,22,2026-06-08,5196.82,TRY,transfer
2021,206,61,2026-05-07,2044.45,TRY,transfer
2022,103,76,2026-05-20,2584.03,TRY,refund
2023,401,50,2025-04-20,3258.47,TRY,refund
2024,152,4,2025-10-18,3210.43,TRY,transfer
2025,399,2,2026-08-18,2133.28,TRY,transfer
2026,667,85,2026-04-01,317.57,TRY,refund
2027,986,18,2026-04-25,6179.32,TRY,refund
2028,284,2,2025-06-12,2517.08,TRY,transfer
2029,216,45,2026-06-22,2746.56,TRY,purchase
2030,179,84,2025-06-05,2476.03,TRY,transfer
2031,577,44,2026-04-16,5011.97,TRY,purchase
2032,286,98,2025-11-07,6465.87,TRY,purchase
2033,939,83,2026-05-11,2648.13,TRY,refund
2034,621,85,2025-07-04,4040.75,TRY,transfer
2035,795,85,2026-06-23,1829.4,TRY,transfer
2036,332,76,2026-08-18,2449.7,TRY,transfer
2037,850,52,2025-03-11,333.61,TRY,transfer
2038,163,30,2025-04-09,4663.52,TRY,refund
2039,957,87,2026-05-03,2279.14,TRY,purchase
2040,791,94,2025-08-31,755.91,TRY,purchase
2041,746,50,2026-03-07,6458.18,TRY,purchase
2042,627,33,2025-04-28,281.18,TRY,transfer
2043,75,57,2026-01-19,4253.6,TRY,purchase
2044,946,23,2025-11-25,771.47,TRY,refund
2045,387,18,2026-08-11,3904.15,TRY,purchase
2046,259,63,2026-03-25,4758.37,TRY,purchase
2047,207,95,2025-06-15,3049.76,TRY,transfer
2048,829,25,2025-03-30,4083.11,TRY,transfer
2049,983,86,2025-04-09,1440.71,TRY,purchase
2050,915,1,2026-01-04,5425.21,TRY,transfer
2051,560,10,2025-12-15,1313.42,TRY,transfer
2052,981,94,2026-06-25,3483.3,TRY,purchase
2053,585,61,2026-05-28,2477.7,TRY,transfer
2054,922,72,2025-05-22,5615.14,TRY,refund
2055,438,81,2026-01-21,6120.36,TRY,transfer
2056,81,17,2026-06-14,2101.62,TRY,purchase
2057,511,30,2025-02-22,4218.4,TRY,refund
2058,24,29,2025-10-24,6457.47,TRY,refund
2059,400,91,2026-01-02,494.31,TRY,purchase
2060,992,37,2025-03-18,3750.28,TRY,purchase
2061,874,67,2026-05-28,2199.43,TRY,transfer
2062,59,70,2025-04-24,4087.75,TRY,refund
2063,669,4,2025-02-03,2379.56,TRY,refund
2064,206,43,2025-03-02,992.23,TRY,transfer
2065,837,94,2025-12-04,6470.74,TRY,transfer
2066,935,8,2025-08-30,3465.01,TRY,transfer
2067,927,79,2025-02-06,2434.0,TRY,purchase
2068,973,54,2025-03-24,6214.88,TRY,refund
2069,970,17,2025-10-05,5068.84,TRY,purchase
2070,37,64,2026-06-04,1592.21,TRY,refund
2071,442,62,2025-11-07,5475.16,TRY,purchase
2072,22,8,2025-01-27,5419.82,TRY,purchase
2073,548,78,2026-01-24,4779.95,TRY,transfer
2074,19,71,2026-05-09,383.94,TRY,refund
2075,713,17,2026-03-17,4915.34,TRY,transfer
2076,142,15,2026-03-25,843.59,TRY,transfer
2077,926,48,2025-12-27,1371.65,TRY,refund
2078,941,8,2025-09-01,1639.59,TRY,transfer
2079,11,30,2026-02-27,5237.38,TRY,transfer
2080,582,6,2025-01-16,6115.33,TRY,purchase
2081,833,8,2025-03-20,415.45,TRY,refund
2082,185,37,2025-02-14,2212.6,TRY,transfer
2083,671,32,2025-10-27,925.42,TRY,refund
2084,491,85,2025-05-06,4603.0,TRY,purchase
2085,257,70,2025-07-30,3474.61,TRY,transfer
2086,833,46,2025-08-14,3115.92,TRY,refund
2087,965,47,2026-07-19,2062.93,TRY,transfer
2088,251,68,2025-10-01,2245.64,TRY,transfer
2089,516,14,2025-02-25,2439.52,TRY,refund
2090,723,80,2026-05-13,1972.89,TRY,purchase
2091,934,18,2026-06-18,1629.14,TRY,transfer
2092,567,27,2025-05-06,2619.28,TRY,purchase
2093,37,31,2026-03-27,4556.36,TRY,refund
2094,976,15,2025-01-22,3502.37,TRY,purchase
2095,277,36,2026-08-26,2701.55,TRY,purchase
2096,62,36,2026-01-29,3477.6,TRY,refund
2097,394,57,2025-02-15,1586.65,TRY,refund
2098,189,85,2026-03-18,3736.79,TRY,transfer
2099,313,5,2026-07-09,5345.71,TRY,purchase
2100,932,78,2025-12-11,6460.44,TRY,refund
2101,830,97,2026-08-29,1531.48,TRY,purchase
2102,350,93,2026-03-21,6062.88,TRY,transfer
2103,951,95,2025-02-28,5655.63,TRY,transfer
2104,398,93,2025-10-22,6012.43,TRY,transfer
2105,475,55,2026-08-10,5040.16,TRY,transfer
2106,267,21,2026-01-26,3281.98,TRY,purchase
2107,136,2,2025-10-15,5601.13,TRY,refund
2108,88,32,2026-07-10,2084.86,TRY,transfer
2109,405,5,2025-10-08,2544.63,TRY,transfer
2110,257,84,2025-01-13,887.66,TRY,transfer
2111,677,42,2025-09-28,5936.2,TRY,refund
2112,474,3,2026-03-27,81.92,TRY,purchase
2113,990,46,2026-05-07,4471.45,TRY,transfer
2114,224,53,2025-03-01,4065.4,TRY,purchase
2115,284,79,2026-07-19,2211.91,TRY,purchase
2116,452,24,2025-09-22,5366.52,TRY,refund
2117,266,64,2025-05-11,1607.38,TRY,purchase
2118,151,80,2025-02-20,1644.05,TRY,transfer
2119,40,24,2026-06-03,6026.78,TRY,transfer
2120,325,6,2026-07-21,5027.16,TRY,purchase
2121,975,92,2025-09-23,6827.47,TRY,purchase
2122,695,46,2026-07-08,5033.87,TRY,transfer
2123,241,45,2025-04-22,560.8,TRY,refund
2124,116,66,2025-03-21,1674.11,TRY,refund
2125,585,48,2026-03-02,518.32,TRY,refund
2126,897,37,2025-05-27,192.37,TRY,transfer
2127,808,47,2025-12-10,6826.19,TRY,transfer
2128,384,61,2025-10-29,4360.98,TRY,purchase
2129,378,6,2025-10-25,6513.55,TRY,transfer
2130,27,14,2025-08-05,5660.08,TRY,transfer
2131,733,100,2026-06-05,5488.6,TRY,transfer
2132,353,28,2026-01-23,5818.47,TRY,purchase
2133,673,93,2025-06-03,2680.01,TRY,transfer
2134,81,10,2025-08-18,3966.51,TRY,transfer
2135,646,71,2026-03-05,3781.99,TRY,purchase
2136,868,68,2025-02-22,4257.57,TRY,transfer
2137,538,67,2026-03-28,2232.24,TRY,purchase
2138,857,74,2025-10-28,6379.27,TRY,refund
2139,249,99,2026-01-06,1631.62,TRY,refund
2140,767,15,2025-09-04,3126.15,TRY,refund
2141,371,11,2025-12-27,3931.99,TRY,purchase
2142,937,47,2026-05-11,4244.43,TRY,refund
2143,806,54,2025-08-24,3994.01,TRY,purchase
2144,948,69,2025-09-08,5439.61,TRY,refund
2145,691,75,2025-05-22,4246.71,TRY,refund
2146,350,41,2025-05-01,588.91,TRY,refund
2147,518,19,2026-08-13,3469.52,TRY,purchase
2148,922,24,2026-04-10,128.28,TRY,purchase
2149,429,34,2026-07-22,4985.45,TRY,refund
2150,761,13,2025-05-10,6088.82,TRY,refund
2151,25,89,2025-06-20,6929.74,TRY,purchase
2152,528,68,2026-02-02,6331.74,TRY,refund
2153,131,52,2026-07-25,1705.22,TRY,refund
2154,122,44,2025-12-11,4148.52,TRY,transfer
2155,111,93,2025-02-16,534.79,TRY,refund
2156,973,58,2026-02-23,4423.21,TRY,transfer
2157,855,56,2025-10-24,5308.47,TRY,transfer
2158,138,94,2025-07-07,5071.48,TRY,transfer
2159,939,66,2025-03-27,1082.75,TRY,purchase
2160,608,76,2026-01-14,4723.87,TRY,refund
2161,389,42,2026-03-26,1253.52,TRY,transfer
2162,603,36,2025-04-10,1641.2,TRY,refund
2163,350,7,2026-08-01,3633.39,TRY,transfer
2164,594,66,2026-03-13,2011.1,TRY,refund
2165,327,97,2025-07-02,6675.53,TRY,purchase
2166,834,95,2025-08-04,3025.15,TRY,refund
2167,589,79,2025-11-18,714.28,TRY,refund
2168,170,16,2025-10-22,1931.46,TRY,refund
2169,230,22,2025-10-23,6575.65,TRY,refund
2170,621,97,2025-04-19,6473.12,TRY,transfer
2171,286,19,2025-04-09,1463.76,TRY,transfer
2172,773,22,2025-01-29,4196.77,TRY,purchase
2173,983,70,2026-07-05,5596.96,TRY,purchase
2174,501,4,2026-01-14,1437.92,TRY,transfer
2175,437,94,2026-04-01,3655.84,TRY,refund
2176,303,15,2025-05-03,3121.95,TRY,refund
2177,506,34,2025-03-30,6054.23,TRY,refund
2178,750,86,2025-04-30,6779.71,TRY,purchase
2179,763,29,2025-03-18,2303.27,TRY,transfer
2180,344,36,2026-04-10,4421.76,TRY,transfer
2181,689,100,2025-03-17,4953.53,TRY,refund
2182,914,5,2026-03-20,721.06,TRY,transfer
2183,814,67,2025-11-22,1348.98,TRY,transfer
2184,677,81,2025-02-06,6645.29,TRY,transfer
2185,9,32,2025-05-21,4112.68,TRY,purchase
2186,690,26,2025-09-29,3301.41,TRY,refund
2187,834,24,2026-05-24,1992.55,TRY,purchase
2188,651,12,2026-06-13,6002.95,TRY,transfer
2189,220,1,2026-03-21,489.48,TRY,transfer
2190,626,27,2025-07-02,290.91,TRY,transfer
2191,270,79,2026-01-25,4424.56,TRY,purchase
2192,654,45,2026-05-11,3722.62,TRY,purchase
2193,899,39,2025-08-26,6127.77,TRY,transfer
2194,497,63,2026-02-06,4192.94,TRY,transfer
2195,493,38,2025-04-09,1548.14,TRY,refund
2196,430,58,2025-11-30,1746.83,TRY,refund
2197,119,23,2026-04-21,6695.08,TRY,transfer
2198,117,45,2026-02-12,4939.64,TRY,refund
2199,861,63,2026-02-26,4816.81,TRY,purchase
2200,298,35,2026-06-04,1521.44,TRY,refund
2201,63,72,2025-11-27,1846.0,TRY,refund
2202,422,51,2026-03-29,2987.89,TRY,refund
2203,935,7,2025-10-02,3408.83,TRY,purchase
2204,348,82,2025-02-16,2173.4,TRY,refund
2205,227,74,2025-06-20,3761.37,TRY,transfer
2206,113,79,2025-12-04,921.92,TRY,transfer
2207,21,93,2025-01-22,5620.84,TRY,purchase
2208,800,91,2025-12-08,6387.36,TRY,transfer
2209,65,84,2025-02-20,3640.17,TRY,refund
2210,549,26,2025-06-10,5870.28,TRY,refund
2211,881,92,2025-08-23,2045.51,TRY,purchase
2212,933,48,2025-12-06,2905.5,TRY,transfer
2213,751,32,2025-01-14,271.8,TRY,purchase
2214,774,68,2025-04-15,3520.47,TRY,refund
2215,44,21,2025-10-17,2124.24,TRY,purchase
2216,647,99,2025-09-11,255.77,TRY,transfer
2217,127,49,2026-02-15,935.73,TRY,transfer
2218,898,35,2025-03-28,554.16,TRY,transfer
2219,740,91,2026-03-02,160.68,TRY,transfer
2220,851,70,2025-06-05,686.99,TRY,transfer
2221,812,51,2025-07-18,5823.67,TRY,refund
2222,804,42,2026-03-12,3596.24,TRY,purchase
2223,310,36,2026-04-15,1434.61,TRY,refund
2224,993,84,2026-08-14,3310.37,TRY,refund
2225,440,12,2025-08-16,6768.87,TRY,transfer
2226,286,62,2025-10-19,6355.51,TRY,transfer
2227,519,32,2026-01-27,140.14,TRY,refund
2228,746,51,2026-01-17,5343.65,TRY,transfer
2229,111,58,2025-08-18,4053.6,TRY,purchase
2230,407,99,2025-08-26,3140.66,TRY,refund
2231,577,14,2025-11-15,2340.4,TRY,transfer
2232,1000,11,2025-04-08,3934.98,TRY,purchase
2233,886,63,2026-08-31,1764.78,TRY,purchase
2234,413,79,2026-04-30,3673.37,TRY,transfer
2235,779,30,2025-03-02,5376.51,TRY,refund
2236,422,40,2025-12-12,5843.58,TRY,purchase
2237,330,89,2026-08-02,4199.14,TRY,purchase
2238,275,89,2025-08-03,5290.16,TRY,refund
2239,559,64,2025-11-17,6717.14,TRY,purchase
2240,330,60,2026-05-10,3610.73,TRY,transfer
2241,751,11,2025-04-18,2991.4,TRY,purchase
2242,385,17,2025-01-14,1151.41,TRY,transfer
2243,125,22,2025-07-22,3074.46,TRY,purchase
2244,40,55,2026-05-23,1211.64,TRY,transfer
2245,499,18,2026-07-15,2938.67,TRY,purchase
2246,304,16,2026-03-22,6970.3,TRY,transfer
2247,945,87,2025-10-05,3666.91,TRY,transfer
2248,911,48,2026-08-01,4558.54,TRY,purchase
2249,298,67,2025-07-29,5623.64,TRY,transfer
2250,381,67,2025-09-15,3315.33,TRY,purchase
2251,959,43,2025-05-19,1166.38,TRY,transfer
2252,850,61,2025-01-11,2237.46,TRY,purchase
2253,154,61,2025-03-10,6953.31,TRY,purchase
2254,320,90,2025-07-12,1410.89,TRY,purchase
2255,551,59,2025-12-05,681.11,TRY,transfer
2256,480,77,2025-06-10,486.07,TRY,transfer
2257,573,29,2025-12-20,4409.18,TRY,purchase
2258,282,37,2026-03-13,4099.59,TRY,refund
2259,377,80,2026-02-17,6541.47,TRY,transfer
2260,555,83,2025-07-27,560.78,TRY,purchase
2261,106,94,2025-08-10,1974.3,TRY,refund
2262,578,14,2025-05-10,5582.25,TRY,transfer
2263,661,99,2026-01-28,2324.52,TRY,transfer
2264,620,36,2026-04-30,1480.96,TRY,purchase
2265,803,30,2025-08-10,657.54,TRY,transfer
2266,151,19,2025-06-18,3338.74,TRY,purchase
2267,332,10,2025-02-23,976.08,TRY,refund
2268,436,86,2026-04-29,2303.08,TRY,transfer
2269,779,16,2025-09-04,3929.81,TRY,refund
2270,793,50,2026-05-01,2497.84,TRY,transfer
2271,325,68,2025-03-22,6185.33,TRY,purchase
2272,979,22,2025-10-12,4985.21,TRY,refund
2273,574,57,2026-05-17,4871.8,TRY,refund
2274,702,16,2026-07-26,6300.34,TRY,transfer
2275,357,23,2025-01-26,6065.65,TRY,refund
2276,790,86,2025-12-21,5104.87,TRY,purchase
2277,632,72,2025-07-15,2689.55,TRY,purchase
2278,956,96,2025-01-11,1386.94,TRY,refund
2279,539,25,2025-01-06,4111.6,TRY,refund
2280,97,48,2025-09-17,3529.5,TRY,purchase
2281,622,35,2025-02-04,4537.58,TRY,transfer
2282,491,51,2025-02-14,6970.25,TRY,transfer
2283,260,36,2025-02-28,6798.56,TRY,purchase
2284,884,92,2026-04-28,6980.68,TRY,transfer
2285,466,63,2025-06-27,3324.67,TRY,transfer
2286,769,70,2025-04-17,286.59,TRY,purchase
2287,628,92,2025-06-06,4945.36,TRY,purchase
2288,892,17,2025-03-26,2948.62,TRY,purchase
2289,58,57,2025-03-05,2213.37,TRY,transfer
2290,285,25,2025-01-18,2342.0,TRY,transfer
2291,869,41,2025-06-23,6341.96,TRY,transfer
2292,740,47,2026-06-13,118.92,TRY,transfer
2293,413,54,2025-03-04,473.39,TRY,transfer
2294,152,94,2025-10-01,606.1,TRY,refund
2295,46,36,2025-07-23,4827.24,TRY,refund
2296,178,82,2025-01-04,2191.93,TRY,transfer
2297,360,16,2025-12-16,3274.44,TRY,transfer
2298,89,73,2026-04-20,635.37,TRY,purchase
2299,187,94,2025-03-30,1315.9,TRY,transfer
2300,642,3,2025-06-23,5525.38,TRY,purchase
2301,654,48,2026-04-17,587.3,TRY,transfer
2302,966,32,2025-11-12,5864.41,TRY,transfer
2303,966,25,2025-05-16,2187.2,TRY,refund
2304,723,37,2025-07-02,1967.16,TRY,transfer
2305,324,53,2025-08-20,5850.22,TRY,refund
2306,905,26,2025-07-01,6855.36,TRY,refund
2307,715,57,2025-09-28,665.04,TRY,refund
2308,593,47,2025-12-24,5411.15,TRY,transfer
2309,461,81,2025-06-24,276.38,TRY,transfer
2310,395,20,2026-07-05,3989.6,TRY,transfer
2311,445,45,2025-10-23,1467.98,TRY,transfer
2312,992,65,2026-07-19,5812.41,TRY,refund
2313,93,66,2025-08-04,1822.33,TRY,refund
2314,268,5,2025-04-29,3628.87,TRY,transfer
2315,191,61,2025-05-24,3281.38,TRY,refund
2316,382,73,2026-01-22,4614.97,TRY,purchase
2317,331,90,2025-04-18,4413.72,TRY,purchase
2318,163,54,2026-05-02,2356.29,TRY,transfer
2319,925,13,2025-07-11,6393.78,TRY,refund
2320,167,60,2026-07-14,1319.4,TRY,purchase
2321,450,79,2026-04-13,4163.15,TRY,transfer
2322,446,94,2026-02-13,3325.53,TRY,purchase
2323,259,93,2026-01-18,4214.57,TRY,refund
2324,695,52,2025-11-04,300.1,TRY,purchase
2325,782,65,2025-04-21,2958.48,TRY,refund
2326,977,74,2026-02-15,4159.67,TRY,purchase
2327,525,22,2025-11-04,6208.43,TRY,transfer
2328,966,68,2025-07-23,6661.43,TRY,transfer
2329,770,18,2025-05-14,4650.58,TRY,purchase
2330,994,12,2025-11-13,5554.19,TRY,purchase
2331,821,45,2026-04-15,2784.04,TRY,refund
2332,1,85,2025-06-01,1418.84,TRY,purchase
2333,309,40,2025-03-24,1308.46,TRY,purchase
2334,448,12,2025-09-08,1095.88,TRY,transfer
2335,866,100,2026-01-19,54.51,TRY,purchase
2336,353,13,2026-04-28,3857.81,TRY,refund
2337,716,28,2026-04-29,4685.69,TRY,refund
2338,724,32,2025-04-09,2725.27,TRY,refund
2339,782,18,2026-02-14,5417.36,TRY,refund
2340,840,87,2026-03-11,4186.63,TRY,transfer
2341,74,45,2026-05-16,4695.74,TRY,transfer
2342,28,29,2025-07-02,5379.55,TRY,refund
2343,371,44,2026-05-29,5766.2,TRY,transfer
2344,614,97,2026-02-12,6403.81,TRY,transfer
2345,236,18,2026-05-27,1332.03,TRY,purchase
2346,310,56,2025-04-06,2390.31,TRY,transfer
2347,185,55,2025-06-04,2009.05,TRY,refund
2348,692,62,2025-02-05,1841.92,TRY,refund
2349,184,21,2026-02-12,4782.73,TRY,purchase
2350,477,11,2025-12-21,4808.74,TRY,purchase
2351,672,52,2025-01-13,1142.97,TRY,purchase
2352,589,65,2026-01-29,4810.36,TRY,purchase
2353,498,84,2026-02-16,2968.75,TRY,purchase
2354,311,55,2025-09-22,5199.61,TRY,purchase
2355,619,58,2026-05-30,2622.32,TRY,refund
2356,730,43,2026-07-02,6802.96,TRY,purchase
2357,805,23,2026-03-11,3731.35,TRY,refund
2358,892,87,2025-03-23,1069.7,TRY,refund
2359,971,91,2026-08-28,1819.7,TRY,transfer
2360,833,79,2026-04-11,3055.52,TRY,refund
2361,289,6,2025-05-05,6077.92,TRY,refund
2362,376,7,2026-01-14,1781.24,TRY,refund
2363,692,38,2025-01-25,3808.38,TRY,purchase
2364,301,46,2026-03-04,142.28,TRY,refund
2365,305,82,2025-02-06,4178.54,TRY,refund
2366,750,5,2026-06-29,5175.99,TRY,purchase
2367,180,11,2026-07-02,680.12,TRY,transfer
2368,149,82,2026-05-21,3029.08,TRY,refund
2369,354,59,2025-09-07,6433.05,TRY,transfer
2370,841,68,2026-08-06,3219.77,TRY,purchase
2371,335,48,2025-02-09,1044.32,TRY,transfer
2372,654,13,2026-01-27,3598.17,TRY,transfer
2373,81,44,2025-11-06,2969.26,TRY,purchase
2374,189,96,2025-09-21,5056.73,TRY,transfer
2375,905,11,2026-03-20,6756.82,TRY,purchase
2376,585,34,2025-11-07,4316.76,TRY,transfer
2377,875,32,2025-02-20,2632.17,TRY,refund
2378,221,98,2026-03-24,1938.01,TRY,transfer
2379,797,24,2025-10-11,3520.91,TRY,purchase
2380,620,52,2025-07-05,4753.89,TRY,refund
2381,6,53,2025-08-01,150.66,TRY,refund
2382,673,17,2025-10-09,1884.03,TRY,transfer
2383,810,82,2025-11-22,698.09,TRY,purchase
2384,19,91,2025-11-29,1562.98,TRY,transfer
2385,295,94,2026-04-17,4123.64,TRY,transfer
2386,610,43,2026-07-09,2735.5,TRY,transfer
2387,13,44,2025-12-15,2251.11,TRY,refund
2388,156,60,2026-05-26,1490.25,TRY,transfer
2389,175,87,2026-02-04,1804.73,TRY,purchase
2390,677,74,2025-03-22,4427.06,TRY,transfer
2391,354,11,2025-08-01,5241.12,TRY,transfer
2392,379,39,2025-10-26,5260.99,TRY,refund
2393,691,60,2025-01-31,1108.19,TRY,transfer
2394,171,80,2025-12-27,3962.95,TRY,refund
2395,784,3,2025-10-18,3903.95,TRY,refund
2396,241,49,2026-07-05,939.25,TRY,transfer
2397,972,16,2025-04-10,2782.33,TRY,purchase
2398,114,74,2025-10-24,1266.78,TRY,purchase
2399,786,100,2026-02-15,3859.49,TRY,refund
2400,770,28,2026-03-05,6305.2,TRY,refund
2401,328,99,2026-01-07,4419.32,TRY,transfer
2402,906,88,2025-11-22,3526.09,TRY,transfer
2403,402,29,2026-02-18,3473.94,TRY,refund
2404,294,58,2025-06-10,6468.9,TRY,purchase
2405,410,37,2025-01-04,3738.01,TRY,refund
2406,782,60,2025-06-26,4789.8,TRY,purchase
2407,393,75,2026-03-05,6820.25,TRY,refund
2408,194,82,2025-01-30,4339.75,TRY,purchase
2409,625,80,2026-05-31,6992.39,TRY,transfer
2410,585,94,2026-02-23,6619.51,TRY,refund
2411,625,32,2025-06-20,3993.76,TRY,refund
2412,701,12,2026-01-15,178.58,TRY,transfer
2413,905,84,2026-02-03,3873.36,TRY,purchase
2414,871,21,2026-04-14,2596.07,TRY,purchase
2415,180,61,2025-07-24,2272.61,TRY,refund
2416,67,4,2025-07-31,4051.66,TRY,refund
2417,251,88,2026-03-31,6928.2,TRY,purchase
2418,997,60,2026-05-28,4496.83,TRY,transfer
2419,858,43,2025-06-13,1729.15,TRY,transfer
2420,986,9,2025-01-08,5245.29,TRY,transfer
2421,694,53,2026-06-17,6968.83,TRY,refund
2422,73,54,2025-09-24,6185.83,TRY,transfer
2423,124,92,2026-07-01,5009.05,TRY,refund
2424,493,93,2025-03-03,2064.88,TRY,refund
2425,849,93,2025-02-10,2556.35,TRY,transfer
2426,950,66,2026-03-27,3011.55,TRY,purchase
2427,107,19,2025-09-26,5310.42,TRY,transfer
2428,772,15,2025-06-23,2577.92,TRY,transfer
2429,348,19,2025-09-06,5572.96,TRY,purchase
2430,271,13,2025-12-04,4501.41,TRY,purchase
2431,470,91,2026-05-19,5272.47,TRY,refund
2432,351,38,2026-04-01,2328.02,TRY,refund
2433,717,34,2026-08-05,1941.59,TRY,purchase
2434,780,18,2025-06-01,3662.02,TRY,purchase
2435,227,48,2026-08-01,2551.82,TRY,refund
2436,315,92,2025-06-12,3982.13,TRY,refund
2437,487,92,2026-03-27,4719.49,TRY,purchase
2438,762,89,2025-05-12,1042.75,TRY,refund
2439,880,50,2025-09-21,4464.6,TRY,purchase
2440,872,28,2026-08-21,2134.64,TRY,transfer
2441,13,34,2026-01-08,5053.55,TRY,transfer
2442,892,67,2026-02-20,3349.28,TRY,purchase
2443,996,45,2025-06-09,4118.21,TRY,transfer
2444,322,67,2026-01-19,2658.29,TRY,refund
2445,664,22,2026-06-22,3384.73,TRY,refund
2446,919,49,2025-01-15,4687.84,TRY,purchase
2447,351,29,2025-11-13,1460.88,TRY,purchase
2448,285,78,2025-05-03,4556.98,TRY,refund
2449,511,59,2026-08-07,6390.66,TRY,purchase
2450,861,96,2026-06-21,6288.98,TRY,transfer
2451,208,47,2025-02-03,2801.47,TRY,purchase
2452,975,43,2026-06-04,489.04,TRY,transfer
2453,985,69,2026-07-05,6110.86,TRY,purchase
2454,458,73,2026-06-20,1750.84,TRY,refund
2455,817,95,2025-07-07,4834.1,TRY,transfer
2456,879,32,2025-08-22,4833.67,TRY,refund
2457,182,6,2025-09-30,3872.79,TRY,purchase
2458,761,25,2025-03-07,6344.86,TRY,purchase
2459,536,39,2025-03-04,1469.97,TRY,purchase
2460,600,98,2026-08-19,3351.43,TRY,purchase
2461,550,7,2025-11-23,5534.31,TRY,purchase
2462,202,62,2025-04-30,3104.45,TRY,refund
2463,203,13,2026-07-10,4133.84,TRY,transfer
2464,499,39,2026-08-06,87.03,TRY,refund
2465,882,15,2026-03-30,5446.22,TRY,purchase
2466,604,82,2026-04-13,6945.82,TRY,refund
2467,773,53,2025-10-05,3458.38,TRY,purchase
2468,337,65,2026-05-10,3609.12,TRY,transfer
2469,307,34,2026-06-29,1758.17,TRY,refund
2470,695,72,2026-05-31,2175.45,TRY,refund
2471,115,97,2025-07-06,3423.31,TRY,refund
2472,915,66,2026-04-27,3480.6,TRY,purchase
2473,68,98,2026-03-19,4717.37,TRY,purchase
2474,948,57,2025-12-17,4472.42,TRY,transfer
2475,843,24,2025-07-18,5455.97,TRY,purchase
2476,219,40,2026-05-29,2151.58,TRY,transfer
2477,484,14,2025-11-04,6494.31,TRY,purchase
2478,585,87,2025-06-08,2279.88,TRY,purchase
2479,785,51,2025-06-25,5969.45,TRY,transfer
2480,679,21,2025-11-30,6697.81,TRY,refund
2481,670,77,2026-03-03,5462.69,TRY,refund
2482,235,34,2026-04-29,6541.62,TRY,refund
2483,380,19,2025-11-10,2349.38,TRY,refund
2484,850,96,2025-11-19,3158.96,TRY,refund
2485,577,51,2026-03-04,59.59,TRY,refund
2486,57,53,2025-12-29,4527.63,TRY,purchase
2487,999,59,2025-10-08,155.97,TRY,transfer
2488,208,27,2025-09-20,2077.68,TRY,refund
2489,25,42,2026-03-14,5540.62,TRY,refund
2490,572,72,2025-07-24,5586.37,TRY,transfer
2491,516,57,2025-10-08,765.71,TRY,purchase
2492,165,42,2026-05-07,6591.63,TRY,transfer
2493,482,6,2026-02-04,4820.85,TRY,transfer
2494,499,32,2025-10-14,6908.77,TRY,transfer
2495,385,8,2025-04-14,411.68,TRY,refund
2496,283,69,2026-01-14,3078.11,TRY,refund
2497,114,61,2025-05-18,6168.33,TRY,purchase
2498,333,100,2026-02-28,5773.69,TRY,purchase
2499,604,39,2026-08-11,1415.96,TRY,purchase
2500,449,32,2025-12-02,4017.68,TRY,transfer
2501,267,72,2026-06-28,5724.82,TRY,transfer
2502,23,18,2025-03-11,6097.66,TRY,transfer
2503,729,95,2025-11-18,6701.26,TRY,refund
2504,927,99,2026-04-02,5235.97,TRY,purchase
2505,189,42,2026-04-25,1609.22,TRY,refund
2506,342,26,2025-09-23,1802.4,TRY,transfer
2507,956,3,2025-05-24,851.95,TRY,refund
2508,438,51,2026-05-14,5590.72,TRY,transfer
2509,62,66,2026-01-18,133.08,TRY,refund
2510,33,65,2025-12-01,5535.16,TRY,refund
2511,290,74,2025-12-08,4447.93,TRY,transfer
2512,78,73,2025-04-05,6820.11,TRY,purchase
2513,545,21,2026-06-10,5927.17,TRY,purchase
2514,588,60,2025-07-15,5268.31,TRY,transfer
2515,442,36,2026-04-22,3169.99,TRY,transfer
2516,156,84,2025-12-05,529.72,TRY,transfer
2517,590,44,2026-04-10,3703.44,TRY,transfer
2518,758,56,2025-01-22,2822.23,TRY,refund
2519,7,80,2026-02-04,151.72,TRY,purchase
2520,331,55,2025-06-04,1826.79,TRY,purchase
2521,599,87,2025-12-01,3735.9,TRY,transfer
2522,682,26,2026-08-12,6478.99,TRY,transfer
2523,889,74,2025-06-06,1338.15,TRY,purchase
2524,212,40,2025-07-05,724.26,TRY,transfer
2525,617,6,2025-05-11,3789.73,TRY,purchase
2526,336,41,2025-08-24,4614.01,TRY,purchase
2527,311,21,2026-03-11,6937.21,TRY,purchase
2528,959,28,2025-12-30,210.53,TRY,refund
2529,127,49,2025-01-27,3118.79,TRY,transfer
2530,875,95,2025-08-02,2675.31,TRY,refund
2531,450,52,2025-07-23,1455.31,TRY,refund
2532,605,16,2025-04-06,6785.32,TRY,transfer
2533,936,75,2026-06-13,869.49,TRY,purchase
2534,124,63,2026-01-02,5252.78,TRY,refund
2535,426,25,2025-08-04,6896.36,TRY,transfer
2536,369,62,2025-09-19,3570.97,TRY,refund
2537,17,1,2026-01-25,5627.81,TRY,refund
2538,985,13,2025-12-30,2535.54,TRY,refund
2539,857,9,2026-03-21,6622.67,TRY,transfer
2540,308,30,2025-03-28,4560.02,TRY,refund
2541,897,61,2025-01-17,6660.14,TRY,refund
2542,748,83,2025-11-28,336.68,TRY,purchase
2543,182,73,2025-01-10,913.08,TRY,purchase
2544,144,89,2026-04-27,5340.77,TRY,purchase
2545,611,27,2025-10-28,2614.49,TRY,refund
2546,844,21,2026-03-06,1223.49,TRY,transfer
2547,989,20,2025-07-05,2568.17,TRY,purchase
2548,806,21,2025-01-31,3492.94,TRY,refund
2549,414,81,2026-01-18,6364.69,TRY,refund
2550,637,42,2025-01-30,5487.22,TRY,refund
2551,30,61,2025-02-05,5149.96,TRY,purchase
2552,936,53,2025-02-17,3785.53,TRY,transfer
2553,740,68,2025-06-23,1124.04,TRY,purchase
2554,358,29,2025-04-05,2950.78,TRY,purchase
2555,116,61,2026-04-21,6883.91,TRY,transfer
2556,451,18,2025-01-01,2193.79,TRY,refund
2557,922,33,2025-05-12,2273.68,TRY,transfer
2558,375,79,2025-04-09,3354.97,TRY,transfer
2559,852,74,2025-07-20,898.31,TRY,transfer
2560,133,19,2025-08-19,4621.29,TRY,transfer
2561,98,92,2026-02-18,1990.45,TRY,transfer
2562,108,32,2025-08-20,1769.68,TRY,transfer
2563,676,39,2025-12-03,4979.01,TRY,refund
2564,685,76,2026-06-17,3627.99,TRY,refund
2565,779,17,2025-12-02,2965.71,TRY,transfer
2566,149,75,2025-02-05,5240.59,TRY,refund
2567,648,7,2025-07-22,6857.12,TRY,purchase
2568,147,82,2025-02-04,5850.95,TRY,purchase
2569,166,51,2025-11-27,101.75,TRY,refund
2570,496,45,2025-07-12,4408.42,TRY,transfer
2571,416,58,2025-08-08,3183.29,TRY,refund
2572,559,57,2025-05-01,5219.82,TRY,transfer
2573,787,66,2025-12-12,2374.04,TRY,purchase
2574,262,44,2026-05-15,5408.61,TRY,refund
2575,680,13,2025-12-17,5347.62,TRY,refund
2576,65,47,2026-03-13,4503.2,TRY,transfer
2577,130,13,2025-08-21,6826.11,TRY,purchase
2578,124,71,2025-10-30,901.57,TRY,refund
2579,315,58,2026-03-23,3882.02,TRY,purchase
2580,990,65,2025-07-06,2794.96,TRY,transfer
2581,200,19,2025-08-16,5435.86,TRY,purchase
2582,752,96,2025-12-29,3688.51,TRY,purchase
2583,577,68,2026-06-22,348.03,TRY,transfer
2584,372,70,2025-08-24,4861.99,TRY,transfer
2585,171,48,2025-06-12,718.96,TRY,purchase
2586,651,82,2025-08-20,5905.81,TRY,transfer
2587,156,70,2026-03-11,6010.9,TRY,refund
2588,51,52,2025-10-31,2740.61,TRY,transfer
2589,996,54,2026-05-03,3286.67,TRY,purchase
2590,739,39,2025-01-01,542.6,TRY,transfer
2591,570,86,2025-11-16,1477.11,TRY,transfer
2592,628,77,2025-03-10,433.37,TRY,refund
2593,144,19,2026-05-08,5760.64,TRY,purchase
2594,401,21,2026-03-06,2749.18,TRY,purchase
2595,255,45,2025-03-14,1599.61,TRY,refund
2596,144,52,2025-05-07,5087.33,TRY,transfer
2597,968,87,2025-06-05,1456.7,TRY,purchase
2598,689,36,2025-12-02,95.17,TRY,purchase
2599,534,40,2026-06-21,736.23,TRY,transfer
2600,613,61,2025-08-26,4629.74,TRY,refund
2601,842,16,2026-07-09,5205.52,TRY,refund
2602,158,10,2025-12-16,6129.14,TRY,purchase
2603,391,33,2025-04-26,4395.75,TRY,refund
2604,600,22,2026-05-14,5314.05,TRY,purchase
2605,536,14,2025-04-01,6983.29,TRY,transfer
2606,983,77,2026-01-07,1704.22,TRY,transfer
2607,507,90,2026-03-19,2963.29,TRY,transfer
2608,108,99,2025-10-14,5899.43,TRY,transfer
2609,283,33,2026-06-05,2315.23,TRY,transfer
2610,857,33,2026-01-01,599.99,TRY,purchase
2611,731,63,2025-09-06,4108.77,TRY,purchase
2612,606,56,2025-09-30,745.68,TRY,transfer
2613,500,72,2026-08-03,2643.24,TRY,transfer
2614,892,86,2026-01-27,313.87,TRY,purchase
2615,605,83,2025-04-11,4037.87,TRY,purchase
2616,990,98,2025-09-02,2537.69,TRY,transfer
2617,727,78,2026-03-08,5710.68,TRY,transfer
2618,763,6,2025-12-22,4536.68,TRY,refund
2619,873,59,2026-08-11,6046.61,TRY,purchase
2620,963,52,2026-03-19,4690.1,TRY,purchase
2621,222,73,2025-07-05,188.53,TRY,refund
2622,102,38,2026-02-27,5617.23,TRY,transfer
2623,468,33,2026-01-03,5732.21,TRY,refund
2624,361,32,2025-10-11,3133.13,TRY,purchase
2625,333,59,2025-09-27,5384.91,TRY,purchase
2626,215,72,2026-07-15,4545.04,TRY,transfer
2627,411,97,2025-12-23,5471.16,TRY,purchase
2628,865,64,2025-04-02,2349.67,TRY,transfer
2629,552,95,2025-08-22,2229.41,TRY,refund
2630,104,93,2025-04-03,4483.37,TRY,refund
2631,637,64,2025-07-10,5300.82,TRY,purchase
2632,272,91,2026-05-13,2467.15,TRY,refund
2633,918,47,2025-06-13,6715.97,TRY,refund
2634,17,15,2025-07-14,4081.29,TRY,transfer
2635,718,83,2026-07-28,2087.5,TRY,transfer
2636,552,23,2026-02-12,4336.93,TRY,purchase
2637,204,12,2025-04-03,4987.43,TRY,transfer
2638,415,34,2025-05-30,5016.9,TRY,transfer
2639,363,51,2025-05-17,6450.38,TRY,purchase
2640,866,95,2025-10-28,4301.67,TRY,purchase
2641,332,29,2026-03-30,5786.42,TRY,purchase
2642,562,20,2025-10-08,203.99,TRY,purchase
2643,854,89,2025-08-13,1732.56,TRY,purchase
2644,451,83,2025-08-10,1034.73,TRY,refund
2645,250,3,2026-05-10,5868.76,TRY,refund
2646,570,71,2026-08-05,1361.83,TRY,purchase
2647,869,67,2026-08-18,2809.33,TRY,transfer
2648,910,50,2025-09-25,4953.09,TRY,refund
2649,823,34,2026-03-18,2604.19,TRY,purchase
2650,328,70,2026-01-01,557.74,TRY,transfer
2651,138,42,2025-09-10,5572.99,TRY,transfer
2652,132,13,2026-06-04,4964.31,TRY,transfer
2653,322,14,2025-08-22,5046.34,TRY,transfer
2654,719,83,2026-07-22,5751.12,TRY,purchase
2655,477,35,2026-08-12,5859.56,TRY,refund
2656,634,57,2026-05-25,4145.62,TRY,purchase
2657,977,22,2025-01-23,3928.51,TRY,transfer
2658,666,8,2025-12-22,3346.85,TRY,transfer
2659,152,9,2025-12-29,476.58,TRY,transfer
2660,283,73,2025-09-16,6632.51,TRY,transfer
2661,29,92,2026-05-18,3027.19,TRY,purchase
2662,406,28,2026-04-08,2182.58,TRY,transfer
2663,691,39,2025-12-05,1643.3,TRY,transfer
2664,969,53,2025-05-28,5368.78,TRY,transfer
2665,601,41,2025-01-07,6796.8,TRY,purchase
2666,730,97,2026-01-02,4120.38,TRY,purchase
2667,629,9,2026-06-27,2907.71,TRY,purchase
2668,751,25,2025-09-12,6858.88,TRY,purchase
2669,856,24,2025-01-31,4552.86,TRY,refund
2670,747,16,2025-12-06,641.96,TRY,refund
2671,588,90,2026-02-01,5638.3,TRY,refund
2672,714,61,2025-05-22,5933.91,TRY,purchase
2673,99,40,2025-12-30,1258.33,TRY,refund
2674,901,33,2026-05-27,653.33,TRY,refund
2675,412,26,2025-08-21,2471.38,TRY,transfer
2676,649,11,2025-12-14,3173.06,TRY,purchase
2677,537,33,2025-01-21,6157.52,TRY,purchase
2678,571,8,2026-01-18,686.52,TRY,purchase
2679,987,68,2025-01-13,52.53,TRY,refund
2680,314,4,2026-08-05,3952.29,TRY,purchase
2681,979,23,2025-07-13,4462.64,TRY,refund
2682,187,69,2025-08-12,6830.91,TRY,purchase
2683,894,88,2025-06-08,4206.03,TRY,transfer
2684,182,57,2025-07-01,3561.15,TRY,refund
2685,32,80,2025-02-09,6548.35,TRY,purchase
2686,827,40,2025-10-26,772.27,TRY,transfer
2687,185,76,2026-06-15,1188.35,TRY,purchase
2688,510,25,2025-06-08,6981.45,TRY,refund
2689,961,59,2026-07-16,5825.76,TRY,refund
2690,967,15,2026-07-22,476.94,TRY,purchase
2691,375,19,2025-09-03,6723.5,TRY,refund
2692,193,52,2025-02-12,2521.08,TRY,refund
2693,831,85,2026-08-29,709.49,TRY,transfer
2694,94,85,2025-11-25,6384.83,TRY,transfer
2695,589,90,2026-06-29,3661.28,TRY,transfer
2696,659,26,2025-10-17,2255.81,TRY,refund
2697,782,26,2025-10-27,6610.85,TRY,refund
2698,414,56,2026-01-22,595.07,TRY,purchase
2699,504,14,2025-11-26,3937.55,TRY,transfer
2700,399,40,2026-05-25,6946.17,TRY,refund
2701,790,88,2025-02-26,3702.3,TRY,purchase
2702,193,12,2025-11-11,6246.81,TRY,transfer
2703,922,74,2026-07-10,1230.04,TRY,refund
2704,757,7,2026-07-02,215.18,TRY,refund
2705,395,25,2025-12-27,6750.03,TRY,purchase
2706,844,88,2026-03-21,5175.01,TRY,transfer
2707,870,23,2026-06-05,2608.35,TRY,transfer
2708,46,28,2025-04-12,3211.49,TRY,purchase
2709,914,29,2025-11-24,529.29,TRY,purchase
2710,508,27,2026-08-08,4490.14,TRY,purchase
2711,47,49,2025-07-30,6304.24,TRY,purchase
2712,947,38,2025-01-05,6332.68,TRY,transfer
2713,834,43,2025-07-01,6909.86,TRY,purchase
2714,381,52,2025-02-15,1108.38,TRY,transfer
2715,253,80,2025-09-22,6175.97,TRY,refund
2716,697,74,2025-11-14,1450.04,TRY,transfer
2717,755,35,2026-02-24,4838.16,TRY,refund
2718,844,53,2026-01-22,1961.05,TRY,purchase
2719,837,100,2026-05-15,1788.91,TRY,purchase
2720,642,89,2026-02-09,311.76,TRY,refund
2721,132,85,2025-08-17,512.26,TRY,purchase
2722,119,21,2026-05-16,484.17,TRY,transfer
2723,336,22,2025-09-20,6688.11,TRY,transfer
2724,953,89,2026-02-12,2007.95,TRY,refund
2725,292,73,2025-09-25,777.27,TRY,purchase
2726,405,26,2025-03-30,3892.15,TRY,refund
2727,206,17,2026-06-15,6969.0,TRY,refund
2728,491,14,2025-04-25,1615.94,TRY,refund
2729,189,11,2025-03-11,1707.43,TRY,transfer
2730,380,57,2025-05-27,3105.33,TRY,purchase
2731,679,65,2025-07-13,5384.47,TRY,transfer
2732,326,6,2026-08-06,119.19,TRY,purchase
2733,350,33,2025-06-29,2463.82,TRY,purchase
2734,924,83,2025-02-27,2751.36,TRY,purchase
2735,970,38,2026-06-02,464.27,TRY,purchase
2736,643,25,2025-12-10,4612.93,TRY,refund
2737,26,57,2025-03-13,5907.09,TRY,transfer
2738,542,37,2026-07-25,1144.46,TRY,transfer
2739,988,41,2025-02-28,797.33,TRY,purchase
2740,420,67,2026-07-02,141.88,TRY,transfer
2741,174,93,2025-11-26,2605.2,TRY,purchase
2742,924,14,2025-08-28,61.19,TRY,purchase
2743,577,8,2026-02-01,5385.49,TRY,purchase
2744,878,29,2025-02-06,3954.2,TRY,purchase
2745,21,84,2026-05-03,6561.73,TRY,transfer
2746,396,37,2026-02-01,3158.71,TRY,transfer
2747,244,88,2026-05-18,4296.01,TRY,refund
2748,652,59,2026-05-06,6437.6,TRY,purchase
2749,466,69,2026-01-04,1582.4,TRY,refund
2750,653,94,2025-06-28,6742.02,TRY,refund
2751,264,21,2026-01-12,5185.24,TRY,refund
2752,825,39,2025-05-28,317.03,TRY,refund
2753,728,70,2025-08-21,6912.68,TRY,purchase
2754,861,81,2025-12-28,1472.54,TRY,refund
2755,432,54,2026-04-17,5139.48,TRY,refund
2756,976,50,2026-04-20,2557.65,TRY,refund
2757,682,52,2025-05-17,5068.69,TRY,purchase
2758,252,28,2025-07-15,3987.34,TRY,transfer
2759,676,80,2026-01-08,6304.47,TRY,transfer
2760,884,98,2026-02-23,2636.22,TRY,refund
2761,219,51,2025-05-25,3302.22,TRY,transfer
2762,668,58,2025-11-04,6334.64,TRY,transfer
2763,423,7,2025-07-24,1535.9,TRY,transfer
2764,912,21,2026-01-29,6561.11,TRY,refund
2765,185,57,2025-01-25,4863.91,TRY,refund
2766,582,86,2025-06-26,1927.77,TRY,transfer
2767,697,73,2025-06-09,4495.84,TRY,transfer
2768,801,26,2025-06-04,2890.8,TRY,refund
2769,252,95,2025-05-14,5343.09,TRY,refund
2770,324,79,2026-06-28,5152.52,TRY,purchase
2771,693,13,2025-03-08,618.54,TRY,purchase
2772,943,7,2025-12-06,5971.15,TRY,refund
2773,954,46,2025-07-27,5210.22,TRY,purchase
2774,315,9,2026-01-07,4370.16,TRY,refund
2775,598,58,2026-05-02,2383.57,TRY,purchase
2776,297,39,2025-04-14,5620.3,TRY,purchase
2777,923,20,2025-06-17,2918.0,TRY,transfer
2778,933,80,2026-02-24,1124.8,TRY,transfer
2779,644,61,2025-10-15,4835.95,TRY,purchase
2780,1000,15,2025-05-31,6366.11,TRY,purchase
2781,774,6,2025-05-19,6164.02,TRY,refund
2782,389,62,2025-06-24,5374.62,TRY,transfer
2783,705,47,2026-03-28,4102.54,TRY,purchase
2784,459,3,2026-05-19,6627.3,TRY,transfer
2785,353,44,2025-03-29,6207.71,TRY,purchase
2786,182,18,2025-11-04,4748.06,TRY,purchase
2787,114,86,2025-07-21,6731.79,TRY,refund
2788,300,92,2025-03-27,2495.89,TRY,refund
2789,17,80,2026-08-28,2935.82,TRY,purchase
2790,374,33,2025-07-16,3603.69,TRY,transfer
2791,926,4,2026-05-17,2243.6,TRY,purchase
2792,54,84,2025-09-02,4909.59,TRY,refund
2793,460,56,2025-12-12,302.38,TRY,transfer
2794,778,85,2026-04-15,4622.69,TRY,refund
2795,565,5,2025-05-14,6106.84,TRY,transfer
2796,11,95,2026-08-11,154.1,TRY,refund
2797,205,61,2026-01-25,2731.01,TRY,transfer
2798,689,35,2026-01-20,2362.73,TRY,transfer
2799,875,55,2026-02-21,4956.82,TRY,purchase
2800,966,45,2025-09-25,3875.63,TRY,refund
2801,289,35,2025-03-27,6395.23,TRY,transfer
2802,87,86,2025-11-23,6033.12,TRY,purchase
2803,24,17,2025-04-20,1715.87,TRY,purchase
2804,383,9,2025-06-07,4011.92,TRY,purchase
2805,798,12,2025-03-19,87.32,TRY,purchase
2806,755,44,2025-03-14,1110.58,TRY,transfer
2807,989,59,2025-12-05,5507.2,TRY,purchase
2808,628,16,2025-02-27,4934.95,TRY,purchase
2809,941,96,2025-03-25,1315.31,TRY,transfer
2810,975,12,2025-01-04,3042.13,TRY,transfer
2811,239,27,2025-02-21,5024.51,TRY,refund
2812,329,81,2026-06-27,1364.62,TRY,purchase
2813,726,64,2025-07-10,3295.09,TRY,transfer
2814,693,76,2025-03-04,3108.76,TRY,transfer
2815,7,11,2025-06-30,6819.85,TRY,refund
2816,148,70,2026-08-13,6809.61,TRY,transfer
2817,127,90,2025-03-19,1333.63,TRY,refund
2818,775,30,2025-06-16,2774.78,TRY,transfer
2819,304,77,2026-02-27,3556.45,TRY,refund
2820,224,55,2025-09-14,5774.79,TRY,transfer
2821,247,68,2025-01-08,4590.8,TRY,transfer
2822,258,37,2025-06-15,471.28,TRY,purchase
2823,506,45,2025-03-03,4346.52,TRY,refund
2824,82,87,2026-04-02,103.75,TRY,transfer
2825,691,12,2025-11-23,4125.21,TRY,refund
2826,715,88,2025-03-09,3993.02,TRY,transfer
2827,860,41,2026-04-07,2519.63,TRY,refund
2828,380,64,2025-11-04,5348.62,TRY,refund
2829,560,96,2025-07-14,1612.22,TRY,purchase
2830,44,89,2025-12-28,2879.93,TRY,refund
2831,333,52,2026-04-20,6083.4,TRY,refund
2832,464,20,2025-05-26,5170.26,TRY,refund
2833,430,4,2025-05-23,5522.09,TRY,refund
2834,892,81,2025-06-02,2807.94,TRY,purchase
2835,445,85,2025-06-26,1074.25,TRY,purchase
2836,223,13,2025-01-17,2751.22,TRY,purchase
2837,278,44,2025-07-22,171.33,TRY,refund
2838,163,39,2026-07-17,1958.13,TRY,purchase
2839,499,78,2026-05-27,3041.34,TRY,purchase
2840,500,86,2025-03-03,2486.52,TRY,purchase
2841,69,42,2026-05-04,4262.57,TRY,purchase
2842,241,67,2026-05-22,5629.28,TRY,refund
2843,503,2,2025-11-12,4427.93,TRY,refund
2844,646,40,2026-03-16,4289.15,TRY,transfer
2845,133,68,2025-10-16,2400.86,TRY,refund
2846,827,89,2025-05-12,2599.58,TRY,refund
2847,65,3,2026-04-03,2602.66,TRY,purchase
2848,215,42,2025-08-28,6372.82,TRY,refund
2849,650,61,2025-10-15,3893.87,TRY,transfer
2850,813,43,2025-07-19,6314.95,TRY,refund
2851,801,81,2026-08-10,6798.53,TRY,purchase
2852,726,76,2025-08-31,5696.99,TRY,purchase
2853,501,73,2026-04-27,6236.09,TRY,refund
2854,524,13,2026-01-29,5256.34,TRY,transfer
2855,330,11,2026-06-26,3446.76,TRY,transfer
2856,923,94,2025-09-30,487.14,TRY,refund
2857,797,25,2025-10-10,4989.12,TRY,refund
2858,869,100,2025-03-02,3326.75,TRY,purchase
2859,649,1,2025-12-02,2506.06,TRY,transfer
2860,495,72,2025-05-30,5490.12,TRY,refund
2861,497,41,2026-07-04,1416.41,TRY,transfer
2862,193,77,2025-05-04,2083.42,TRY,purchase
2863,754,25,2026-06-21,5595.96,TRY,refund
2864,255,49,2026-03-10,4910.51,TRY,purchase
2865,306,34,2025-07-29,1025.54,TRY,purchase
2866,30,84,2026-03-08,569.39,TRY,refund
2867,795,19,2026-04-03,4388.71,TRY,transfer
2868,161,77,2026-03-31,5314.06,TRY,purchase
2869,960,36,2026-04-12,1946.13,TRY,transfer
2870,622,59,2025-10-19,1157.05,TRY,purchase
2871,331,3,2025-05-07,385.92,TRY,refund
2872,566,62,2026-01-13,1009.43,TRY,transfer
2873,385,71,2025-01-27,4409.65,TRY,transfer
2874,332,51,2025-07-02,2299.74,TRY,purchase
2875,660,37,2025-11-28,3968.01,TRY,transfer
2876,41,66,2025-02-27,5064.98,TRY,transfer
2877,136,64,2025-03-07,6490.1,TRY,purchase
2878,156,14,2026-06-20,1160.4,TRY,transfer
2879,241,12,2026-01-04,6806.79,TRY,refund
2880,84,53,2025-12-18,5260.94,TRY,refund
2881,411,70,2025-03-05,3682.26,TRY,transfer
2882,809,51,2025-06-08,3845.72,TRY,purchase
2883,834,27,2026-04-05,1130.24,TRY,refund
2884,233,31,2025-02-27,4520.41,TRY,transfer
2885,25,7,2025-08-19,3361.28,TRY,purchase
2886,225,98,2025-08-27,6650.76,TRY,purchase
2887,513,41,2025-11-27,2724.93,TRY,transfer
2888,687,51,2025-01-20,3581.52,TRY,refund
2889,505,4,2026-03-01,3859.22,TRY,purchase
2890,205,76,2025-02-06,1477.68,TRY,transfer
2891,504,1,2025-12-24,4918.73,TRY,transfer
2892,903,48,2026-06-06,6292.08,TRY,purchase
2893,407,28,2025-06-05,3762.89,TRY,transfer
2894,763,80,2025-10-16,1874.21,TRY,refund
2895,524,50,2025-06-13,5847.06,TRY,transfer
2896,263,43,2025-07-20,2302.87,TRY,refund
2897,403,16,2025-10-20,3172.52,TRY,refund
2898,618,84,2026-06-09,5394.72,TRY,purchase
2899,190,15,2025-02-12,2724.42,TRY,purchase
2900,761,27,2025-07-24,5323.12,TRY,transfer
2901,766,39,2025-08-08,6208.83,TRY,refund
2902,370,60,2025-02-25,4541.85,TRY,purchase
2903,581,33,2025-08-11,3587.47,TRY,refund
2904,13,28,2025-07-05,6025.3,TRY,purchase
2905,512,93,2026-02-02,5045.39,TRY,refund
2906,401,78,2025-06-19,6447.32,TRY,refund
2907,575,77,2025-10-20,5569.12,TRY,transfer
2908,878,32,2025-03-21,4322.26,TRY,purchase
2909,874,4,2025-02-21,6003.02,TRY,refund
2910,953,1,2025-11-07,3126.52,TRY,transfer
2911,582,21,2025-04-10,393.69,TRY,purchase
2912,662,25,2026-03-10,5198.09,TRY,refund
2913,78,36,2026-03-04,4582.31,TRY,refund
2914,789,5,2025-05-03,2128.31,TRY,refund
2915,468,27,2025-05-04,6437.46,TRY,transfer
2916,976,88,2025-02-01,6164.43,TRY,refund
2917,179,2,2025-04-26,620.94,TRY,purchase
2918,467,75,2026-07-25,1926.48,TRY,purchase
2919,720,73,2026-05-07,461.72,TRY,transfer
2920,157,28,2025-03-08,2794.82,TRY,refund
2921,31,5,2026-05-25,3038.76,TRY,refund
2922,423,23,2025-01-14,4045.79,TRY,purchase
2923,673,9,2025-10-15,4975.11,TRY,transfer
2924,491,26,2025-10-01,190.4,TRY,refund
2925,987,25,2025-08-29,4833.93,TRY,purchase
2926,666,6,2026-07-31,5851.04,TRY,refund
2927,573,90,2026-05-16,5547.91,TRY,transfer
2928,869,96,2025-02-18,2019.89,TRY,purchase
2929,613,48,2026-04-13,5748.59,TRY,transfer
2930,168,48,2026-01-16,5088.87,TRY,transfer
2931,150,42,2025-12-22,2860.87,TRY,transfer
2932,412,48,2026-04-24,6884.92,TRY,refund
2933,152,87,2026-05-22,4736.46,TRY,refund
2934,369,56,2025-03-30,4223.02,TRY,purchase
2935,341,46,2026-04-23,3166.37,TRY,transfer
2936,883,88,2025-06-18,6230.39,TRY,refund
2937,519,81,2025-05-29,4199.57,TRY,transfer
2938,648,96,2025-06-13,5960.66,TRY,transfer
2939,143,27,2026-02-10,590.57,TRY,refund
2940,902,15,2026-05-29,3817.1,TRY,transfer
2941,107,74,2025-01-05,1797.93,TRY,transfer
2942,681,22,2025-08-21,4794.39,TRY,refund
2943,501,15,2025-11-30,5128.35,TRY,refund
2944,562,51,2026-06-20,4605.11,TRY,refund
2945,225,74,2025-12-26,5253.79,TRY,transfer
2946,770,14,2025-08-20,4490.48,TRY,refund
2947,160,89,2025-07-12,5019.09,TRY,transfer
2948,820,14,2026-05-23,1027.6,TRY,purchase
2949,712,40,2025-09-05,5295.49,TRY,refund
2950,846,27,2026-07-09,4474.98,TRY,purchase
2951,25,3,2025-02-01,2084.57,TRY,purchase
2952,191,100,2025-03-15,487.81,TRY,refund
2953,974,16,2026-03-09,6615.22,TRY,transfer
2954,413,2,2025-11-04,2415.32,TRY,refund
2955,214,39,2026-03-15,4342.42,TRY,refund
2956,651,79,2026-08-31,312.29,TRY,refund
2957,33,64,2025-11-24,2473.45,TRY,refund
2958,718,61,2026-01-28,5275.37,TRY,purchase
2959,433,89,2026-08-25,4349.22,TRY,refund
2960,972,88,2026-05-18,6962.58,TRY,refund
2961,40,63,2025-03-30,3334.61,TRY,transfer
2962,95,11,2025-09-09,5075.46,TRY,transfer
2963,647,13,2026-04-11,2671.36,TRY,refund
2964,248,78,2026-04-26,259.71,TRY,refund
2965,566,100,2026-04-08,1531.56,TRY,refund
2966,98,2,2025-05-12,4162.13,TRY,transfer
2967,800,4,2026-06-03,3122.12,TRY,transfer
2968,186,60,2025-10-09,4885.97,TRY,refund
2969,821,69,2025-02-19,1787.37,TRY,purchase
2970,715,67,2026-05-18,1233.95,TRY,refund
2971,301,21,2025-02-10,2046.2,TRY,refund
2972,437,15,2025-06-08,6780.58,TRY,purchase
2973,204,62,2026-05-13,1758.32,TRY,refund
2974,795,96,2025-06-30,5411.79,TRY,purchase
2975,310,24,2025-08-17,2393.69,TRY,transfer
2976,598,64,2025-08-23,5002.52,TRY,transfer
2977,971,15,2025-04-14,1167.74,TRY,purchase
2978,759,78,2026-07-31,185.27,TRY,refund
2979,376,90,2026-03-17,163.35,TRY,transfer
2980,920,89,2026-01-13,4451.13,TRY,purchase
2981,429,61,2025-02-04,1966.74,TRY,transfer
2982,719,55,2025-03-10,474.92,TRY,refund
2983,899,86,2026-01-02,3332.89,TRY,transfer
2984,942,32,2025-05-21,864.66,TRY,purchase
2985,89,74,2025-07-11,4659.19,TRY,refund
2986,676,70,2026-01-18,3910.43,TRY,refund
2987,69,85,2025-07-09,4083.2,TRY,purchase
2988,574,6,2025-08-26,1433.08,TRY,refund
2989,137,96,2026-02-05,98.13,TRY,purchase
2990,523,2,2025-04-26,3681.45,TRY,refund
2991,600,68,2025-01-10,2137.34,TRY,purchase
2992,328,32,2026-05-07,5612.55,TRY,purchase
2993,680,61,2026-05-05,3361.57,TRY,purchase
2994,177,50,2026-07-21,4441.11,TRY,transfer
2995,880,10,2025-05-30,4676.23,TRY,transfer
2996,149,98,2025-03-11,3354.27,TRY,purchase
2997,580,22,2025-09-10,4396.05,TRY,refund
2998,860,81,2026-01-06,6564.51,TRY,refund
2999,417,8,2026-03-19,319.5,TRY,refund
3000,800,51,2025-01-29,1364.39,TRY,transfer
3001,954,48,2026-02-05,3159.8,TRY,purchase
3002,767,17,2026-05-06,4311.97,TRY,transfer
3003,911,53,2025-06-11,1704.56,TRY,transfer
3004,295,64,2025-03-18,3040.54,TRY,purchase
3005,428,9,2026-07-30,612.2,TRY,purchase
3006,792,83,2025-02-10,2599.26,TRY,refund
3007,288,60,2025-12-16,2138.41,TRY,transfer
3008,620,42,2025-11-12,5990.54,TRY,refund
3009,524,63,2026-01-31,5306.78,TRY,transfer
3010,604,89,2026-07-28,6465.71,TRY,transfer
3011,614,85,2026-08-11,978.13,TRY,refund
3012,94,89,2026-05-17,6827.08,TRY,transfer
3013,530,79,2025-03-06,1776.12,TRY,refund
3014,957,35,2025-10-23,4169.15,TRY,purchase
3015,321,42,2025-09-03,3970.78,TRY,refund
3016,996,40,2025-07-16,5783.63,TRY,transfer
3017,693,53,2025-10-13,1862.09,TRY,refund
3018,686,85,2025-07-12,5382.83,TRY,purchase
3019,822,99,2025-10-30,1345.96,TRY,transfer
3020,371,92,2026-07-10,3879.26,TRY,purchase
3021,818,60,2026-08-19,3650.39,TRY,purchase
3022,742,93,2025-10-26,4477.4,TRY,purchase
3023,613,82,2025-12-12,1297.88,TRY,transfer
3024,830,64,2026-01-19,1734.52,TRY,refund
3025,735,35,2026-08-05,3224.37,TRY,refund
3026,150,33,2025-03-15,1782.7,TRY,refund
3027,833,71,2026-02-07,42.8,TRY,purchase
3028,832,33,2026-05-22,3194.23,TRY,transfer
3029,598,36,2026-06-08,3980.83,TRY,purchase
3030,273,7,2026-03-14,4404.23,TRY,refund
3031,610,14,2026-05-03,3071.46,TRY,refund
3032,123,18,2025-07-05,877.96,TRY,purchase
3033,43,9,2025-10-12,770.08,TRY,transfer
3034,275,17,2025-04-09,6481.72,TRY,transfer
3035,434,27,2025-02-10,6241.35,TRY,transfer
3036,62,2,2025-04-25,2376.49,TRY,transfer
3037,737,36,2025-10-19,3020.02,TRY,purchase
3038,226,80,2026-08-08,5267.05,TRY,transfer
3039,363,31,2025-06-05,180.22,TRY,transfer
3040,325,98,2025-08-14,1219.46,TRY,refund
3041,209,70,2025-01-18,6682.22,TRY,purchase
3042,585,95,2025-10-04,5670.66,TRY,purchase
3043,98,32,2026-02-21,1562.39,TRY,refund
3044,625,22,2025-06-27,6425.03,TRY,refund
3045,110,1,2025-09-02,4704.71,TRY,refund
3046,594,77,2026-01-31,3134.23,TRY,purchase
3047,103,11,2026-02-23,4992.73,TRY,refund
3048,154,95,2026-01-29,5957.09,TRY,refund
3049,24,70,2025-10-06,1451.8,TRY,transfer
3050,504,56,2026-06-21,2409.18,TRY,purchase
3051,512,65,2026-02-02,5870.77,TRY,transfer
3052,211,48,2025-05-28,4930.13,TRY,transfer
3053,858,90,2026-01-22,1195.3,TRY,refund
3054,213,28,2025-11-18,2485.79,TRY,refund
3055,255,92,2025-10-25,6291.2,TRY,refund
3056,615,61,2025-01-25,4811.72,TRY,transfer
3057,250,83,2025-03-08,3176.68,TRY,purchase
3058,399,74,2025-12-20,2529.45,TRY,purchase
3059,503,56,2026-04-02,6366.13,TRY,purchase
3060,448,33,2025-12-23,1615.33,TRY,refund
3061,934,34,2026-05-06,1123.53,TRY,purchase
3062,875,75,2026-06-14,4201.75,TRY,purchase
3063,867,5,2026-01-26,2564.71,TRY,purchase
3064,93,91,2025-06-12,664.79,TRY,transfer
3065,567,7,2025-09-14,573.2,TRY,refund
3066,464,20,2025-10-28,1008.61,TRY,refund
3067,286,24,2025-08-23,2878.06,TRY,purchase
3068,534,9,2025-08-26,6105.23,TRY,transfer
3069,54,74,2025-06-30,2031.94,TRY,refund
3070,965,55,2025-06-21,1668.99,TRY,purchase
3071,618,92,2025-03-20,490.33,TRY,purchase
3072,276,23,2026-07-01,886.48,TRY,refund
3073,567,98,2026-01-13,5068.0,TRY,purchase
3074,547,24,2025-09-09,5512.62,TRY,refund
3075,876,22,2025-10-06,3602.46,TRY,purchase
3076,513,65,2025-02-28,2768.76,TRY,purchase
3077,50,61,2025-06-09,5928.83,TRY,purchase
3078,883,78,2026-01-12,4025.57,TRY,refund
3079,474,32,2026-04-11,1242.51,TRY,purchase
3080,731,32,2025-06-15,4488.15,TRY,purchase
3081,69,49,2025-05-20,24.0,TRY,refund
3082,542,63,2026-02-09,3861.2,TRY,transfer
3083,414,68,2026-04-23,6735.49,TRY,transfer
3084,363,78,2026-08-15,5034.12,TRY,transfer
3085,415,97,2025-09-15,3673.82,TRY,refund
3086,171,65,2026-05-27,901.15,TRY,purchase
3087,212,10,2026-01-12,5896.78,TRY,purchase
3088,619,53,2026-01-27,2644.09,TRY,refund
3089,25,41,2026-05-14,1406.95,TRY,purchase
3090,221,56,2025-05-31,3160.58,TRY,transfer
3091,810,98,2025-05-24,4550.52,TRY,refund
3092,406,32,2025-05-26,134.32,TRY,purchase
3093,926,57,2025-09-16,3417.7,TRY,refund
3094,730,60,2026-01-16,6179.04,TRY,refund
3095,134,54,2025-02-22,1732.65,TRY,purchase
3096,919,82,2025-04-14,2082.02,TRY,purchase
3097,359,60,2026-01-31,6211.58,TRY,refund
3098,80,77,2025-10-29,2496.33,TRY,transfer
3099,565,62,2025-02-11,6539.16,TRY,refund
3100,70,46,2025-12-06,1370.49,TRY,transfer
3101,170,2,2025-04-14,1038.65,TRY,transfer
3102,576,35,2025-03-03,192.29,TRY,purchase
3103,646,67,2026-01-16,188.5,TRY,refund
3104,343,79,2026-04-17,2441.54,TRY,refund
3105,292,48,2025-02-22,5612.54,TRY,transfer
3106,127,57,2026-05-15,3045.19,TRY,transfer
3107,38,86,2026-07-16,5106.08,TRY,transfer
3108,519,9,2025-06-07,6531.97,TRY,refund
3109,339,85,2026-03-27,5125.52,TRY,transfer
3110,274,19,2025-05-26,5339.52,TRY,purchase
3111,96,79,2026-01-29,1944.8,TRY,purchase
3112,43,6,2025-11-07,104.56,TRY,purchase
3113,200,54,2026-08-06,1371.78,TRY,purchase
3114,438,71,2026-08-05,1800.93,TRY,purchase
3115,1,9,2025-06-17,6014.71,TRY,refund
3116,745,62,2025-03-09,1549.28,TRY,purchase
3117,948,87,2026-05-21,817.37,TRY,transfer
3118,471,44,2026-01-17,5957.14,TRY,refund
3119,591,72,2026-07-16,6226.41,TRY,transfer
3120,339,81,2025-12-01,3696.43,TRY,transfer
3121,699,92,2026-08-27,3649.94,TRY,refund
3122,826,77,2025-09-09,1598.87,TRY,purchase
3123,445,62,2025-10-06,2310.51,TRY,transfer
3124,308,64,2026-02-19,377.98,TRY,transfer
3125,308,33,2025-04-20,5772.0,TRY,transfer
3126,229,29,2025-09-12,3261.15,TRY,purchase
3127,949,13,2026-07-10,3550.79,TRY,refund
3128,761,52,2026-03-06,3974.68,TRY,refund
3129,84,32,2025-06-16,4368.95,TRY,transfer
3130,68,100,2025-11-18,6484.35,TRY,purchase
3131,447,52,2026-03-19,1095.24,TRY,refund
3132,32,43,2026-01-15,845.22,TRY,purchase
3133,499,63,2026-02-10,4127.19,TRY,refund
3134,441,31,2025-10-21,1717.79,TRY,purchase
3135,345,21,2025-12-01,4162.25,TRY,purchase
3136,104,11,2025-03-26,5577.44,TRY,purchase
3137,154,70,2026-03-15,3458.69,TRY,purchase
3138,957,90,2025-06-05,6943.02,TRY,purchase
3139,483,23,2025-02-03,951.71,TRY,refund
3140,696,88,2026-01-01,4669.09,TRY,purchase
3141,42,22,2025-11-14,2324.39,TRY,purchase
3142,597,11,2025-02-10,4308.26,TRY,purchase
3143,809,22,2026-02-05,5772.85,TRY,refund
3144,111,35,2026-08-31,2054.17,TRY,transfer
3145,74,79,2025-10-19,987.54,TRY,refund
3146,621,34,2025-06-11,4511.38,TRY,transfer
3147,528,13,2026-05-24,4253.26,TRY,transfer
3148,291,5,2026-02-07,5968.05,TRY,transfer
3149,167,89,2026-04-30,5675.69,TRY,refund
3150,975,66,2025-11-10,2069.7,TRY,transfer
3151,835,52,2026-03-05,5652.62,TRY,purchase
3152,814,40,2025-12-01,1489.62,TRY,refund
3153,153,91,2025-06-08,276.85,TRY,purchase
3154,602,16,2025-06-01,771.57,TRY,refund
3155,130,20,2025-03-17,1991.68,TRY,refund
3156,705,41,2026-08-17,1689.99,TRY,refund
3157,446,53,2025-05-06,6510.52,TRY,transfer
3158,966,86,2026-07-20,5111.08,TRY,refund
3159,960,91,2025-08-03,6271.22,TRY,transfer
3160,35,47,2025-06-10,2747.74,TRY,refund
3161,68,7,2025-02-02,5891.03,TRY,refund
3162,399,24,2026-05-25,3255.26,TRY,refund
3163,803,91,2025-11-28,3158.29,TRY,refund
3164,764,91,2026-03-09,4615.67,TRY,transfer
3165,889,90,2025-07-08,71.92,TRY,purchase
3166,978,33,2026-03-02,670.65,TRY,refund
3167,152,6,2025-05-24,1695.36,TRY,transfer
3168,508,36,2025-07-27,5051.08,TRY,refund
3169,40,99,2025-01-10,4428.13,TRY,transfer
3170,352,79,2026-01-17,2373.52,TRY,purchase
3171,495,99,2026-05-29,1427.96,TRY,purchase
3172,341,88,2026-06-02,1928.65,TRY,refund
3173,911,68,2026-08-28,4295.0,TRY,transfer
3174,202,56,2025-02-10,3195.57,TRY,transfer
3175,606,71,2025-10-25,3780.77,TRY,refund
3176,46,37,2025-12-07,145.05,TRY,transfer
3177,643,9,2026-05-01,5810.28,TRY,refund
3178,952,60,2026-08-09,1632.0,TRY,refund
3179,855,76,2025-08-17,3155.91,TRY,refund
3180,913,84,2025-02-09,5720.82,TRY,transfer
3181,927,75,2025-09-18,2775.79,TRY,purchase
3182,544,30,2025-02-11,1568.17,TRY,refund
3183,245,51,2025-01-03,3021.48,TRY,purchase
3184,822,36,2026-07-03,5704.68,TRY,transfer
3185,963,54,2025-01-17,3522.23,TRY,transfer
3186,814,99,2025-11-10,5386.93,TRY,transfer
3187,53,64,2026-08-18,1509.63,TRY,transfer
3188,566,37,2025-04-29,5989.53,TRY,refund
3189,575,93,2025-12-03,1257.11,TRY,transfer
3190,206,2,2026-03-16,576.14,TRY,transfer
3191,252,62,2025-01-22,714.23,TRY,transfer
3192,749,34,2025-06-23,4609.05,TRY,transfer
3193,264,54,2025-06-15,6343.56,TRY,purchase
3194,747,21,2026-01-06,701.28,TRY,refund
3195,317,70,2026-07-16,4480.38,TRY,purchase
3196,160,16,2025-01-04,6676.03,TRY,purchase
3197,798,99,2025-10-04,6756.7,TRY,purchase
3198,784,58,2025-12-12,867.64,TRY,transfer
3199,477,66,2025-05-06,3379.07,TRY,transfer
3200,285,11,2025-12-31,5527.22,TRY,refund
3201,181,50,2025-07-13,3826.23,TRY,refund
3202,743,3,2025-03-30,6945.02,TRY,purchase
3203,150,44,2025-06-14,3664.17,TRY,transfer
3204,548,25,2026-05-06,6937.97,TRY,transfer
3205,360,4,2025-12-15,5977.47,TRY,refund
3206,107,66,2026-02-17,1502.27,TRY,purchase
3207,636,82,2026-05-11,5418.77,TRY,transfer
3208,715,9,2025-08-21,5844.89,TRY,refund
3209,571,99,2026-04-14,2723.18,TRY,transfer
3210,378,26,2025-02-12,273.93,TRY,purchase
3211,4,74,2025-12-30,139.51,TRY,transfer
3212,957,48,2025-12-13,2920.43,TRY,purchase
3213,993,41,2026-04-20,614.87,TRY,purchase
3214,609,67,2026-07-29,5367.55,TRY,transfer
3215,140,61,2026-05-22,3884.02,TRY,transfer
3216,744,98,2025-12-15,855.88,TRY,purchase
3217,806,82,2025-11-21,1737.34,TRY,transfer
3218,842,55,2025-10-28,291.79,TRY,purchase
3219,57,39,2025-05-21,4877.43,TRY,refund
3220,157,36,2025-12-15,5951.16,TRY,purchase
3221,999,68,2026-01-08,544.28,TRY,refund
3222,757,39,2026-02-21,178.67,TRY,refund
3223,336,24,2025-04-06,6089.14,TRY,transfer
3224,618,77,2025-04-13,2550.47,TRY,purchase
3225,999,34,2025-12-08,2241.82,TRY,purchase
3226,188,74,2025-08-06,4083.95,TRY,purchase
3227,238,7,2025-10-11,2194.19,TRY,transfer
3228,773,70,2025-03-23,5684.81,TRY,transfer
3229,958,74,2026-07-14,2094.5,TRY,transfer
3230,674,39,2025-04-13,6269.37,TRY,purchase
3231,320,54,2025-04-06,4612.12,TRY,refund
3232,759,7,2025-05-21,499.86,TRY,transfer
3233,5,14,2026-05-04,316.82,TRY,refund
3234,416,70,2025-04-20,1864.69,TRY,transfer
3235,963,72,2025-09-11,592.42,TRY,purchase
3236,190,84,2026-08-06,4910.87,TRY,purchase
3237,646,3,2026-04-27,1544.56,TRY,transfer
3238,130,22,2026-06-06,1685.33,TRY,refund
3239,6,88,2026-06-20,6128.01,TRY,transfer
3240,814,94,2025-07-12,3458.72,TRY,purchase
3241,61,56,2025-08-05,4300.54,TRY,refund
3242,198,68,2025-10-27,2422.99,TRY,refund
3243,998,76,2026-02-26,6377.01,TRY,refund
3244,276,32,2025-05-08,4954.19,TRY,refund
3245,664,78,2026-05-25,30.14,TRY,purchase
3246,416,76,2025-07-15,5232.56,TRY,transfer
3247,132,74,2025-07-08,5704.83,TRY,transfer
3248,123,86,2025-09-12,944.49,TRY,purchase
3249,237,32,2025-02-17,5124.14,TRY,transfer
3250,405,18,2025-08-12,1950.31,TRY,purchase
3251,589,1,2025-08-04,5026.31,TRY,transfer
3252,15,53,2025-04-20,2402.67,TRY,refund
3253,148,19,2025-05-07,6084.23,TRY,refund
3254,421,49,2026-06-16,4768.6,TRY,refund
3255,680,26,2025-05-30,1463.33,TRY,refund
3256,193,86,2025-09-06,3439.6,TRY,refund
3257,448,7,2025-09-16,41.34,TRY,refund
3258,163,8,2025-03-03,5243.3,TRY,transfer
3259,297,27,2026-02-28,790.71,TRY,refund
3260,145,37,2025-10-14,1255.88,TRY,purchase
3261,485,98,2026-06-27,475.76,TRY,refund
3262,357,39,2025-08-18,3156.41,TRY,transfer
3263,885,36,2026-05-04,6745.29,TRY,refund
3264,165,62,2025-08-14,3078.14,TRY,purchase
3265,18,100,2025-08-29,4523.64,TRY,refund
3266,225,71,2026-06-06,4500.38,TRY,purchase
3267,113,35,2026-01-15,3663.76,TRY,transfer
3268,102,35,2026-06-13,5600.24,TRY,transfer
3269,414,3,2025-03-06,3978.75,TRY,purchase
3270,248,37,2025-09-16,5671.78,TRY,transfer
3271,954,72,2026-08-12,5596.98,TRY,transfer
3272,944,24,2026-05-24,6842.61,TRY,purchase
3273,153,3,2025-12-02,5384.08,TRY,transfer
3274,430,73,2025-12-16,30.19,TRY,purchase
3275,192,14,2025-11-10,5051.75,TRY,refund
3276,258,90,2025-10-06,4111.62,TRY,transfer
3277,412,86,2026-08-02,3956.87,TRY,purchase
3278,390,61,2025-07-20,6233.99,TRY,refund
3279,47,44,2026-01-01,3310.26,TRY,purchase
3280,546,43,2026-05-20,1608.49,TRY,transfer
3281,17,89,2025-03-20,740.28,TRY,purchase
3282,237,53,2025-02-14,1450.62,TRY,refund
3283,548,95,2025-03-16,736.25,TRY,transfer
3284,452,92,2025-05-19,1560.71,TRY,purchase
3285,224,48,2025-04-10,275.58,TRY,purchase
3286,941,76,2026-02-23,859.54,TRY,refund
3287,659,76,2026-04-06,6253.86,TRY,purchase
3288,349,31,2025-05-02,672.7,TRY,refund
3289,811,77,2026-07-04,5230.0,TRY,purchase
3290,46,61,2025-10-11,3796.7,TRY,transfer
3291,776,90,2025-01-07,6485.07,TRY,refund
3292,837,28,2026-02-26,6214.53,TRY,purchase
3293,91,65,2026-08-20,1620.72,TRY,transfer
3294,285,1,2026-03-14,4880.73,TRY,refund
3295,772,58,2026-07-24,4877.65,TRY,purchase
3296,757,13,2026-08-09,169.1,TRY,refund
3297,198,23,2025-06-10,1654.85,TRY,purchase
3298,751,23,2025-07-20,5794.4,TRY,purchase
3299,136,38,2026-04-17,447.7,TRY,refund
3300,232,80,2025-05-18,239.81,TRY,transfer
3301,935,93,2025-07-29,2579.16,TRY,refund
3302,855,88,2026-03-19,1094.43,TRY,purchase
3303,854,21,2026-05-01,2659.04,TRY,purchase
3304,384,5,2026-06-30,1242.17,TRY,refund
3305,112,11,2025-06-11,1498.26,TRY,purchase
3306,426,14,2026-03-22,1620.21,TRY,purchase
3307,273,92,2026-06-17,5001.78,TRY,transfer
3308,544,76,2026-08-23,6891.16,TRY,refund
3309,162,77,2026-06-30,4630.41,TRY,purchase
3310,977,58,2026-03-12,1221.5,TRY,refund
3311,286,41,2025-09-24,4251.84,TRY,transfer
3312,818,99,2025-01-21,1389.96,TRY,refund
3313,385,99,2026-07-03,3264.78,TRY,purchase
3314,896,75,2025-04-29,5580.28,TRY,purchase
3315,923,7,2025-08-24,5164.28,TRY,transfer
3316,973,15,2026-07-28,3365.67,TRY,transfer
3317,595,92,2025-05-19,388.77,TRY,purchase
3318,552,30,2025-05-10,1698.57,TRY,purchase
3319,521,78,2026-07-11,6193.26,TRY,purchase
3320,552,71,2025-03-27,2387.0,TRY,transfer
3321,96,34,2025-09-25,2337.89,TRY,purchase
3322,848,23,2025-02-15,3005.49,TRY,purchase
3323,144,29,2025-04-02,3635.33,TRY,transfer
3324,453,10,2026-03-09,5052.02,TRY,transfer
3325,83,95,2025-11-26,3237.08,TRY,transfer
3326,283,44,2025-01-31,251.08,TRY,purchase
3327,799,4,2025-01-25,6042.94,TRY,transfer
3328,32,11,2025-11-27,1171.17,TRY,transfer
3329,828,82,2026-08-23,585.82,TRY,transfer
3330,195,62,2025-04-11,3084.07,TRY,transfer
3331,664,48,2025-02-28,5516.51,TRY,transfer
3332,992,78,2025-01-27,5040.19,TRY,refund
3333,321,49,2025-04-28,5566.93,TRY,transfer
3334,662,38,2025-10-27,1840.41,TRY,purchase
3335,559,19,2026-08-14,3789.29,TRY,refund
3336,503,67,2025-03-20,1071.03,TRY,refund
3337,514,80,2025-02-13,2212.51,TRY,refund
3338,42,65,2026-03-22,3281.84,TRY,purchase
3339,614,7,2025-01-03,4641.02,TRY,purchase
3340,387,45,2025-12-16,639.05,TRY,transfer
3341,529,36,2026-06-27,1066.71,TRY,refund
3342,577,16,2025-08-30,2902.55,TRY,refund
3343,524,30,2025-11-26,2599.57,TRY,purchase
3344,375,40,2025-06-24,5500.28,TRY,refund
3345,748,6,2026-07-20,5005.73,TRY,transfer
3346,482,7,2026-02-21,1471.26,TRY,refund
3347,617,79,2026-07-26,3230.97,TRY,refund
3348,806,3,2026-06-23,1309.67,TRY,purchase
3349,63,35,2025-02-18,6498.41,TRY,refund
3350,259,68,2025-05-08,6233.63,TRY,transfer
3351,757,1,2025-09-25,4386.54,TRY,refund
3352,986,83,2025-07-01,3841.39,TRY,refund
3353,511,32,2026-06-13,1373.12,TRY,transfer
3354,783,25,2026-06-26,4541.24,TRY,refund
3355,275,32,2025-06-08,4717.54,TRY,purchase
3356,714,52,2025-10-30,5087.41,TRY,transfer
3357,586,83,2025-11-11,2865.34,TRY,purchase
3358,22,32,2026-03-06,5300.23,TRY,purchase
3359,378,93,2026-06-26,3027.61,TRY,purchase
3360,318,100,2025-09-15,593.53,TRY,purchase
3361,842,50,2025-10-26,6619.26,TRY,transfer
3362,400,21,2025-12-30,6624.07,TRY,refund
3363,776,38,2025-02-13,1322.39,TRY,purchase
3364,739,87,2026-01-13,2392.72,TRY,transfer
3365,192,38,2025-07-16,6715.34,TRY,transfer
3366,24,86,2025-03-28,3299.43,TRY,refund
3367,422,36,2025-10-25,3600.6,TRY,transfer
3368,518,3,2025-08-20,5120.84,TRY,refund
3369,248,72,2026-05-28,3640.85,TRY,refund
3370,340,93,2025-05-18,3270.47,TRY,transfer
3371,64,87,2025-12-15,282.04,TRY,transfer
3372,655,8,2025-10-26,1686.94,TRY,purchase
3373,214,98,2025-12-30,1376.42,TRY,transfer
3374,264,76,2025-11-19,6186.69,TRY,purchase
3375,405,94,2025-08-16,5650.8,TRY,purchase
3376,93,13,2026-04-11,3692.96,TRY,transfer
3377,900,16,2026-07-12,357.35,TRY,purchase
3378,247,76,2025-04-04,4423.5,TRY,purchase
3379,505,28,2025-05-18,2846.86,TRY,refund
3380,232,6,2026-02-21,5986.6,TRY,transfer
3381,79,11,2026-06-02,3486.73,TRY,refund
3382,399,13,2026-04-18,6725.96,TRY,refund
3383,798,71,2026-06-22,6244.93,TRY,purchase
3384,934,24,2025-08-02,5746.04,TRY,purchase
3385,601,14,2025-12-09,5454.86,TRY,purchase
3386,563,17,2026-06-21,6471.8,TRY,purchase
3387,705,49,2025-12-08,3316.47,TRY,transfer
3388,510,34,2025-10-18,5764.83,TRY,transfer
3389,123,93,2026-03-02,6418.37,TRY,transfer
3390,697,28,2026-02-06,2587.98,TRY,refund
3391,138,8,2025-03-20,2192.37,TRY,purchase
3392,828,16,2026-06-23,4482.23,TRY,transfer
3393,294,14,2026-07-07,2059.86,TRY,purchase
3394,407,68,2026-05-04,2413.79,TRY,purchase
3395,601,18,2026-02-22,1379.05,TRY,transfer
3396,162,28,2026-06-02,1052.22,TRY,purchase
3397,463,36,2025-12-10,2377.11,TRY,purchase
3398,95,33,2025-02-07,4874.01,TRY,transfer
3399,302,17,2026-06-17,3762.01,TRY,transfer
3400,44,47,2025-01-22,5450.57,TRY,refund
3401,244,64,2026-02-09,3012.11,TRY,transfer
3402,48,67,2025-04-09,833.26,TRY,purchase
3403,437,100,2025-01-19,6573.14,TRY,purchase
3404,896,8,2026-06-17,6196.86,TRY,refund
3405,400,51,2025-04-01,5730.84,TRY,purchase
3406,396,20,2026-04-12,527.3,TRY,transfer
3407,218,13,2025-06-29,5377.81,TRY,refund
3408,920,44,2025-12-31,383.32,TRY,refund
3409,522,71,2025-07-07,3064.96,TRY,purchase
3410,498,81,2026-05-12,2982.83,TRY,transfer
3411,660,19,2025-08-04,6887.76,TRY,refund
3412,298,96,2025-02-11,828.48,TRY,refund
3413,918,71,2025-01-06,5560.8,TRY,refund
3414,799,25,2025-12-17,2103.11,TRY,refund
3415,884,86,2026-07-18,5161.87,TRY,transfer
3416,140,53,2025-02-17,1499.49,TRY,transfer
3417,384,79,2025-05-08,392.73,TRY,transfer
3418,380,58,2025-01-19,4247.66,TRY,purchase
3419,520,48,2026-08-02,4074.29,TRY,purchase
3420,823,38,2025-10-20,4027.13,TRY,purchase
3421,732,58,2025-09-19,4088.64,TRY,purchase
3422,413,97,2026-08-10,4373.95,TRY,transfer
3423,431,99,2026-08-10,5660.33,TRY,transfer
3424,304,71,2026-04-13,645.79,TRY,transfer
3425,303,19,2026-07-03,5489.04,TRY,transfer
3426,394,82,2026-08-06,1752.44,TRY,refund
3427,579,14,2025-10-29,168.49,TRY,transfer
3428,909,40,2026-08-07,4339.11,TRY,purchase
3429,977,23,2025-07-14,776.32,TRY,purchase
3430,302,100,2025-05-25,5438.36,TRY,refund
3431,414,73,2026-07-28,6725.18,TRY,purchase
3432,418,80,2025-01-24,6930.36,TRY,refund
3433,159,51,2025-05-01,3211.13,TRY,refund
3434,996,4,2026-03-29,1233.92,TRY,purchase
3435,317,72,2025-08-22,3649.56,TRY,purchase
3436,334,86,2026-01-06,4558.32,TRY,transfer
3437,142,85,2026-07-29,5303.95,TRY,refund
3438,848,1,2025-12-19,6720.94,TRY,transfer
3439,121,19,2026-08-03,4277.85,TRY,refund
3440,31,71,2025-05-31,2855.49,TRY,refund
3441,558,87,2025-05-31,3050.34,TRY,refund
3442,96,71,2026-01-27,4018.93,TRY,refund
3443,417,81,2025-03-16,6465.76,TRY,purchase
3444,16,72,2026-05-09,5665.02,TRY,purchase
3445,689,88,2025-05-30,5370.11,TRY,transfer
3446,322,74,2025-12-11,6863.71,TRY,purchase
3447,258,25,2025-10-01,2802.72,TRY,purchase
3448,247,76,2025-11-15,5951.35,TRY,refund
3449,642,6,2025-01-31,5831.06,TRY,purchase
3450,490,97,2025-08-18,26.83,TRY,transfer
3451,873,66,2026-03-21,4210.74,TRY,refund
3452,65,8,2025-04-30,5839.3,TRY,refund
3453,516,26,2025-03-18,586.87,TRY,purchase
3454,834,79,2025-12-09,5768.45,TRY,purchase
3455,50,9,2026-01-20,3704.13,TRY,transfer
3456,664,36,2025-03-24,2065.38,TRY,transfer
3457,75,95,2025-11-26,399.18,TRY,refund
3458,793,23,2026-06-19,1387.38,TRY,transfer
3459,973,57,2026-02-26,4396.3,TRY,purchase
3460,748,48,2025-08-14,4469.77,TRY,refund
3461,18,64,2026-03-28,3110.01,TRY,refund
3462,401,21,2025-03-01,5005.92,TRY,refund
3463,907,18,2026-02-17,5345.51,TRY,refund
3464,688,17,2025-05-21,2424.96,TRY,transfer
3465,818,12,2026-05-19,5080.42,TRY,refund
3466,945,50,2025-02-18,6874.24,TRY,transfer
3467,717,78,2025-03-10,5388.41,TRY,refund
3468,24,51,2026-06-21,4728.93,TRY,refund
3469,69,25,2025-07-23,1434.61,TRY,purchase
3470,92,17,2025-11-18,2517.99,TRY,purchase
3471,208,45,2026-02-15,778.82,TRY,transfer
3472,950,11,2026-04-21,94.28,TRY,purchase
3473,695,14,2025-03-22,4228.43,TRY,purchase
3474,389,15,2025-08-13,5257.36,TRY,purchase
3475,845,66,2025-11-22,943.85,TRY,refund
3476,560,74,2025-12-20,2644.35,TRY,purchase
3477,224,58,2025-03-18,6241.98,TRY,transfer
3478,304,40,2025-09-28,4156.03,TRY,transfer
3479,985,22,2026-08-16,2274.7,TRY,purchase
3480,885,51,2025-10-29,3581.67,TRY,purchase
3481,442,36,2025-10-19,6964.6,TRY,purchase
3482,463,27,2025-09-14,5827.36,TRY,refund
3483,482,69,2025-04-21,6495.23,TRY,refund
3484,759,64,2026-06-10,1208.82,TRY,purchase
3485,77,2,2025-06-15,4480.66,TRY,refund
3486,916,76,2026-07-04,5794.71,TRY,purchase
3487,644,25,2025-09-25,3645.58,TRY,refund
3488,176,74,2026-07-14,2394.16,TRY,refund
3489,804,94,2026-03-25,1652.37,TRY,refund
3490,888,30,2026-07-07,1716.35,TRY,purchase
3491,869,66,2025-07-01,3813.71,TRY,refund
3492,419,4,2025-12-13,1617.78,TRY,refund
3493,983,95,2025-01-24,3459.93,TRY,transfer
3494,603,70,2026-03-15,2831.41,TRY,purchase
3495,465,62,2025-03-04,2830.56,TRY,refund
3496,242,52,2026-06-15,5463.6,TRY,purchase
3497,881,2,2026-01-09,5356.46,TRY,refund
3498,554,19,2025-03-28,4619.2,TRY,purchase
3499,185,29,2025-12-24,2308.68,TRY,purchase
3500,89,51,2026-01-10,123.53,TRY,refund
3501,553,58,2025-04-18,4813.5,TRY,refund
3502,584,20,2025-03-16,3669.41,TRY,purchase
3503,75,74,2025-05-23,2305.2,TRY,refund
3504,993,59,2026-09-01,6685.14,TRY,transfer
3505,605,69,2025-10-02,1661.83,TRY,transfer
3506,624,70,2025-10-23,5487.78,TRY,purchase
3507,976,21,2025-05-10,6247.39,TRY,purchase
3508,872,43,2025-02-04,6660.77,TRY,transfer
3509,748,30,2026-07-10,3043.39,TRY,transfer
3510,613,92,2025-09-14,3561.38,TRY,refund
3511,664,17,2025-11-02,6179.79,TRY,refund
3512,867,95,2026-06-09,3883.72,TRY,purchase
3513,663,11,2025-10-18,2440.52,TRY,transfer
3514,559,65,2026-04-14,6737.76,TRY,purchase
3515,712,84,2026-03-28,659.83,TRY,purchase
3516,241,70,2026-02-16,3144.1,TRY,refund
3517,201,70,2025-07-11,203.0,TRY,transfer
3518,463,36,2026-01-25,5466.13,TRY,transfer
3519,66,93,2026-04-18,3474.39,TRY,transfer
3520,505,50,2026-07-09,1066.42,TRY,transfer
3521,589,56,2026-06-02,3490.64,TRY,purchase
3522,858,17,2025-11-24,3622.5,TRY,purchase
3523,506,96,2025-02-09,5537.89,TRY,transfer
3524,326,88,2026-06-21,24.57,TRY,transfer
3525,191,88,2025-09-01,2593.39,TRY,transfer
3526,276,4,2026-01-05,5293.86,TRY,refund
3527,391,94,2025-12-06,4805.57,TRY,transfer
3528,40,4,2025-05-08,1192.08,TRY,transfer
3529,181,100,2025-12-17,5970.32,TRY,refund
3530,258,24,2026-06-21,2764.35,TRY,transfer
3531,404,26,2025-05-24,2484.08,TRY,transfer
3532,302,24,2025-09-10,4444.96,TRY,purchase
3533,700,69,2026-08-13,5930.27,TRY,refund
3534,851,29,2025-07-19,3832.35,TRY,transfer
3535,957,14,2025-12-15,2846.21,TRY,refund
3536,82,88,2025-12-02,1322.48,TRY,refund
3537,740,62,2025-07-02,6399.4,TRY,refund
3538,399,22,2026-08-13,1219.56,TRY,transfer
3539,227,89,2025-08-16,2416.41,TRY,transfer
3540,801,88,2026-01-14,733.5,TRY,transfer
3541,109,72,2026-02-05,2597.24,TRY,purchase
3542,975,83,2026-05-17,3642.17,TRY,refund
3543,973,72,2025-11-29,129.11,TRY,refund
3544,775,63,2025-10-22,5777.54,TRY,purchase
3545,8,25,2025-11-10,4404.33,TRY,purchase
3546,899,87,2026-06-09,5773.81,TRY,purchase
3547,949,15,2026-05-08,4201.03,TRY,purchase
3548,49,26,2026-06-19,5834.51,TRY,refund
3549,596,31,2025-10-03,5558.29,TRY,purchase
3550,859,47,2025-08-04,2773.82,TRY,purchase
3551,334,38,2026-04-10,770.51,TRY,refund
3552,208,14,2025-08-10,5107.95,TRY,refund
3553,635,28,2026-03-06,3341.47,TRY,transfer
3554,100,31,2026-03-13,3142.34,TRY,refund
3555,47,3,2025-09-30,6670.06,TRY,purchase
3556,714,83,2025-04-22,1998.68,TRY,purchase
3557,37,100,2025-12-29,1257.73,TRY,refund
3558,631,68,2025-05-05,4878.63,TRY,transfer
3559,485,72,2025-03-03,4243.4,TRY,purchase
3560,776,62,2025-01-07,1916.34,TRY,purchase
3561,241,66,2026-06-24,3913.48,TRY,refund
3562,412,21,2025-05-21,6547.51,TRY,transfer
3563,829,100,2026-03-15,2924.26,TRY,refund
3564,885,99,2026-08-21,3554.95,TRY,refund
3565,552,57,2025-10-14,2104.58,TRY,purchase
3566,142,64,2025-12-12,3581.25,TRY,transfer
3567,915,86,2025-10-14,3798.62,TRY,refund
3568,751,76,2026-03-09,6752.46,TRY,refund
3569,807,92,2025-10-22,1260.87,TRY,purchase
3570,312,79,2025-05-02,6774.09,TRY,transfer
3571,439,43,2025-01-27,970.15,TRY,purchase
3572,904,6,2025-02-13,1108.48,TRY,refund
3573,382,82,2025-08-24,4112.59,TRY,purchase
3574,75,31,2025-05-15,4505.7,TRY,purchase
3575,819,42,2025-11-21,503.31,TRY,purchase
3576,332,44,2026-05-08,255.85,TRY,purchase
3577,649,82,2026-03-12,3897.71,TRY,purchase
3578,699,13,2025-10-18,2136.77,TRY,transfer
3579,538,79,2026-01-28,2713.06,TRY,transfer
3580,734,63,2025-05-28,3507.1,TRY,transfer
3581,960,29,2026-03-10,3154.05,TRY,transfer
3582,808,57,2025-10-27,4509.16,TRY,purchase
3583,765,1,2025-05-13,2576.73,TRY,transfer
3584,757,91,2025-06-21,6436.3,TRY,refund
3585,215,9,2026-06-23,1544.7,TRY,purchase
3586,725,70,2025-04-19,5164.58,TRY,purchase
3587,857,9,2025-05-10,1417.26,TRY,purchase
3588,900,83,2025-01-08,4395.85,TRY,transfer
3589,95,8,2026-01-22,5173.31,TRY,purchase
3590,533,32,2026-03-02,1851.48,TRY,purchase
3591,209,92,2026-07-21,3253.04,TRY,purchase
3592,546,22,2026-04-28,2840.1,TRY,transfer
3593,90,86,2026-04-12,1255.05,TRY,purchase
3594,922,45,2026-05-07,3260.54,TRY,refund
3595,765,47,2026-07-30,4401.59,TRY,refund
3596,139,49,2025-06-08,6041.91,TRY,purchase
3597,334,19,2025-04-03,3586.28,TRY,transfer
3598,760,59,2026-01-27,6299.57,TRY,transfer
3599,247,94,2025-04-15,2759.62,TRY,transfer
3600,890,24,2026-03-27,6723.25,TRY,transfer
3601,481,23,2025-03-06,3211.02,TRY,purchase
3602,204,57,2025-08-11,6482.05,TRY,transfer
3603,597,24,2025-01-30,2294.24,TRY,purchase
3604,159,74,2026-08-04,6369.3,TRY,purchase
3605,759,53,2025-06-25,6688.29,TRY,transfer
3606,438,42,2026-08-23,546.03,TRY,refund
3607,242,71,2026-07-18,1024.23,TRY,purchase
3608,333,84,2026-01-08,4923.24,TRY,purchase
3609,809,74,2026-07-08,1438.24,TRY,transfer
3610,963,40,2025-10-01,2936.77,TRY,refund
3611,743,83,2026-04-20,5165.06,TRY,refund
3612,225,21,2026-02-07,2043.1,TRY,purchase
3613,585,43,2025-09-25,6060.72,TRY,transfer
3614,831,100,2026-05-26,4286.27,TRY,transfer
3615,120,24,2026-04-03,4233.18,TRY,transfer
3616,450,1,2025-07-11,4005.88,TRY,refund
3617,72,21,2025-02-26,2331.15,TRY,transfer
3618,923,77,2026-04-25,5323.02,TRY,refund
3619,737,15,2025-08-08,3442.49,TRY,refund
3620,142,75,2026-07-26,6621.71,TRY,transfer
3621,249,17,2025-06-02,215.99,TRY,transfer
3622,771,13,2025-05-18,5556.77,TRY,refund
3623,747,93,2025-02-25,3844.9,TRY,purchase
3624,39,6,2025-09-29,5331.76,TRY,refund
3625,622,88,2026-04-22,3640.0,TRY,transfer
3626,885,73,2026-03-25,2458.2,TRY,purchase
3627,710,95,2026-01-17,4678.09,TRY,refund
3628,190,31,2026-07-02,2772.53,TRY,purchase
3629,818,97,2025-02-11,1429.93,TRY,refund
3630,310,31,2026-02-02,4524.94,TRY,transfer
3631,876,74,2025-11-25,784.18,TRY,purchase
3632,356,21,2025-08-04,6106.61,TRY,transfer
3633,921,12,2025-01-24,5457.03,TRY,transfer
3634,592,22,2026-08-24,5249.96,TRY,transfer
3635,25,12,2025-11-07,1407.9,TRY,refund
3636,670,95,2026-06-08,1366.1,TRY,transfer
3637,844,26,2025-01-06,4044.31,TRY,refund
3638,85,27,2026-08-31,3509.06,TRY,transfer
3639,991,15,2025-05-29,2796.78,TRY,transfer
3640,155,94,2025-06-05,826.61,TRY,purchase
3641,121,88,2026-04-17,2882.58,TRY,transfer
3642,143,7,2025-04-28,4248.74,TRY,transfer
3643,690,12,2025-04-29,806.71,TRY,refund
3644,108,17,2025-07-05,312.12,TRY,transfer
3645,739,5,2026-04-03,969.19,TRY,refund
3646,678,96,2026-06-26,5324.46,TRY,purchase
3647,203,80,2025-08-08,278.42,TRY,transfer
3648,198,56,2026-01-25,2374.45,TRY,transfer
3649,14,85,2025-07-03,3198.3,TRY,transfer
3650,831,39,2026-06-18,743.33,TRY,refund
3651,181,13,2025-04-03,2005.46,TRY,transfer
3652,700,51,2026-06-22,1001.47,TRY,refund
3653,881,2,2026-08-14,4661.17,TRY,purchase
3654,154,77,2025-10-21,2641.53,TRY,purchase
3655,861,76,2025-07-18,4910.37,TRY,refund
3656,991,45,2026-01-25,5880.73,TRY,purchase
3657,830,95,2025-01-02,5641.43,TRY,purchase
3658,733,86,2026-08-06,4181.5,TRY,purchase
3659,798,89,2026-08-21,3485.98,TRY,purchase
3660,795,13,2025-08-23,6782.82,TRY,purchase
3661,146,36,2025-07-15,2978.56,TRY,refund
3662,563,42,2026-07-07,2579.5,TRY,refund
3663,781,17,2025-08-06,5927.47,TRY,refund
3664,965,10,2025-06-09,199.01,TRY,refund
3665,953,7,2026-03-09,879.33,TRY,transfer
3666,166,62,2025-08-25,3911.55,TRY,refund
3667,62,22,2025-03-04,3112.94,TRY,transfer
3668,988,11,2026-03-18,2994.87,TRY,transfer
3669,23,53,2025-08-22,927.31,TRY,refund
3670,544,84,2025-04-20,2409.88,TRY,refund
3671,976,21,2025-01-08,1568.42,TRY,transfer
3672,888,37,2025-02-03,1762.89,TRY,purchase
3673,18,79,2026-01-07,6357.7,TRY,refund
3674,980,64,2026-08-01,6401.16,TRY,transfer
3675,463,48,2026-03-10,6253.44,TRY,refund
3676,638,9,2026-01-15,3110.83,TRY,transfer
3677,798,45,2026-01-16,2009.6,TRY,purchase
3678,969,32,2025-09-15,3367.41,TRY,purchase
3679,141,33,2026-04-18,3050.61,TRY,purchase
3680,46,72,2025-03-02,5388.71,TRY,transfer
3681,126,5,2025-08-01,205.98,TRY,transfer
3682,812,53,2026-07-22,1624.36,TRY,refund
3683,409,36,2025-04-03,3433.11,TRY,refund
3684,529,6,2026-07-12,111.64,TRY,purchase
3685,832,94,2026-01-11,3145.37,TRY,purchase
3686,607,4,2025-04-21,6819.92,TRY,transfer
3687,63,60,2025-03-28,1384.49,TRY,purchase
3688,419,58,2025-04-15,1740.59,TRY,refund
3689,730,30,2025-12-07,576.36,TRY,purchase
3690,833,37,2026-01-05,6790.39,TRY,refund
3691,504,39,2025-07-24,5611.17,TRY,purchase
3692,117,91,2025-07-21,193.04,TRY,transfer
3693,446,24,2025-12-24,3731.21,TRY,transfer
3694,693,46,2026-04-03,2992.84,TRY,refund
3695,611,33,2026-05-24,227.19,TRY,purchase
3696,575,1,2025-12-08,1408.77,TRY,transfer
3697,823,100,2025-07-25,4256.6,TRY,purchase
3698,843,57,2025-09-18,5871.55,TRY,refund
3699,448,20,2025-03-22,2485.57,TRY,purchase
3700,538,31,2025-05-22,4902.35,TRY,refund
3701,20,5,2025-02-28,6859.16,TRY,refund
3702,425,55,2025-04-13,2188.0,TRY,refund
3703,642,76,2025-01-26,5290.57,TRY,purchase
3704,52,58,2026-08-26,3409.86,TRY,refund
3705,128,33,2025-02-08,157.14,TRY,transfer
3706,269,75,2025-08-30,3816.27,TRY,transfer
3707,70,92,2026-07-31,5305.86,TRY,transfer
3708,647,90,2025-10-04,4027.7,TRY,refund
3709,256,86,2025-03-09,2230.33,TRY,purchase
3710,44,33,2026-05-29,284.53,TRY,transfer
3711,305,83,2026-05-24,6506.24,TRY,refund
3712,803,78,2026-06-26,6928.09,TRY,transfer
3713,230,83,2025-03-08,1406.67,TRY,transfer
3714,450,88,2025-05-04,5699.38,TRY,refund
3715,618,72,2025-10-27,732.35,TRY,refund
3716,979,13,2025-06-02,1529.66,TRY,refund
3717,976,7,2026-05-12,3369.65,TRY,refund
3718,255,30,2025-06-28,5340.12,TRY,refund
3719,188,27,2026-06-12,4694.73,TRY,transfer
3720,297,75,2026-08-06,6385.55,TRY,transfer
3721,457,2,2025-03-10,4986.18,TRY,refund
3722,170,56,2025-05-23,203.62,TRY,refund
3723,53,66,2026-04-17,5742.3,TRY,transfer
3724,865,22,2025-04-19,641.38,TRY,purchase
3725,862,21,2025-01-29,4423.16,TRY,transfer
3726,643,34,2025-04-08,5950.34,TRY,transfer
3727,967,11,2025-08-29,2598.25,TRY,transfer
3728,769,79,2026-08-09,3600.43,TRY,transfer
3729,907,100,2026-08-22,3151.09,TRY,purchase
3730,919,15,2025-03-27,6832.56,TRY,purchase
3731,749,69,2026-05-31,4389.21,TRY,refund
3732,951,85,2026-06-05,233.14,TRY,purchase
3733,994,70,2026-02-13,6261.26,TRY,refund
3734,548,18,2025-06-14,5309.67,TRY,refund
3735,970,46,2026-06-19,3601.75,TRY,purchase
3736,585,57,2026-06-04,2629.12,TRY,purchase
3737,553,23,2025-03-05,5686.85,TRY,refund
3738,554,6,2026-03-05,3330.67,TRY,refund
3739,683,12,2025-07-04,5897.99,TRY,refund
3740,577,11,2025-11-03,4177.85,TRY,purchase
3741,783,83,2025-03-28,6540.36,TRY,transfer
3742,913,64,2026-08-28,1907.5,TRY,purchase
3743,615,86,2026-03-10,3926.63,TRY,transfer
3744,155,60,2026-02-06,4058.6,TRY,transfer
3745,953,62,2025-02-21,1884.6,TRY,transfer
3746,364,30,2025-05-01,1825.39,TRY,purchase
3747,810,75,2026-03-10,805.2,TRY,refund
3748,46,64,2026-07-20,4503.44,TRY,purchase
3749,500,37,2026-07-21,3916.15,TRY,refund
3750,741,49,2025-12-29,766.92,TRY,refund
3751,595,85,2026-02-12,1288.44,TRY,transfer
3752,47,78,2026-03-08,4920.04,TRY,refund
3753,856,79,2026-01-21,2698.44,TRY,purchase
3754,738,34,2026-03-16,198.83,TRY,refund
3755,524,40,2025-06-05,472.02,TRY,purchase
3756,157,72,2025-12-13,733.42,TRY,purchase
3757,164,46,2026-08-17,5325.14,TRY,transfer
3758,417,36,2026-07-10,3836.05,TRY,purchase
3759,515,74,2025-08-16,1876.11,TRY,refund
3760,546,90,2026-05-29,1611.11,TRY,purchase
3761,902,56,2025-05-21,6895.39,TRY,refund
3762,492,20,2026-06-24,3127.32,TRY,transfer
3763,70,55,2025-01-23,4370.21,TRY,purchase
3764,92,39,2025-03-17,1516.87,TRY,purchase
3765,601,97,2025-09-12,2517.07,TRY,transfer
3766,656,21,2025-07-29,5008.85,TRY,purchase
3767,239,28,2026-05-02,5043.61,TRY,purchase
3768,350,24,2025-09-12,325.66,TRY,refund
3769,329,72,2026-06-08,678.88,TRY,refund
3770,799,90,2025-01-23,6371.87,TRY,refund
3771,929,36,2025-11-06,3479.23,TRY,refund
3772,128,79,2025-04-10,3013.85,TRY,transfer
3773,33,25,2025-10-24,1929.73,TRY,transfer
3774,427,52,2025-03-06,3300.92,TRY,transfer
3775,496,96,2025-03-08,5411.35,TRY,purchase
3776,717,34,2026-09-01,3776.92,TRY,transfer
3777,646,6,2026-07-14,3796.47,TRY,transfer
3778,3,52,2026-04-18,5836.63,TRY,purchase
3779,100,35,2025-03-23,3111.1,TRY,refund
3780,530,14,2025-08-20,5881.35,TRY,transfer
3781,190,51,2026-01-21,6631.35,TRY,transfer
3782,433,79,2026-07-06,4329.5,TRY,purchase
3783,716,75,2026-02-10,4881.43,TRY,transfer
3784,451,40,2026-06-03,2680.51,TRY,refund
3785,706,12,2025-12-02,2395.19,TRY,refund
3786,322,85,2025-02-20,792.31,TRY,transfer
3787,139,93,2025-07-04,428.94,TRY,transfer
3788,800,62,2026-01-05,1739.85,TRY,refund
3789,911,89,2025-02-15,2471.8,TRY,purchase
3790,486,11,2026-03-09,4785.71,TRY,purchase
3791,233,77,2026-07-05,5273.89,TRY,transfer
3792,827,51,2025-08-01,2960.32,TRY,purchase
3793,421,91,2025-05-09,718.06,TRY,transfer
3794,267,42,2026-01-17,4204.47,TRY,refund
3795,498,1,2025-02-20,192.92,TRY,transfer
3796,667,74,2025-11-05,5652.82,TRY,refund
3797,544,75,2025-09-14,1268.91,TRY,refund
3798,943,49,2026-01-20,4783.21,TRY,refund
3799,805,95,2026-07-25,4301.47,TRY,refund
3800,510,53,2025-02-21,2301.58,TRY,refund
3801,269,21,2025-01-15,5744.94,TRY,refund
3802,323,55,2026-01-08,3440.4,TRY,refund
3803,349,69,2025-01-30,4007.05,TRY,refund
3804,787,41,2025-08-15,1362.17,TRY,transfer
3805,825,78,2025-01-30,2987.56,TRY,purchase
3806,878,48,2025-09-22,5596.53,TRY,refund
3807,803,17,2025-07-08,5397.56,TRY,refund
3808,718,38,2025-02-25,776.62,TRY,transfer
3809,343,78,2025-12-22,1617.74,TRY,purchase
3810,10,89,2026-03-12,1138.64,TRY,purchase
3811,122,23,2025-06-05,2072.9,TRY,refund
3812,439,62,2026-05-01,2188.1,TRY,purchase
3813,783,41,2025-03-10,2743.2,TRY,purchase
3814,81,23,2025-10-15,4969.8,TRY,purchase
3815,95,48,2026-05-31,5710.69,TRY,refund
3816,547,67,2026-02-02,6953.75,TRY,purchase
3817,779,69,2025-01-16,776.27,TRY,transfer
3818,529,51,2026-05-08,4982.55,TRY,transfer
3819,131,26,2025-03-23,1226.77,TRY,transfer
3820,904,46,2026-03-31,6516.46,TRY,purchase
3821,954,35,2026-04-02,961.67,TRY,transfer
3822,419,34,2025-06-18,4477.39,TRY,refund
3823,78,19,2025-04-24,6438.26,TRY,purchase
3824,209,68,2025-09-15,1617.08,TRY,refund
3825,351,30,2026-03-17,2433.12,TRY,transfer
3826,748,50,2026-06-30,355.69,TRY,transfer
3827,359,82,2025-06-22,2592.1,TRY,refund
3828,971,66,2025-06-29,2182.15,TRY,purchase
3829,688,72,2025-08-27,3534.17,TRY,refund
3830,371,97,2025-10-02,349.1,TRY,transfer
3831,968,55,2025-09-18,2152.41,TRY,refund
3832,293,84,2026-04-24,2383.0,TRY,purchase
3833,891,26,2025-03-20,797.6,TRY,purchase
3834,158,92,2026-04-04,2012.55,TRY,transfer
3835,630,98,2026-05-19,4781.56,TRY,transfer
3836,752,11,2026-04-07,3079.95,TRY,refund
3837,783,27,2025-09-06,4658.2,TRY,transfer
3838,657,87,2025-06-20,3435.21,TRY,purchase
3839,197,72,2026-07-06,2668.96,TRY,purchase
3840,840,10,2026-05-02,2488.34,TRY,purchase
3841,671,70,2025-03-04,5612.35,TRY,purchase
3842,622,50,2025-09-10,5790.38,TRY,refund
3843,337,92,2025-07-19,251.74,TRY,transfer
3844,812,30,2025-11-29,5039.92,TRY,transfer
3845,850,19,2025-10-01,4376.42,TRY,purchase
3846,339,30,2025-11-09,102.47,TRY,transfer
3847,807,82,2025-04-17,3612.62,TRY,transfer
3848,894,51,2026-03-28,3329.71,TRY,refund
3849,527,9,2026-03-12,2430.48,TRY,purchase
3850,286,33,2025-09-18,6419.19,TRY,refund
3851,268,34,2026-03-14,393.34,TRY,transfer
3852,216,69,2026-01-06,4825.27,TRY,refund
3853,618,80,2025-08-11,3163.35,TRY,transfer
3854,110,2,2025-11-25,1701.65,TRY,transfer
3855,127,19,2026-07-04,3206.32,TRY,transfer
3856,525,85,2025-09-19,6121.45,TRY,transfer
3857,396,80,2026-08-05,4063.37,TRY,transfer
3858,541,66,2025-06-08,6195.9,TRY,transfer
3859,614,8,2025-11-10,6952.59,TRY,refund
3860,493,75,2025-05-17,5865.82,TRY,purchase
3861,281,58,2025-05-21,1791.48,TRY,purchase
3862,38,12,2026-07-08,5238.94,TRY,refund
3863,728,33,2025-06-29,1889.24,TRY,purchase
3864,852,72,2025-08-20,4154.9,TRY,purchase
3865,534,31,2025-09-01,3984.73,TRY,purchase
3866,155,15,2026-07-17,3509.78,TRY,refund
3867,943,21,2026-08-04,1486.43,TRY,purchase
3868,530,66,2025-02-20,4987.6,TRY,transfer
3869,947,28,2025-06-21,1037.03,TRY,purchase
3870,836,15,2025-01-16,1312.1,TRY,purchase
3871,911,1,2025-01-17,459.95,TRY,transfer
3872,396,60,2026-03-21,2668.23,TRY,purchase
3873,932,4,2026-06-05,5892.1,TRY,transfer
3874,688,72,2026-05-08,5009.76,TRY,purchase
3875,12,71,2025-03-27,5728.45,TRY,purchase
3876,382,50,2025-04-06,2035.57,TRY,transfer
3877,241,71,2025-10-24,6501.32,TRY,transfer
3878,250,83,2025-03-29,4135.64,TRY,purchase
3879,806,62,2025-10-10,2959.56,TRY,transfer
3880,657,18,2025-07-19,2217.74,TRY,refund
3881,888,76,2025-11-20,5827.76,TRY,purchase
3882,36,1,2025-07-23,5138.68,TRY,purchase
3883,469,97,2026-02-18,6413.68,TRY,purchase
3884,379,36,2025-12-04,6668.43,TRY,transfer
3885,389,57,2025-03-18,2333.22,TRY,transfer
3886,48,56,2026-03-20,6807.66,TRY,transfer
3887,400,55,2025-10-03,662.35,TRY,purchase
3888,927,83,2026-02-07,6414.66,TRY,refund
3889,889,12,2025-04-03,4934.48,TRY,purchase
3890,289,1,2026-04-03,3800.74,TRY,purchase
3891,409,79,2026-08-29,1896.67,TRY,transfer
3892,481,6,2026-06-20,4313.93,TRY,refund
3893,792,72,2025-07-19,3020.68,TRY,transfer
3894,208,38,2026-07-22,1002.97,TRY,transfer
3895,744,73,2026-08-02,4360.37,TRY,purchase
3896,398,78,2026-04-16,5498.68,TRY,transfer
3897,240,70,2026-03-20,3915.05,TRY,transfer
3898,920,82,2026-08-03,845.83,TRY,transfer
3899,699,85,2026-05-12,5475.49,TRY,purchase
3900,373,4,2026-01-15,5623.9,TRY,refund
3901,185,47,2026-04-10,5910.37,TRY,transfer
3902,466,49,2025-01-24,4858.63,TRY,purchase
3903,130,3,2025-03-31,946.25,TRY,transfer
3904,783,46,2026-04-11,5947.91,TRY,transfer
3905,535,74,2026-07-27,5820.64,TRY,purchase
3906,390,2,2025-11-06,6844.89,TRY,transfer
3907,876,1,2026-08-09,2592.44,TRY,purchase
3908,964,10,2026-04-18,2541.22,TRY,transfer
3909,322,16,2026-04-17,3416.87,TRY,refund
3910,724,12,2025-05-22,3428.18,TRY,refund
3911,617,24,2025-03-18,694.07,TRY,transfer
3912,817,83,2026-07-19,1029.68,TRY,purchase
3913,624,92,2026-08-30,2831.63,TRY,purchase
3914,447,35,2025-07-01,1155.78,TRY,transfer
3915,966,62,2025-12-09,3595.34,TRY,purchase
3916,461,7,2025-09-28,5052.62,TRY,refund
3917,273,17,2025-04-18,5766.69,TRY,refund
3918,698,38,2026-01-17,3413.02,TRY,purchase
3919,327,56,2026-06-02,902.4,TRY,transfer
3920,145,17,2026-01-11,3488.68,TRY,purchase
3921,728,74,2025-01-19,6567.92,TRY,purchase
3922,65,81,2026-02-13,1552.51,TRY,transfer
3923,921,44,2026-02-24,1940.26,TRY,purchase
3924,471,22,2025-08-05,5794.42,TRY,refund
3925,868,61,2025-07-01,3531.63,TRY,transfer
3926,626,42,2025-10-14,55.3,TRY,purchase
3927,498,67,2026-06-14,1295.72,TRY,transfer
3928,269,92,2026-04-09,1697.79,TRY,purchase
3929,430,10,2026-02-03,6592.35,TRY,transfer
3930,947,99,2026-01-18,63.6,TRY,purchase
3931,61,45,2026-07-30,4497.53,TRY,purchase
3932,94,15,2026-08-12,2615.17,TRY,purchase
3933,626,23,2026-04-20,6203.64,TRY,purchase
3934,836,85,2025-03-30,2218.58,TRY,refund
3935,83,96,2025-02-14,5212.2,TRY,purchase
3936,970,57,2025-02-24,5749.29,TRY,purchase
3937,205,6,2025-02-03,3247.38,TRY,refund
3938,608,41,2025-01-16,52.13,TRY,refund
3939,263,90,2025-03-30,6143.25,TRY,transfer
3940,805,40,2026-07-30,4985.41,TRY,transfer
3941,301,30,2025-05-25,5586.19,TRY,transfer
3942,480,53,2026-08-31,3896.22,TRY,purchase
3943,886,53,2025-12-19,937.91,TRY,refund
3944,286,61,2025-04-29,2905.67,TRY,transfer
3945,91,80,2026-06-12,6481.35,TRY,refund
3946,208,40,2026-07-06,596.84,TRY,transfer
3947,793,10,2025-02-06,1819.56,TRY,purchase
3948,158,46,2026-07-29,4654.64,TRY,refund
3949,228,88,2025-07-07,499.67,TRY,refund
3950,219,94,2026-01-04,3076.2,TRY,transfer
3951,783,31,2025-12-12,6102.07,TRY,purchase
3952,431,68,2025-03-03,2851.31,TRY,refund
3953,559,56,2025-02-09,5222.42,TRY,refund
3954,199,76,2026-07-16,1548.83,TRY,transfer
3955,258,39,2026-07-09,3533.59,TRY,transfer
3956,311,23,2025-11-22,5605.41,TRY,refund
3957,944,81,2025-11-02,2853.13,TRY,purchase
3958,554,7,2025-12-05,2351.27,TRY,refund
3959,836,57,2025-10-11,4938.72,TRY,refund
3960,369,58,2025-12-10,2480.03,TRY,refund
3961,984,51,2025-06-13,1457.81,TRY,purchase
3962,747,2,2026-09-01,257.42,TRY,refund
3963,924,99,2025-11-29,767.84,TRY,refund
3964,645,90,2025-11-13,5119.73,TRY,transfer
3965,615,14,2025-08-28,716.11,TRY,purchase
3966,103,60,2026-06-04,6591.0,TRY,purchase
3967,616,88,2025-01-20,1013.42,TRY,refund
3968,722,57,2026-02-03,396.8,TRY,transfer
3969,182,22,2025-01-25,2854.74,TRY,transfer
3970,380,30,2025-11-19,5726.66,TRY,refund
3971,716,11,2025-07-01,6987.51,TRY,purchase
3972,683,18,2025-07-06,3075.41,TRY,refund
3973,804,73,2026-01-01,6106.02,TRY,purchase
3974,11,21,2026-03-04,5321.63,TRY,transfer
3975,942,7,2025-03-22,2250.16,TRY,refund
3976,220,93,2025-07-07,6347.41,TRY,refund
3977,990,84,2026-08-26,1832.22,TRY,transfer
3978,912,80,2025-12-14,243.29,TRY,refund
3979,45,64,2025-04-13,5359.6,TRY,transfer
3980,196,17,2026-04-20,4172.82,TRY,purchase
3981,954,46,2026-08-28,4725.02,TRY,transfer
3982,29,30,2025-03-09,356.05,TRY,refund
3983,295,87,2025-08-10,6789.45,TRY,transfer
3984,13,27,2026-08-16,847.25,TRY,refund
3985,357,17,2025-02-02,6150.44,TRY,refund
3986,47,65,2025-10-19,469.58,TRY,transfer
3987,308,81,2025-04-07,6688.77,TRY,transfer
3988,345,79,2025-06-28,6719.71,TRY,refund
3989,355,98,2025-09-07,6366.93,TRY,transfer
3990,581,44,2025-05-31,339.02,TRY,refund
3991,73,5,2025-03-02,2864.75,TRY,refund
3992,584,74,2025-01-14,4515.99,TRY,refund
3993,585,55,2026-07-15,430.35,TRY,transfer
3994,397,92,2026-03-26,3352.95,TRY,purchase
3995,797,90,2025-09-05,6972.89,TRY,transfer
3996,274,89,2025-05-09,5022.26,TRY,purchase
3997,679,25,2026-08-07,5940.98,TRY,refund
3998,595,90,2026-01-19,6035.98,TRY,purchase
3999,3,51,2026-05-18,3220.16,TRY,purchase
4000,343,42,2025-01-09,1541.4,TRY,transfer
4001,357,2,2025-03-16,3462.75,TRY,refund
4002,321,33,2025-05-14,6293.93,TRY,purchase
4003,293,14,2026-04-16,3769.93,TRY,purchase
4004,597,8,2025-07-11,4637.21,TRY,transfer
4005,720,100,2025-06-03,1547.47,TRY,purchase
4006,316,43,2025-04-08,506.81,TRY,transfer
4007,807,5,2026-08-09,298.04,TRY,refund
4008,860,87,2025-02-17,2506.06,TRY,purchase
4009,653,98,2026-07-08,3899.39,TRY,refund
4010,523,33,2025-09-06,117.33,TRY,purchase
4011,91,50,2026-02-07,3119.62,TRY,purchase
4012,632,1,2025-10-16,6276.77,TRY,refund
4013,981,59,2025-12-09,5284.57,TRY,transfer
4014,570,70,2026-04-07,2276.48,TRY,transfer
4015,882,24,2025-03-31,1213.52,TRY,transfer
4016,608,99,2026-03-10,2195.56,TRY,refund
4017,48,30,2025-09-04,2945.18,TRY,purchase
4018,817,2,2025-05-25,3213.86,TRY,refund
4019,534,24,2025-03-21,1805.72,TRY,refund
4020,912,4,2025-05-10,27.66,TRY,refund
4021,118,12,2025-12-19,5896.14,TRY,purchase
4022,731,97,2026-07-18,62.71,TRY,purchase
4023,442,90,2025-06-22,710.84,TRY,transfer
4024,743,85,2025-06-25,491.33,TRY,transfer
4025,805,16,2026-06-19,4018.5,TRY,refund
4026,741,1,2026-01-10,3967.49,TRY,refund
4027,109,99,2025-04-25,3531.87,TRY,purchase
4028,549,48,2025-12-07,3860.66,TRY,purchase
4029,748,76,2025-11-17,3991.45,TRY,refund
4030,707,61,2025-06-21,4933.76,TRY,purchase
4031,391,72,2026-06-14,330.31,TRY,purchase
4032,769,99,2025-12-14,6421.83,TRY,refund
4033,548,98,2025-08-10,488.84,TRY,refund
4034,624,20,2026-06-05,6362.13,TRY,refund
4035,921,23,2026-06-06,1947.25,TRY,refund
4036,888,7,2025-04-09,6968.09,TRY,purchase
4037,173,93,2026-05-04,1154.34,TRY,purchase
4038,182,71,2025-08-07,4312.99,TRY,transfer
4039,131,81,2025-08-23,964.19,TRY,purchase
4040,61,33,2025-04-01,1956.42,TRY,refund
4041,286,84,2025-08-05,5123.37,TRY,transfer
4042,881,68,2025-04-23,480.95,TRY,refund
4043,592,78,2025-07-20,4913.68,TRY,transfer
4044,130,95,2025-01-14,910.51,TRY,transfer
4045,213,7,2025-10-11,6560.99,TRY,transfer
4046,153,29,2025-05-15,931.48,TRY,refund
4047,510,46,2025-05-11,4874.26,TRY,purchase
4048,250,48,2025-07-18,309.17,TRY,purchase
4049,516,12,2026-03-04,2361.55,TRY,purchase
4050,417,33,2026-02-10,1395.35,TRY,transfer
4051,845,8,2025-12-19,5012.43,TRY,transfer
4052,237,57,2026-04-13,3228.0,TRY,refund
4053,925,75,2025-04-09,4285.51,TRY,purchase
4054,136,99,2025-03-14,4792.83,TRY,transfer
4055,166,77,2025-04-02,2921.66,TRY,transfer
4056,761,10,2026-04-26,2103.8,TRY,transfer
4057,42,21,2026-08-20,5248.54,TRY,transfer
4058,224,16,2025-01-30,1860.42,TRY,transfer
4059,555,36,2025-03-10,4348.22,TRY,refund
4060,167,20,2026-08-05,586.5,TRY,purchase
4061,962,16,2026-03-06,3418.2,TRY,transfer
4062,58,47,2026-02-20,3909.12,TRY,refund
4063,993,54,2026-02-07,3234.32,TRY,purchase
4064,393,30,2026-02-08,6510.43,TRY,purchase
4065,585,66,2026-02-08,2547.11,TRY,purchase
4066,311,75,2025-10-21,5456.04,TRY,refund
4067,308,84,2025-02-07,3098.01,TRY,refund
4068,401,26,2025-11-10,4240.52,TRY,purchase
4069,735,29,2026-08-05,2929.49,TRY,purchase
4070,310,83,2026-01-21,1187.58,TRY,purchase
4071,133,22,2026-01-30,960.13,TRY,purchase
4072,91,38,2025-05-31,1804.97,TRY,refund
4073,682,18,2025-12-18,6587.05,TRY,transfer
4074,713,42,2025-09-30,4721.07,TRY,purchase
4075,696,66,2026-06-10,4460.9,TRY,purchase
4076,547,95,2026-05-20,6645.02,TRY,transfer
4077,974,88,2025-04-11,5184.54,TRY,refund
4078,152,82,2025-09-03,5076.0,TRY,transfer
4079,87,85,2026-08-08,4785.23,TRY,refund
4080,226,26,2026-07-28,2385.07,TRY,purchase
4081,909,18,2025-10-16,6631.7,TRY,purchase
4082,911,47,2025-02-28,2565.4,TRY,purchase
4083,231,32,2025-09-24,6645.66,TRY,purchase
4084,829,89,2025-09-04,561.29,TRY,transfer
4085,855,47,2026-06-26,3506.57,TRY,purchase
4086,383,93,2025-10-01,2601.17,TRY,refund
4087,798,94,2026-02-04,6414.64,TRY,transfer
4088,692,35,2026-05-27,2329.16,TRY,refund
4089,412,76,2025-10-02,5057.78,TRY,transfer
4090,344,26,2026-01-05,6770.04,TRY,refund
4091,380,73,2026-04-29,6938.07,TRY,refund
4092,403,50,2026-09-01,5442.91,TRY,refund
4093,986,9,2026-03-18,1476.18,TRY,refund
4094,130,11,2025-07-01,2415.94,TRY,refund
4095,23,69,2025-01-09,4017.35,TRY,transfer
4096,940,40,2026-06-05,631.02,TRY,refund
4097,190,98,2026-02-13,4179.69,TRY,refund
4098,806,48,2026-08-13,2681.38,TRY,refund
4099,865,58,2025-07-06,807.63,TRY,purchase
4100,14,59,2025-10-10,974.23,TRY,refund
4101,796,92,2026-08-26,6911.35,TRY,refund
4102,186,50,2025-05-06,6533.21,TRY,refund
4103,54,86,2025-09-29,4561.64,TRY,transfer
4104,201,32,2025-06-11,6587.89,TRY,purchase
4105,309,100,2025-11-21,6205.19,TRY,purchase
4106,736,8,2026-04-09,3974.67,TRY,purchase
4107,674,99,2026-04-14,1597.52,TRY,transfer
4108,926,3,2025-01-31,3748.42,TRY,transfer
4109,749,16,2026-05-23,6582.22,TRY,refund
4110,942,22,2025-05-26,6524.81,TRY,purchase
4111,378,94,2026-07-17,3137.51,TRY,transfer
4112,288,41,2025-06-10,1479.62,TRY,transfer
4113,287,95,2025-06-30,3041.96,TRY,transfer
4114,817,59,2025-09-23,1884.07,TRY,transfer
4115,667,87,2026-05-26,359.29,TRY,refund
4116,199,83,2025-06-17,6090.46,TRY,transfer
4117,26,89,2026-06-26,2888.24,TRY,refund
4118,897,95,2025-06-01,1573.5,TRY,refund
4119,474,58,2025-05-16,4049.59,TRY,refund
4120,699,42,2026-02-21,1334.34,TRY,refund
4121,4,15,2025-10-13,6378.97,TRY,transfer
4122,848,6,2026-01-01,5710.73,TRY,refund
4123,955,69,2025-03-06,191.61,TRY,refund
4124,334,84,2026-06-16,4614.83,TRY,purchase
4125,38,4,2025-06-05,3397.24,TRY,transfer
4126,183,94,2025-05-12,478.67,TRY,purchase
4127,328,60,2025-07-19,857.01,TRY,purchase
4128,619,39,2025-08-21,6774.26,TRY,transfer
4129,811,16,2025-08-11,5346.19,TRY,transfer
4130,826,81,2025-03-30,3470.75,TRY,purchase
4131,931,5,2025-07-23,868.93,TRY,refund
4132,638,45,2025-12-26,4970.13,TRY,transfer
4133,795,51,2025-06-30,6347.26,TRY,purchase
4134,616,83,2025-07-10,4037.78,TRY,transfer
4135,877,63,2025-09-10,2420.91,TRY,transfer
4136,383,79,2025-12-27,5794.18,TRY,transfer
4137,700,28,2025-08-29,1055.54,TRY,purchase
4138,656,89,2026-03-30,1603.34,TRY,transfer
4139,195,67,2025-06-28,29.94,TRY,refund
4140,874,61,2025-08-16,5477.37,TRY,purchase
4141,133,30,2026-03-10,2999.21,TRY,transfer
4142,359,5,2026-04-26,2791.73,TRY,purchase
4143,565,59,2025-02-16,3589.93,TRY,refund
4144,622,64,2025-05-04,5356.15,TRY,purchase
4145,850,26,2026-01-26,289.25,TRY,purchase
4146,504,16,2025-06-09,2787.05,TRY,refund
4147,661,71,2025-08-16,6252.78,TRY,transfer
4148,695,72,2025-07-07,4948.49,TRY,refund
4149,683,81,2026-03-22,6462.84,TRY,refund
4150,547,34,2026-02-17,3359.77,TRY,refund
4151,454,97,2025-09-26,934.55,TRY,purchase
4152,994,28,2025-06-06,1008.61,TRY,purchase
4153,942,92,2026-06-05,137.87,TRY,purchase
4154,773,78,2025-10-27,1791.22,TRY,purchase
4155,355,72,2026-08-03,1096.9,TRY,transfer
4156,702,81,2025-07-08,1266.89,TRY,refund
4157,415,8,2026-01-22,1297.62,TRY,transfer
4158,346,28,2026-01-16,4599.51,TRY,refund
4159,249,82,2026-05-06,6054.16,TRY,purchase
4160,69,83,2025-04-28,3730.38,TRY,refund
4161,407,88,2026-05-19,1944.94,TRY,purchase
4162,7,63,2025-11-19,1619.22,TRY,transfer
4163,973,40,2025-05-05,4579.34,TRY,refund
4164,153,2,2025-03-15,1553.87,TRY,refund
4165,179,52,2025-02-28,3570.85,TRY,refund
4166,680,52,2025-08-23,4004.96,TRY,transfer
4167,485,85,2026-01-10,2715.09,TRY,refund
4168,749,36,2026-05-03,334.33,TRY,refund
4169,258,73,2025-03-16,5598.99,TRY,transfer
4170,676,9,2026-01-13,623.62,TRY,transfer
4171,275,10,2025-03-21,3972.26,TRY,transfer
4172,351,43,2026-03-15,1915.9,TRY,transfer
4173,956,86,2025-04-04,4042.1,TRY,refund
4174,607,28,2026-08-29,2260.86,TRY,transfer
4175,509,46,2025-07-09,440.18,TRY,purchase
4176,831,18,2025-01-19,1790.27,TRY,refund
4177,1000,21,2025-01-16,516.42,TRY,transfer
4178,509,13,2025-05-20,5108.17,TRY,purchase
4179,154,40,2025-03-17,6586.79,TRY,transfer
4180,250,97,2026-03-17,6343.44,TRY,transfer
4181,414,60,2026-06-29,3974.38,TRY,refund
4182,416,5,2026-08-03,6685.14,TRY,refund
4183,221,10,2025-06-18,2996.01,TRY,refund
4184,237,11,2025-07-09,940.32,TRY,transfer
4185,399,87,2025-01-29,3233.47,TRY,refund
4186,713,74,2026-06-28,3752.66,TRY,refund
4187,665,70,2026-03-07,2479.87,TRY,transfer
4188,959,27,2026-08-09,6302.76,TRY,transfer
4189,710,40,2025-07-27,824.71,TRY,purchase
4190,646,99,2026-01-27,2315.13,TRY,purchase
4191,32,66,2026-08-16,4465.8,TRY,purchase
4192,239,16,2025-05-29,338.85,TRY,purchase
4193,601,9,2025-12-27,5898.31,TRY,refund
4194,498,49,2025-10-06,6952.45,TRY,transfer
4195,656,59,2025-10-18,3369.97,TRY,transfer
4196,52,1,2025-05-24,2957.64,TRY,transfer
4197,476,51,2025-11-10,2178.12,TRY,transfer
4198,781,56,2026-05-24,2818.38,TRY,transfer
4199,459,76,2026-04-06,6465.03,TRY,purchase
4200,430,26,2026-01-30,6235.87,TRY,refund
4201,708,5,2025-09-21,6008.15,TRY,purchase
4202,24,53,2025-09-08,2483.96,TRY,transfer
4203,226,61,2025-07-23,282.69,TRY,transfer
4204,396,35,2026-08-02,2997.84,TRY,purchase
4205,986,60,2026-03-28,571.97,TRY,transfer
4206,580,84,2026-01-02,978.73,TRY,transfer
4207,390,29,2025-11-25,1457.1,TRY,transfer
4208,380,76,2026-04-23,5038.73,TRY,purchase
4209,377,45,2025-04-23,1147.35,TRY,purchase
4210,474,53,2025-07-31,2997.43,TRY,purchase
4211,81,41,2025-10-24,6414.83,TRY,transfer
4212,871,72,2026-08-07,5348.89,TRY,transfer
4213,403,45,2025-10-16,2909.35,TRY,refund
4214,254,39,2025-12-05,5280.96,TRY,refund
4215,764,29,2025-11-11,4969.08,TRY,purchase
4216,811,40,2025-05-05,2780.74,TRY,transfer
4217,604,32,2025-09-06,5839.81,TRY,refund
4218,283,75,2026-04-07,2009.92,TRY,transfer
4219,903,35,2026-02-24,1861.28,TRY,transfer
4220,778,87,2026-07-29,1215.93,TRY,purchase
4221,49,76,2025-12-03,3513.52,TRY,purchase
4222,620,93,2026-05-04,5070.35,TRY,purchase
4223,590,86,2026-06-30,4504.97,TRY,transfer
4224,597,35,2025-04-13,1759.26,TRY,purchase
4225,991,2,2026-08-08,3129.89,TRY,purchase
4226,708,23,2025-04-28,6025.74,TRY,purchase
4227,491,42,2025-11-05,6296.68,TRY,transfer
4228,357,25,2025-10-21,4419.47,TRY,refund
4229,380,44,2026-04-29,5606.46,TRY,purchase
4230,880,100,2025-05-09,280.3,TRY,purchase
4231,44,39,2025-10-12,3975.46,TRY,refund
4232,391,9,2025-06-01,5070.27,TRY,purchase
4233,581,7,2025-01-29,1007.22,TRY,transfer
4234,896,46,2025-04-20,971.8,TRY,purchase
4235,209,94,2026-04-18,2346.56,TRY,refund
4236,886,46,2026-06-26,4954.71,TRY,refund
4237,195,43,2026-08-20,2374.93,TRY,transfer
4238,860,61,2025-01-03,3896.53,TRY,refund
4239,995,11,2026-08-11,4274.2,TRY,purchase
4240,268,91,2026-01-05,3876.8,TRY,purchase
4241,266,90,2025-12-02,2787.91,TRY,purchase
4242,87,10,2025-08-17,6543.15,TRY,transfer
4243,380,7,2025-07-29,2090.43,TRY,purchase
4244,196,53,2025-06-11,6530.86,TRY,transfer
4245,139,5,2025-09-12,1380.42,TRY,refund
4246,300,24,2025-09-29,2857.91,TRY,transfer
4247,111,3,2025-11-05,1639.3,TRY,refund
4248,732,75,2026-03-02,3540.95,TRY,transfer
4249,691,85,2026-02-10,5474.39,TRY,transfer
4250,852,4,2025-02-03,3874.14,TRY,transfer
4251,322,91,2025-05-25,3992.18,TRY,refund
4252,391,97,2026-08-20,6715.66,TRY,purchase
4253,908,84,2025-04-02,4533.5,TRY,refund
4254,449,37,2025-03-07,3271.4,TRY,purchase
4255,39,39,2025-08-01,5893.48,TRY,purchase
4256,159,30,2026-07-04,5561.7,TRY,refund
4257,970,7,2025-06-17,1150.67,TRY,transfer
4258,625,36,2026-03-09,2748.09,TRY,purchase
4259,460,97,2025-12-11,5114.23,TRY,purchase
4260,204,26,2025-05-17,3651.79,TRY,purchase
4261,639,30,2025-01-10,971.32,TRY,purchase
4262,339,52,2026-08-11,6940.72,TRY,purchase
4263,210,2,2025-08-24,173.33,TRY,purchase
4264,260,53,2026-04-25,3097.99,TRY,transfer
4265,709,16,2026-03-15,5487.53,TRY,refund
4266,956,2,2026-03-25,5994.2,TRY,purchase
4267,795,62,2025-12-22,5261.31,TRY,refund
4268,256,96,2025-02-28,1231.45,TRY,transfer
4269,380,27,2025-02-27,566.13,TRY,purchase
4270,933,30,2026-08-19,3901.78,TRY,refund
4271,836,63,2025-06-24,1660.21,TRY,purchase
4272,278,92,2025-05-15,345.73,TRY,transfer
4273,304,59,2025-03-11,6626.91,TRY,transfer
4274,829,95,2025-01-17,654.25,TRY,transfer
4275,167,21,2025-05-16,2062.87,TRY,refund
4276,60,57,2026-02-28,6415.72,TRY,refund
4277,677,70,2026-04-19,5112.94,TRY,purchase
4278,852,61,2026-05-23,2261.38,TRY,refund
4279,424,14,2025-07-07,6481.1,TRY,purchase
4280,396,47,2026-07-09,1607.18,TRY,refund
4281,158,87,2026-04-26,4409.88,TRY,refund
4282,518,9,2025-07-04,1105.75,TRY,transfer
4283,42,75,2025-12-18,2709.24,TRY,transfer
4284,289,92,2025-09-18,6405.71,TRY,transfer
4285,758,19,2025-09-11,3408.57,TRY,transfer
4286,193,58,2026-08-11,5390.56,TRY,purchase
4287,814,24,2025-04-13,927.34,TRY,purchase
4288,49,16,2026-06-28,3216.07,TRY,transfer
4289,43,31,2025-12-21,6877.99,TRY,transfer
4290,426,96,2025-02-21,4693.88,TRY,purchase
4291,466,7,2026-05-12,2053.61,TRY,purchase
4292,818,81,2025-08-19,4195.88,TRY,refund
4293,107,76,2025-09-15,4867.23,TRY,purchase
4294,613,41,2025-04-23,3468.06,TRY,purchase
4295,180,19,2026-05-20,6618.52,TRY,transfer
4296,261,32,2025-08-14,3911.74,TRY,purchase
4297,168,3,2026-01-05,6002.94,TRY,purchase
4298,148,15,2026-01-20,1249.51,TRY,transfer
4299,329,88,2025-09-24,4145.9,TRY,transfer
4300,392,25,2025-07-19,5185.46,TRY,purchase
4301,709,70,2025-07-20,1432.45,TRY,refund
4302,302,39,2026-03-30,6142.92,TRY,purchase
4303,313,65,2026-06-16,3503.69,TRY,transfer
4304,595,43,2025-01-13,1911.32,TRY,purchase
4305,824,22,2025-01-11,6024.07,TRY,transfer
4306,700,49,2026-06-04,4796.8,TRY,purchase
4307,627,99,2025-11-17,1342.48,TRY,transfer
4308,459,64,2025-09-21,4374.92,TRY,purchase
4309,407,55,2025-08-03,1136.51,TRY,transfer
4310,759,41,2026-03-01,1647.54,TRY,purchase
4311,464,64,2026-05-01,2245.97,TRY,purchase
4312,164,46,2026-08-04,1092.2,TRY,refund
4313,83,52,2025-12-24,3808.3,TRY,purchase
4314,829,78,2025-05-18,213.88,TRY,refund
4315,587,93,2025-06-11,1073.35,TRY,refund
4316,120,10,2025-11-27,6469.94,TRY,refund
4317,224,6,2025-06-05,4148.06,TRY,refund
4318,776,86,2026-08-19,2827.52,TRY,refund
4319,251,60,2025-06-07,4527.35,TRY,purchase
4320,847,80,2025-10-31,4655.28,TRY,purchase
4321,44,56,2026-01-22,550.46,TRY,transfer
4322,266,80,2026-06-11,208.93,TRY,transfer
4323,565,44,2025-04-10,1377.83,TRY,transfer
4324,110,29,2026-07-06,5326.78,TRY,purchase
4325,45,35,2026-08-11,3750.34,TRY,purchase
4326,722,21,2025-03-07,5736.08,TRY,purchase
4327,182,20,2025-04-07,6649.3,TRY,purchase
4328,801,10,2026-01-17,5249.3,TRY,transfer
4329,679,15,2026-01-17,3777.52,TRY,refund
4330,557,54,2026-07-03,3506.53,TRY,refund
4331,306,2,2025-04-17,5349.76,TRY,purchase
4332,544,42,2025-09-26,3902.78,TRY,purchase
4333,399,40,2025-11-09,5255.53,TRY,transfer
4334,1,6,2026-02-02,1260.08,TRY,transfer
4335,938,64,2026-03-29,4475.2,TRY,refund
4336,251,41,2026-06-18,2304.5,TRY,transfer
4337,983,50,2026-02-16,1986.75,TRY,refund
4338,767,40,2025-05-02,4178.64,TRY,transfer
4339,133,28,2025-10-31,4616.36,TRY,purchase
4340,626,19,2026-03-23,5664.47,TRY,purchase
4341,77,25,2025-07-07,139.41,TRY,transfer
4342,66,6,2025-10-19,1158.4,TRY,refund
4343,545,28,2025-04-26,1984.2,TRY,refund
4344,961,66,2026-08-05,5411.95,TRY,transfer
4345,887,15,2025-04-03,3307.99,TRY,transfer
4346,458,20,2026-02-21,4125.13,TRY,transfer
4347,628,36,2026-08-13,4840.77,TRY,purchase
4348,668,21,2026-06-11,4894.2,TRY,purchase
4349,754,71,2025-01-21,417.95,TRY,refund
4350,433,53,2025-01-22,5167.75,TRY,transfer
4351,173,91,2025-01-03,455.47,TRY,refund
4352,959,26,2025-06-15,3783.9,TRY,purchase
4353,558,51,2025-07-13,6113.32,TRY,purchase
4354,330,81,2025-02-17,2299.93,TRY,purchase
4355,277,32,2026-06-27,6296.03,TRY,transfer
4356,727,1,2025-12-30,3880.99,TRY,purchase
4357,948,54,2025-06-25,4626.69,TRY,transfer
4358,786,79,2025-03-05,436.3,TRY,refund
4359,547,90,2026-03-19,1164.82,TRY,refund
4360,775,56,2025-09-07,6007.41,TRY,purchase
4361,865,72,2025-07-31,6176.46,TRY,transfer
4362,625,50,2025-07-28,1517.14,TRY,refund
4363,418,96,2025-03-27,3549.49,TRY,transfer
4364,117,81,2026-07-10,6393.1,TRY,refund
4365,182,51,2026-04-11,751.19,TRY,refund
4366,566,40,2025-04-22,25.73,TRY,purchase
4367,195,20,2026-06-02,5541.89,TRY,purchase
4368,922,29,2025-06-06,712.06,TRY,transfer
4369,870,66,2025-08-18,2458.31,TRY,purchase
4370,473,95,2025-03-06,3707.92,TRY,refund
4371,726,98,2025-01-21,2854.3,TRY,refund
4372,505,50,2025-04-08,4561.49,TRY,refund
4373,774,81,2026-01-15,5782.14,TRY,purchase
4374,7,82,2026-07-06,3668.07,TRY,transfer
4375,833,35,2025-09-11,5396.87,TRY,transfer
4376,131,60,2026-04-01,6696.53,TRY,purchase
4377,472,65,2025-04-24,2479.36,TRY,transfer
4378,430,75,2026-07-01,4509.9,TRY,transfer
4379,710,39,2025-12-25,4631.97,TRY,purchase
4380,753,87,2025-01-18,6934.92,TRY,transfer
4381,155,90,2026-02-05,2650.56,TRY,transfer
4382,977,52,2026-07-01,2703.62,TRY,purchase
4383,627,46,2026-08-12,5809.44,TRY,purchase
4384,332,58,2025-07-29,2170.17,TRY,transfer
4385,608,73,2025-06-16,2417.13,TRY,purchase
4386,617,35,2026-03-22,4405.36,TRY,purchase
4387,783,57,2025-11-02,6208.43,TRY,transfer
4388,883,78,2025-01-24,3126.46,TRY,transfer
4389,487,19,2026-02-26,2972.9,TRY,refund
4390,65,98,2026-03-25,4027.18,TRY,refund
4391,497,3,2026-07-30,46.85,TRY,transfer
4392,469,40,2026-05-25,1799.27,TRY,refund
4393,703,80,2026-08-08,2003.9,TRY,refund
4394,78,66,2025-07-18,5623.04,TRY,transfer
4395,868,39,2025-04-26,2888.46,TRY,purchase
4396,296,59,2026-06-16,6607.19,TRY,refund
4397,212,52,2026-08-19,3764.31,TRY,transfer
4398,110,49,2025-10-27,5439.31,TRY,transfer
4399,29,34,2025-10-24,2225.94,TRY,transfer
4400,171,85,2026-06-12,5647.3,TRY,purchase
4401,335,22,2025-05-02,5853.15,TRY,purchase
4402,168,52,2025-05-23,6729.03,TRY,purchase
4403,407,52,2025-10-24,3879.08,TRY,purchase
4404,19,70,2025-07-03,1908.51,TRY,refund
4405,368,67,2025-04-17,5395.8,TRY,purchase
4406,570,70,2026-08-10,3897.7,TRY,transfer
4407,824,6,2025-12-04,3387.62,TRY,transfer
4408,835,70,2026-07-19,1673.99,TRY,transfer
4409,755,61,2025-09-26,5837.18,TRY,transfer
4410,109,71,2025-12-22,2923.64,TRY,purchase
4411,15,20,2026-04-03,5522.35,TRY,purchase
4412,49,1,2025-08-06,340.55,TRY,refund
4413,738,50,2026-02-17,730.72,TRY,transfer
4414,365,83,2025-07-28,140.67,TRY,refund
4415,397,38,2025-04-10,3914.55,TRY,transfer
4416,197,57,2026-07-09,4661.47,TRY,refund
4417,443,58,2026-08-07,381.47,TRY,refund
4418,936,93,2025-01-20,4582.32,TRY,transfer
4419,484,21,2026-03-01,6149.74,TRY,purchase
4420,32,15,2025-07-28,3005.53,TRY,transfer
4421,126,7,2025-08-25,1914.26,TRY,refund
4422,311,33,2025-05-15,4218.14,TRY,purchase
4423,403,62,2025-10-08,4663.55,TRY,refund
4424,573,52,2026-01-19,1170.55,TRY,purchase
4425,387,19,2025-05-10,835.47,TRY,refund
4426,626,77,2026-03-23,6108.25,TRY,purchase
4427,323,55,2025-07-02,1305.97,TRY,purchase
4428,128,78,2025-01-09,2335.86,TRY,purchase
4429,955,82,2025-10-29,3088.25,TRY,purchase
4430,265,64,2025-11-11,3373.19,TRY,refund
4431,311,70,2025-10-23,4799.45,TRY,refund
4432,382,77,2025-08-17,4213.46,TRY,refund
4433,175,13,2025-08-26,3749.96,TRY,refund
4434,7,63,2025-03-25,6786.76,TRY,refund
4435,342,94,2025-12-23,1542.77,TRY,purchase
4436,719,77,2025-02-27,43.2,TRY,purchase
4437,404,17,2025-07-09,6626.6,TRY,purchase
4438,952,92,2026-04-29,1673.06,TRY,transfer
4439,147,82,2026-04-20,3472.68,TRY,refund
4440,791,35,2026-07-03,4504.92,TRY,transfer
4441,253,80,2025-12-21,3898.68,TRY,transfer
4442,692,42,2026-07-22,2286.57,TRY,purchase
4443,599,86,2025-11-09,1208.77,TRY,refund
4444,144,92,2025-11-17,727.79,TRY,purchase
4445,515,42,2026-05-16,2590.34,TRY,purchase
4446,460,9,2025-02-26,2365.2,TRY,purchase
4447,542,82,2025-02-18,2555.64,TRY,transfer
4448,95,34,2026-04-04,3189.67,TRY,refund
4449,483,30,2026-01-10,4477.63,TRY,refund
4450,791,19,2025-11-01,3079.76,TRY,transfer
4451,750,96,2025-10-30,802.7,TRY,refund
4452,122,46,2026-08-18,2115.96,TRY,transfer
4453,471,26,2025-09-24,2039.91,TRY,transfer
4454,209,5,2025-12-08,1634.95,TRY,transfer
4455,548,4,2025-08-16,1382.75,TRY,transfer
4456,223,54,2025-03-27,6119.45,TRY,purchase
4457,705,26,2025-09-03,5781.98,TRY,transfer
4458,941,77,2025-07-06,3001.33,TRY,purchase
4459,526,61,2026-06-03,3753.94,TRY,purchase
4460,832,72,2025-03-11,2481.33,TRY,purchase
4461,492,70,2026-05-02,1390.17,TRY,refund
4462,848,72,2026-03-22,1304.0,TRY,transfer
4463,65,41,2025-07-05,873.15,TRY,transfer
4464,314,53,2025-12-01,5825.49,TRY,purchase
4465,949,42,2025-08-20,3388.76,TRY,transfer
4466,52,13,2026-06-09,3960.38,TRY,purchase
4467,365,55,2026-05-05,1332.18,TRY,refund
4468,891,49,2026-05-24,631.6,TRY,refund
4469,454,96,2026-01-23,6535.94,TRY,transfer
4470,829,51,2026-08-26,6526.35,TRY,refund
4471,230,27,2026-02-10,973.13,TRY,transfer
4472,590,33,2026-01-21,4411.15,TRY,refund
4473,269,44,2025-02-23,4274.95,TRY,transfer
4474,600,4,2025-02-07,802.92,TRY,transfer
4475,610,71,2025-12-15,3368.24,TRY,transfer
4476,18,69,2025-08-28,5831.97,TRY,transfer
4477,726,44,2025-06-17,684.49,TRY,purchase
4478,554,77,2026-02-24,4651.73,TRY,refund
4479,927,37,2025-06-24,4560.85,TRY,refund
4480,284,95,2026-06-11,5439.82,TRY,refund
4481,635,97,2026-04-14,4088.22,TRY,refund
4482,175,72,2026-01-15,5770.72,TRY,refund
4483,337,82,2026-08-08,2452.74,TRY,transfer
4484,130,67,2025-04-24,5901.26,TRY,purchase
4485,184,19,2025-03-15,3098.93,TRY,transfer
4486,474,94,2026-07-06,4272.23,TRY,transfer
4487,867,81,2025-03-17,5743.61,TRY,refund
4488,542,70,2025-07-12,4482.3,TRY,refund
4489,921,11,2026-04-19,120.43,TRY,refund
4490,769,75,2026-06-26,2108.76,TRY,refund
4491,948,43,2025-04-12,5533.55,TRY,purchase
4492,436,64,2025-06-13,3671.04,TRY,refund
4493,536,14,2025-03-26,1291.93,TRY,purchase
4494,654,4,2025-08-03,3706.58,TRY,refund
4495,771,56,2026-07-04,816.26,TRY,purchase
4496,592,32,2026-05-19,5843.36,TRY,purchase
4497,282,44,2026-08-14,99.27,TRY,purchase
4498,756,80,2026-08-10,4419.32,TRY,purchase
4499,854,14,2026-04-01,3286.71,TRY,purchase
4500,380,41,2025-06-01,3930.71,TRY,refund
4501,947,55,2026-08-23,1469.93,TRY,refund
4502,92,81,2025-11-17,5216.7,TRY,transfer
4503,769,3,2026-04-21,6729.07,TRY,purchase
4504,788,86,2025-11-23,1382.21,TRY,transfer
4505,405,3,2025-05-05,870.59,TRY,purchase
4506,807,75,2025-03-23,92.84,TRY,transfer
4507,129,74,2026-05-01,2165.47,TRY,transfer
4508,887,41,2025-12-24,866.41,TRY,transfer
4509,437,6,2026-08-11,432.31,TRY,transfer
4510,336,69,2025-04-14,5991.99,TRY,transfer
4511,126,6,2025-10-18,2307.63,TRY,purchase
4512,307,28,2026-04-18,1461.96,TRY,purchase
4513,928,44,2026-06-28,3483.4,TRY,refund
4514,776,52,2025-05-24,6406.79,TRY,purchase
4515,223,89,2025-12-24,3577.41,TRY,transfer
4516,411,73,2025-09-09,1478.72,TRY,purchase
4517,818,80,2025-03-03,4936.12,TRY,transfer
4518,342,70,2025-11-26,6828.49,TRY,refund
4519,93,47,2025-10-26,3163.53,TRY,purchase
4520,89,84,2025-12-09,6028.2,TRY,refund
4521,246,75,2026-05-15,3985.34,TRY,refund
4522,356,15,2025-04-14,2671.22,TRY,purchase
4523,403,87,2025-02-13,4626.97,TRY,transfer
4524,933,31,2026-04-28,3413.39,TRY,refund
4525,29,21,2026-07-12,4169.62,TRY,transfer
4526,388,53,2025-01-05,2414.95,TRY,purchase
4527,303,23,2026-06-18,593.8,TRY,refund
4528,263,9,2026-02-27,554.27,TRY,purchase
4529,639,90,2026-04-18,6713.12,TRY,refund
4530,650,27,2025-12-09,3757.18,TRY,transfer
4531,942,39,2026-02-24,5801.08,TRY,purchase
4532,999,48,2025-05-08,281.56,TRY,transfer
4533,574,70,2025-01-02,964.88,TRY,purchase
4534,9,34,2025-05-27,3416.51,TRY,purchase
4535,433,18,2026-06-06,6109.09,TRY,refund
4536,649,34,2025-10-05,3183.95,TRY,transfer
4537,774,75,2025-08-24,4152.0,TRY,purchase
4538,949,3,2026-08-13,2894.09,TRY,purchase
4539,429,64,2026-02-16,1835.69,TRY,transfer
4540,881,78,2025-01-04,3996.28,TRY,purchase
4541,518,69,2025-10-12,6570.62,TRY,transfer
4542,466,98,2025-10-04,6100.76,TRY,refund
4543,115,91,2025-08-31,5821.48,TRY,refund
4544,551,96,2026-04-10,967.78,TRY,refund
4545,127,59,2025-09-30,6220.1,TRY,purchase
4546,658,55,2026-07-21,6719.79,TRY,purchase
4547,808,14,2026-01-28,5877.22,TRY,refund
4548,795,93,2025-02-05,1437.6,TRY,purchase
4549,605,65,2026-06-20,6310.0,TRY,transfer
4550,506,27,2026-07-16,3299.86,TRY,transfer
4551,766,46,2026-06-09,1572.66,TRY,purchase
4552,220,52,2025-10-18,5331.65,TRY,refund
4553,15,33,2025-04-07,1643.19,TRY,purchase
4554,620,2,2025-04-26,6595.72,TRY,refund
4555,198,66,2026-03-06,6785.89,TRY,purchase
4556,559,17,2026-02-10,950.02,TRY,refund
4557,807,22,2025-02-10,6468.33,TRY,purchase
4558,671,22,2025-08-27,6263.18,TRY,transfer
4559,36,93,2025-12-31,3162.47,TRY,purchase
4560,8,35,2025-10-14,482.67,TRY,purchase
4561,725,89,2026-05-22,4832.48,TRY,transfer
4562,279,13,2026-08-02,1521.34,TRY,refund
4563,381,100,2025-09-03,5884.52,TRY,transfer
4564,78,8,2026-05-10,5007.82,TRY,refund
4565,102,82,2025-05-28,1026.5,TRY,refund
4566,558,60,2025-01-29,4119.92,TRY,transfer
4567,572,61,2025-06-04,5215.97,TRY,refund
4568,887,74,2026-02-21,1448.71,TRY,purchase
4569,383,11,2026-05-23,5897.03,TRY,purchase
4570,190,38,2025-01-15,1869.8,TRY,transfer
4571,662,87,2025-08-08,1223.29,TRY,purchase
4572,111,69,2025-02-22,267.41,TRY,refund
4573,392,68,2026-03-18,712.53,TRY,refund
4574,221,7,2026-05-02,103.75,TRY,transfer
4575,409,58,2025-06-23,411.51,TRY,purchase
4576,798,5,2025-02-02,4170.01,TRY,purchase
4577,401,54,2025-05-19,509.15,TRY,refund
4578,202,53,2026-07-11,4092.08,TRY,purchase
4579,348,60,2026-05-03,4242.31,TRY,purchase
4580,62,13,2026-05-22,1718.9,TRY,refund
4581,979,73,2025-01-13,201.46,TRY,refund
4582,222,79,2026-04-18,644.54,TRY,purchase
4583,671,58,2025-06-25,1138.53,TRY,purchase
4584,210,70,2026-01-25,3973.27,TRY,transfer
4585,522,61,2025-03-19,4592.5,TRY,refund
4586,146,24,2025-05-03,194.16,TRY,refund
4587,324,91,2025-10-14,5209.5,TRY,purchase
4588,508,15,2026-08-07,1186.94,TRY,purchase
4589,486,1,2026-04-11,1812.71,TRY,purchase
4590,417,7,2025-05-29,5778.87,TRY,refund
4591,301,17,2025-07-08,2536.61,TRY,purchase
4592,664,51,2025-01-16,1025.61,TRY,purchase
4593,220,76,2025-10-04,5292.2,TRY,purchase
4594,978,94,2025-01-18,4091.72,TRY,refund
4595,760,58,2026-05-01,6185.45,TRY,refund
4596,632,3,2025-08-02,4727.33,TRY,refund
4597,657,81,2025-12-28,2224.33,TRY,purchase
4598,946,17,2026-04-27,2874.65,TRY,transfer
4599,477,78,2025-11-04,5047.0,TRY,purchase
4600,994,87,2025-05-18,1907.03,TRY,refund
4601,848,89,2026-01-03,4098.74,TRY,refund
4602,115,49,2025-02-07,937.26,TRY,purchase
4603,589,86,2025-04-24,2251.29,TRY,transfer
4604,596,12,2025-06-24,5641.85,TRY,transfer
4605,902,52,2025-10-20,5132.9,TRY,transfer
4606,907,53,2025-09-19,3363.21,TRY,refund
4607,811,66,2026-03-08,905.77,TRY,refund
4608,389,8,2025-01-10,3511.4,TRY,refund
4609,320,59,2025-09-23,184.98,TRY,transfer
4610,237,57,2026-07-25,6835.42,TRY,transfer
4611,113,74,2025-02-03,3445.06,TRY,transfer
4612,867,73,2025-05-14,618.56,TRY,refund
4613,45,7,2026-02-18,4007.54,TRY,transfer
4614,783,68,2025-07-26,2763.41,TRY,transfer
4615,641,17,2025-07-22,5502.25,TRY,purchase
4616,286,70,2025-10-03,3578.83,TRY,refund
4617,460,6,2026-06-01,1120.89,TRY,purchase
4618,588,68,2026-02-25,2243.56,TRY,refund
4619,192,19,2025-01-10,1193.84,TRY,purchase
4620,205,96,2026-05-19,4810.51,TRY,transfer
4621,152,2,2026-01-03,6320.58,TRY,purchase
4622,900,27,2025-08-12,33.81,TRY,purchase
4623,19,71,2026-06-16,2650.79,TRY,refund
4624,762,92,2026-02-17,3184.99,TRY,transfer
4625,114,79,2025-01-05,43.44,TRY,transfer
4626,586,99,2026-08-05,6994.92,TRY,purchase
4627,259,16,2026-02-20,5592.28,TRY,purchase
4628,594,12,2026-01-29,3982.67,TRY,transfer
4629,643,20,2025-08-29,989.27,TRY,refund
4630,207,59,2026-08-19,4719.31,TRY,transfer
4631,745,59,2025-02-15,2729.67,TRY,transfer
4632,815,94,2025-12-11,2115.41,TRY,purchase
4633,966,71,2026-03-12,3370.6,TRY,refund
4634,398,32,2025-02-11,373.62,TRY,transfer
4635,836,76,2026-06-12,1955.76,TRY,purchase
4636,256,56,2025-05-02,6234.42,TRY,transfer
4637,856,32,2026-04-02,595.72,TRY,purchase
4638,536,11,2025-11-22,665.42,TRY,transfer
4639,569,83,2026-01-14,4866.23,TRY,refund
4640,514,19,2026-08-11,6740.71,TRY,refund
4641,154,3,2025-07-13,4458.74,TRY,transfer
4642,13,9,2026-01-07,1440.1,TRY,purchase
4643,285,53,2026-02-25,229.2,TRY,refund
4644,385,74,2025-09-14,1998.02,TRY,transfer
4645,280,52,2026-03-19,3102.48,TRY,transfer
4646,55,13,2025-03-01,3862.74,TRY,refund
4647,903,83,2025-01-17,5674.59,TRY,transfer
4648,789,70,2025-04-04,4827.25,TRY,purchase
4649,943,18,2025-08-16,3603.11,TRY,transfer
4650,945,99,2025-10-23,6777.66,TRY,purchase
4651,985,51,2025-05-25,255.09,TRY,refund
4652,513,9,2026-05-24,1849.32,TRY,refund
4653,927,18,2026-04-24,1607.26,TRY,refund
4654,653,25,2026-02-26,2194.78,TRY,purchase
4655,353,59,2025-01-18,78.78,TRY,purchase
4656,164,80,2025-04-07,6947.58,TRY,transfer
4657,974,18,2026-07-19,4914.51,TRY,purchase
4658,563,15,2026-03-05,6569.11,TRY,transfer
4659,181,81,2025-12-02,2434.74,TRY,purchase
4660,294,86,2026-02-12,818.67,TRY,purchase
4661,63,60,2025-06-27,1549.06,TRY,refund
4662,437,53,2025-01-25,395.4,TRY,purchase
4663,576,32,2026-06-19,1020.4,TRY,purchase
4664,31,12,2025-06-29,1419.52,TRY,purchase
4665,582,95,2026-03-14,499.13,TRY,purchase
4666,129,4,2025-09-28,6626.6,TRY,transfer
4667,384,2,2026-05-25,5153.29,TRY,refund
4668,770,42,2025-08-18,6690.93,TRY,transfer
4669,936,97,2025-09-22,2198.15,TRY,transfer
4670,48,40,2025-07-01,6258.96,TRY,refund
4671,430,29,2025-11-04,2692.08,TRY,purchase
4672,110,80,2025-04-01,2343.62,TRY,purchase
4673,375,64,2025-07-29,6748.99,TRY,refund
4674,504,20,2025-09-23,1659.45,TRY,transfer
4675,985,54,2025-03-27,3448.36,TRY,refund
4676,548,22,2025-06-17,6582.6,TRY,purchase
4677,768,87,2025-05-10,5785.83,TRY,transfer
4678,976,24,2026-02-08,3182.38,TRY,purchase
4679,522,51,2026-03-05,4931.07,TRY,refund
4680,958,45,2026-02-14,6669.87,TRY,purchase
4681,283,10,2026-03-29,6189.44,TRY,refund
4682,873,70,2026-03-29,3584.24,TRY,refund
4683,810,80,2025-10-28,3323.67,TRY,purchase
4684,679,21,2026-08-16,439.42,TRY,purchase
4685,371,2,2025-02-07,2901.21,TRY,purchase
4686,826,66,2025-11-07,3514.18,TRY,refund
4687,309,19,2025-05-09,1662.35,TRY,refund
4688,832,27,2025-11-11,394.46,TRY,transfer
4689,430,95,2026-01-23,3842.83,TRY,purchase
4690,155,12,2025-12-11,5538.6,TRY,refund
4691,864,33,2025-12-31,1162.12,TRY,refund
4692,589,23,2025-01-18,6789.88,TRY,transfer
4693,708,36,2025-10-17,4506.87,TRY,purchase
4694,785,16,2025-04-14,4700.65,TRY,transfer
4695,505,100,2025-07-20,3835.98,TRY,purchase
4696,544,19,2026-04-20,1758.56,TRY,transfer
4697,440,30,2025-11-11,1592.92,TRY,transfer
4698,601,37,2026-05-28,6123.53,TRY,transfer
4699,826,23,2025-03-08,3707.08,TRY,refund
4700,601,54,2026-07-04,181.93,TRY,refund
4701,415,34,2025-01-19,2444.27,TRY,purchase
4702,837,13,2025-02-14,1288.58,TRY,purchase
4703,835,48,2025-11-15,1388.59,TRY,transfer
4704,286,11,2025-07-10,1745.0,TRY,purchase
4705,122,91,2026-02-16,375.68,TRY,transfer
4706,762,68,2026-03-11,49.26,TRY,purchase
4707,509,19,2025-04-13,5000.44,TRY,transfer
4708,894,65,2026-01-30,389.04,TRY,purchase
4709,208,21,2025-03-05,6996.53,TRY,purchase
4710,108,77,2026-04-03,3864.3,TRY,transfer
4711,638,78,2025-02-20,579.67,TRY,refund
4712,34,2,2025-08-03,2098.74,TRY,refund
4713,833,15,2025-09-04,766.43,TRY,transfer
4714,509,96,2025-04-12,4136.06,TRY,refund
4715,781,84,2026-07-23,2916.29,TRY,transfer
4716,108,81,2026-02-02,6191.06,TRY,purchase
4717,779,46,2025-02-22,5057.87,TRY,refund
4718,101,75,2025-10-19,5920.9,TRY,transfer
4719,478,68,2025-12-03,6074.0,TRY,purchase
4720,644,16,2025-03-20,1458.11,TRY,refund
4721,349,29,2025-12-12,3720.16,TRY,transfer
4722,123,3,2026-04-29,6459.92,TRY,transfer
4723,542,87,2026-03-31,3667.65,TRY,purchase
4724,483,18,2026-04-25,4199.24,TRY,purchase
4725,733,30,2026-04-25,801.42,TRY,refund
4726,109,55,2025-01-29,3876.62,TRY,transfer
4727,114,100,2026-04-27,6832.12,TRY,purchase
4728,133,26,2026-08-26,4443.53,TRY,refund
4729,258,62,2026-05-18,5428.76,TRY,transfer
4730,203,63,2025-12-13,5865.76,TRY,purchase
4731,459,54,2026-07-28,6045.77,TRY,purchase
4732,187,37,2026-07-15,124.17,TRY,transfer
4733,734,71,2026-01-11,5494.96,TRY,refund
4734,888,65,2025-02-02,122.82,TRY,transfer
4735,264,86,2025-10-28,1375.2,TRY,purchase
4736,219,51,2025-07-10,1152.64,TRY,purchase
4737,401,75,2025-02-08,5529.61,TRY,refund
4738,617,86,2026-01-27,3869.37,TRY,refund
4739,266,51,2026-04-29,159.06,TRY,refund
4740,699,88,2026-01-01,482.73,TRY,transfer
4741,707,16,2025-09-09,4054.89,TRY,refund
4742,714,96,2025-05-26,644.31,TRY,purchase
4743,754,15,2026-02-21,6264.65,TRY,purchase
4744,398,10,2025-01-05,3372.79,TRY,purchase
4745,223,26,2026-01-08,344.02,TRY,transfer
4746,536,99,2025-09-22,6251.66,TRY,purchase
4747,289,28,2025-04-26,4347.62,TRY,purchase
4748,592,18,2025-10-23,3801.97,TRY,refund
4749,516,9,2025-08-14,184.62,TRY,refund
4750,935,14,2026-03-12,4212.8,TRY,purchase
4751,834,2,2025-11-20,6009.9,TRY,purchase
4752,151,13,2026-01-13,6382.91,TRY,refund
4753,488,93,2026-01-09,5350.28,TRY,transfer
4754,564,50,2025-10-25,2841.87,TRY,purchase
4755,237,86,2025-12-04,1644.05,TRY,transfer
4756,93,12,2025-01-04,2294.44,TRY,purchase
4757,902,98,2025-10-10,6386.35,TRY,refund
4758,266,99,2025-06-09,3444.28,TRY,transfer
4759,807,55,2025-05-06,2254.0,TRY,purchase
4760,566,44,2025-11-25,5216.33,TRY,purchase
4761,141,70,2025-03-20,6342.71,TRY,refund
4762,338,13,2025-05-18,1654.79,TRY,refund
4763,784,73,2026-05-25,3556.69,TRY,refund
4764,371,34,2025-06-08,2647.14,TRY,transfer
4765,47,98,2026-04-18,1142.22,TRY,transfer
4766,393,3,2025-06-07,2083.54,TRY,refund
4767,446,98,2026-01-14,5406.48,TRY,refund
4768,792,60,2026-04-25,1006.6,TRY,refund
4769,67,57,2025-04-15,210.67,TRY,purchase
4770,63,65,2026-04-20,875.07,TRY,refund
4771,825,34,2026-05-08,3730.28,TRY,transfer
4772,771,30,2026-05-08,4658.76,TRY,purchase
4773,222,13,2026-05-14,2239.99,TRY,purchase
4774,543,3,2025-07-10,6222.9,TRY,refund
4775,842,10,2025-11-05,3532.72,TRY,refund
4776,723,59,2025-07-05,2695.59,TRY,purchase
4777,577,23,2025-12-07,1831.73,TRY,refund
4778,702,68,2026-02-17,6869.23,TRY,refund
4779,191,72,2026-06-13,5840.66,TRY,purchase
4780,460,54,2026-03-15,1769.69,TRY,purchase
4781,457,84,2026-01-22,4788.68,TRY,purchase
4782,490,9,2025-07-31,6602.69,TRY,purchase
4783,745,71,2026-02-15,3341.7,TRY,transfer
4784,142,46,2025-05-09,1540.86,TRY,transfer
4785,442,93,2026-06-01,5854.55,TRY,transfer
4786,54,53,2025-01-31,5585.37,TRY,transfer
4787,941,67,2026-02-07,4147.43,TRY,purchase
4788,181,8,2025-12-09,5465.6,TRY,purchase
4789,266,1,2025-12-22,5521.68,TRY,transfer
4790,538,78,2025-05-29,3330.37,TRY,transfer
4791,429,96,2025-03-27,6699.81,TRY,refund
4792,611,58,2026-03-16,6661.78,TRY,purchase
4793,322,25,2025-11-26,2892.23,TRY,purchase
4794,755,61,2026-05-28,4175.74,TRY,refund
4795,512,91,2025-12-14,2422.95,TRY,purchase
4796,447,10,2026-08-24,4937.16,TRY,purchase
4797,248,68,2025-09-23,1047.19,TRY,purchase
4798,489,27,2026-02-17,5252.06,TRY,purchase
4799,467,94,2025-07-31,1278.23,TRY,transfer
4800,181,23,2025-05-31,3385.37,TRY,purchase
4801,780,10,2026-04-21,5814.32,TRY,transfer
4802,909,63,2026-03-13,4255.1,TRY,refund
4803,110,55,2025-06-18,419.3,TRY,refund
4804,162,79,2026-07-11,2616.2,TRY,refund
4805,275,71,2026-02-18,4048.33,TRY,purchase
4806,34,48,2025-06-29,6581.18,TRY,refund
4807,979,75,2025-01-09,1467.17,TRY,purchase
4808,192,4,2025-07-04,5233.2,TRY,transfer
4809,814,71,2025-01-15,687.67,TRY,refund
4810,189,87,2026-02-12,1895.09,TRY,purchase
4811,63,55,2026-07-14,196.41,TRY,purchase
4812,462,60,2025-01-20,6452.71,TRY,purchase
4813,410,25,2026-04-02,6211.92,TRY,purchase
4814,910,44,2025-01-12,6590.71,TRY,refund
4815,598,26,2025-08-02,1309.55,TRY,refund
4816,188,33,2025-10-14,2649.61,TRY,purchase
4817,874,15,2026-03-28,1136.17,TRY,refund
4818,802,57,2026-03-20,6852.64,TRY,transfer
4819,6,70,2025-08-16,6706.16,TRY,purchase
4820,760,51,2025-11-29,1835.56,TRY,purchase
4821,903,45,2026-07-18,2288.85,TRY,transfer
4822,619,29,2025-08-19,908.0,TRY,transfer
4823,162,98,2026-05-21,1277.67,TRY,purchase
4824,164,74,2025-05-01,5759.28,TRY,purchase
4825,357,84,2025-02-18,2103.29,TRY,transfer
4826,837,55,2025-03-02,895.56,TRY,refund
4827,736,54,2026-04-09,2778.03,TRY,refund
4828,844,22,2026-04-10,6043.83,TRY,transfer
4829,660,39,2025-12-31,6841.07,TRY,transfer
4830,501,34,2026-08-24,2627.97,TRY,refund
4831,741,1,2026-06-02,6016.95,TRY,refund
4832,309,1,2026-03-05,5242.32,TRY,refund
4833,772,53,2025-01-23,1204.13,TRY,transfer
4834,11,86,2025-04-16,3964.01,TRY,purchase
4835,610,6,2025-06-19,1319.47,TRY,purchase
4836,926,48,2025-11-03,6177.17,TRY,purchase
4837,635,5,2025-10-14,1828.16,TRY,transfer
4838,936,5,2026-08-22,1591.69,TRY,purchase
4839,357,25,2025-09-11,1459.9,TRY,purchase
4840,981,22,2025-09-08,2515.5,TRY,purchase
4841,158,48,2025-12-06,2421.49,TRY,purchase
4842,117,80,2025-08-20,6925.39,TRY,refund
4843,337,92,2025-02-04,1597.73,TRY,refund
4844,595,65,2026-07-22,5663.58,TRY,refund
4845,712,27,2025-07-18,5290.27,TRY,purchase
4846,198,21,2025-10-29,5951.62,TRY,refund
4847,942,21,2026-08-30,2998.75,TRY,purchase
4848,832,69,2025-01-28,2440.8,TRY,transfer
4849,759,69,2025-08-25,874.69,TRY,refund
4850,771,35,2025-04-03,1148.61,TRY,transfer
4851,59,57,2025-12-08,5264.47,TRY,refund
4852,321,79,2025-05-18,6660.62,TRY,purchase
4853,147,32,2026-05-24,2822.39,TRY,purchase
4854,493,59,2025-11-13,4124.23,TRY,refund
4855,164,9,2025-01-16,2699.84,TRY,transfer
4856,794,35,2025-04-06,3973.17,TRY,refund
4857,351,80,2025-04-11,4109.98,TRY,purchase
4858,406,58,2025-03-19,4926.87,TRY,purchase
4859,494,48,2025-08-26,5063.38,TRY,purchase
4860,967,55,2025-10-08,3324.7,TRY,purchase
4861,684,66,2026-02-13,1778.08,TRY,purchase
4862,919,19,2025-01-27,6234.69,TRY,refund
4863,124,58,2025-08-23,204.62,TRY,transfer
4864,608,21,2026-06-30,6318.65,TRY,refund
4865,896,18,2025-10-04,446.37,TRY,purchase
4866,723,14,2025-03-06,2489.75,TRY,purchase
4867,881,43,2025-12-30,89.33,TRY,purchase
4868,278,27,2025-05-23,720.57,TRY,transfer
4869,108,39,2025-09-01,4670.01,TRY,purchase
4870,530,57,2026-05-12,6422.93,TRY,refund
4871,654,18,2025-09-25,3273.64,TRY,purchase
4872,384,89,2025-09-15,6022.59,TRY,purchase
4873,995,12,2026-05-29,3825.89,TRY,transfer
4874,839,33,2025-11-26,4908.88,TRY,transfer
4875,811,15,2026-08-28,1278.72,TRY,purchase
4876,310,99,2026-07-10,3392.06,TRY,purchase
4877,442,64,2026-01-27,5810.01,TRY,purchase
4878,985,27,2025-08-29,5307.72,TRY,transfer
4879,604,72,2026-03-17,2492.95,TRY,refund
4880,894,80,2025-02-28,1178.19,TRY,refund
4881,734,70,2025-10-24,6721.04,TRY,refund
4882,59,67,2025-12-08,4463.05,TRY,refund
4883,753,68,2026-06-28,1360.9,TRY,transfer
4884,555,22,2025-11-25,4902.31,TRY,transfer
4885,813,62,2025-05-19,2843.62,TRY,purchase
4886,19,95,2026-06-05,1877.56,TRY,refund
4887,129,85,2026-08-22,5456.85,TRY,refund
4888,313,28,2025-11-23,5165.05,TRY,purchase
4889,805,75,2026-02-06,1198.04,TRY,purchase
4890,177,24,2025-12-25,80.19,TRY,purchase
4891,547,24,2025-12-28,5110.77,TRY,transfer
4892,957,82,2026-02-20,1192.66,TRY,refund
4893,458,23,2026-07-20,2890.1,TRY,transfer
4894,779,33,2025-07-04,4529.91,TRY,purchase
4895,872,22,2025-06-16,1734.87,TRY,refund
4896,90,37,2026-08-07,4022.32,TRY,transfer
4897,12,2,2026-03-04,2773.04,TRY,transfer
4898,455,6,2025-05-18,2881.17,TRY,purchase
4899,269,44,2025-02-23,6740.85,TRY,refund
4900,441,25,2025-07-09,485.94,TRY,refund
4901,663,6,2025-01-20,5025.89,TRY,transfer
4902,77,7,2025-03-28,4032.95,TRY,purchase
4903,380,98,2025-07-25,3780.43,TRY,purchase
4904,138,21,2025-11-02,5857.75,TRY,purchase
4905,89,76,2025-08-16,2688.6,TRY,purchase
4906,712,6,2026-03-06,6756.33,TRY,transfer
4907,148,60,2026-05-13,4620.35,TRY,refund
4908,410,36,2026-02-14,794.06,TRY,transfer
4909,767,54,2025-02-26,3328.53,TRY,refund
4910,892,17,2026-02-05,1984.03,TRY,transfer
4911,539,92,2025-12-29,92.06,TRY,transfer
4912,334,30,2026-04-20,1230.78,TRY,refund
4913,434,12,2026-04-01,5786.61,TRY,transfer
4914,151,29,2025-04-24,1454.99,TRY,purchase
4915,806,53,2025-04-28,106.77,TRY,transfer
4916,266,37,2025-04-06,6755.68,TRY,refund
4917,141,26,2025-04-12,2735.84,TRY,refund
4918,922,37,2025-04-30,6409.44,TRY,purchase
4919,471,23,2026-04-21,3299.68,TRY,refund
4920,536,47,2026-05-04,6658.13,TRY,purchase
4921,433,89,2025-08-02,5534.47,TRY,transfer
4922,300,24,2025-02-16,5735.15,TRY,refund
4923,829,9,2026-04-30,2308.0,TRY,refund
4924,103,66,2026-07-18,3100.83,TRY,purchase
4925,856,64,2026-08-02,1337.72,TRY,refund
4926,715,24,2025-02-12,6177.79,TRY,refund
4927,574,29,2026-04-01,2167.41,TRY,refund
4928,80,99,2026-05-24,1194.16,TRY,refund
4929,354,55,2025-12-10,5576.99,TRY,transfer
4930,844,50,2026-08-10,1803.59,TRY,transfer
4931,780,2,2025-06-19,2525.37,TRY,refund
4932,792,69,2026-01-14,5222.59,TRY,refund
4933,863,98,2025-05-21,2937.79,TRY,transfer
4934,43,36,2026-04-24,1227.24,TRY,transfer
4935,445,94,2025-09-30,461.27,TRY,purchase
4936,981,1,2025-12-14,1605.41,TRY,refund
4937,641,41,2026-05-09,5198.59,TRY,refund
4938,179,12,2026-02-05,5088.27,TRY,purchase
4939,329,100,2026-08-28,4231.77,TRY,purchase
4940,596,100,2025-08-14,3349.15,TRY,purchase
4941,269,87,2026-03-14,368.38,TRY,refund
4942,867,83,2026-02-25,5164.53,TRY,refund
4943,228,59,2026-06-02,6694.17,TRY,transfer
4944,269,36,2025-08-06,3210.11,TRY,refund
4945,746,49,2025-03-26,3804.78,TRY,refund
4946,864,84,2025-12-26,6151.72,TRY,refund
4947,918,54,2026-04-24,936.99,TRY,refund
4948,774,30,2026-02-18,3883.1,TRY,purchase
4949,377,85,2025-11-01,6178.23,TRY,purchase
4950,532,48,2026-06-14,5230.88,TRY,transfer
4951,35,8,2025-06-02,3180.62,TRY,transfer
4952,171,74,2025-04-23,97.43,TRY,transfer
4953,316,43,2025-02-11,4888.58,TRY,transfer
4954,862,72,2026-01-30,162.63,TRY,purchase
4955,373,53,2026-03-15,252.2,TRY,purchase
4956,234,91,2025-09-11,3120.57,TRY,refund
4957,607,66,2025-09-09,1494.69,TRY,refund
4958,495,83,2026-03-27,4667.79,TRY,purchase
4959,838,52,2026-04-28,4911.88,TRY,purchase
4960,562,18,2025-07-07,5149.57,TRY,refund
4961,421,61,2026-08-12,4503.76,TRY,purchase
4962,630,3,2026-06-09,3175.81,TRY,transfer
4963,520,56,2025-12-03,1541.85,TRY,refund
4964,693,77,2025-02-17,2722.73,TRY,purchase
4965,587,54,2025-07-29,2146.67,TRY,purchase
4966,714,66,2026-05-31,5296.45,TRY,refund
4967,25,95,2025-11-19,5595.76,TRY,transfer
4968,331,3,2025-11-06,4005.59,TRY,purchase
4969,849,16,2026-04-12,429.61,TRY,transfer
4970,878,72,2026-03-09,5359.66,TRY,purchase
4971,559,52,2026-03-30,227.58,TRY,refund
4972,211,24,2025-03-04,5342.51,TRY,refund
4973,782,21,2026-08-15,6517.91,TRY,transfer
4974,918,2,2026-05-01,1357.77,TRY,transfer
4975,596,23,2026-06-06,5878.35,TRY,purchase
4976,690,73,2026-07-04,6514.81,TRY,refund
4977,123,72,2025-06-07,2942.38,TRY,refund
4978,989,99,2025-07-28,5412.85,TRY,purchase
4979,475,12,2026-04-14,5168.01,TRY,purchase
4980,547,55,2025-11-12,4283.01,TRY,purchase
4981,415,76,2025-10-26,1120.99,TRY,purchase
4982,736,90,2026-08-29,3758.22,TRY,transfer
4983,241,12,2025-09-01,6704.34,TRY,refund
4984,704,82,2025-01-20,808.42,TRY,refund
4985,794,73,2026-03-05,3158.5,TRY,refund
4986,614,23,2025-03-07,4326.17,TRY,transfer
4987,450,25,2025-01-03,2587.69,TRY,transfer
4988,544,21,2025-10-06,1639.36,TRY,transfer
4989,761,100,2025-10-12,4617.65,TRY,purchase
4990,832,7,2025-05-31,5484.01,TRY,transfer
4991,695,95,2025-03-19,3272.04,TRY,transfer
4992,115,54,2026-04-28,3523.95,TRY,purchase
4993,396,82,2026-01-21,6677.86,TRY,refund
4994,680,29,2025-04-27,2419.3,TRY,transfer
4995,541,75,2025-02-23,738.63,TRY,transfer
4996,872,33,2026-08-18,6448.64,TRY,transfer
4997,146,84,2026-06-08,670.21,TRY,purchase
4998,205,58,2025-02-17,818.77,TRY,purchase
4999,960,77,2025-06-09,2897.62,TRY,refund
5000,44,58,2025-02-19,1441.04,TRY,transfer
5001,645,70,2025-02-02,3632.72,TRY,purchase
5002,466,21,2026-02-16,1068.55,TRY,purchase
5003,616,54,2026-07-18,1233.5,TRY,refund
5004,853,39,2026-06-24,2297.22,TRY,purchase
5005,677,3,2026-04-14,1048.19,TRY,transfer
5006,676,75,2025-12-14,6660.84,TRY,purchase
5007,657,83,2026-04-24,4426.79,TRY,purchase
5008,78,54,2026-07-07,35.23,TRY,transfer
5009,702,15,2026-01-30,6012.89,TRY,purchase
5010,820,61,2026-02-20,2755.55,TRY,purchase
5011,571,5,2026-06-28,951.61,TRY,purchase
5012,246,80,2025-05-03,3204.9,TRY,transfer
5013,776,23,2026-03-08,1378.44,TRY,refund
5014,288,35,2025-08-12,2295.92,TRY,transfer
5015,391,81,2025-07-08,4500.64,TRY,refund
5016,535,88,2026-05-12,6301.93,TRY,purchase
5017,183,2,2025-10-30,5677.34,TRY,transfer
5018,147,39,2025-06-16,4610.25,TRY,refund
5019,221,53,2025-01-20,4107.26,TRY,purchase
5020,980,29,2026-04-15,2562.34,TRY,purchase
5021,188,71,2025-09-30,3997.74,TRY,refund
5022,843,91,2025-03-02,1764.48,TRY,refund
5023,665,98,2026-04-05,25.37,TRY,refund
5024,249,49,2025-11-22,948.04,TRY,transfer
5025,316,6,2025-12-27,2496.92,TRY,transfer
5026,783,55,2025-09-19,3518.6,TRY,purchase
5027,717,69,2026-03-27,5532.61,TRY,refund
5028,696,3,2025-09-06,6118.45,TRY,transfer
5029,279,66,2026-07-14,1045.15,TRY,refund
5030,896,92,2026-08-07,3173.35,TRY,refund
5031,255,67,2026-01-14,1949.59,TRY,transfer
5032,410,53,2025-06-05,6993.46,TRY,purchase
5033,237,55,2025-02-09,2680.49,TRY,refund
5034,619,100,2026-06-26,2866.11,TRY,transfer
5035,76,17,2026-01-17,4078.71,TRY,transfer
5036,837,63,2025-06-28,961.52,TRY,purchase
5037,975,33,2025-07-10,4241.73,TRY,refund
5038,189,22,2026-02-25,3954.46,TRY,purchase
5039,12,50,2026-03-03,2799.12,TRY,refund
5040,972,73,2026-08-21,2869.11,TRY,purchase
5041,914,45,2026-01-22,4279.7,TRY,transfer
5042,931,77,2025-06-08,4124.15,TRY,transfer
5043,618,94,2026-07-16,1750.68,TRY,refund
5044,770,71,2026-05-04,6058.83,TRY,refund
5045,570,66,2026-04-21,4976.61,TRY,refund
5046,626,24,2026-01-17,6416.22,TRY,refund
5047,13,39,2025-05-05,1744.47,TRY,transfer
5048,177,7,2026-06-20,6633.74,TRY,refund
5049,917,78,2025-09-10,687.61,TRY,purchase
5050,618,68,2025-07-14,6832.82,TRY,transfer
5051,87,20,2025-05-10,2829.11,TRY,purchase
5052,5,9,2025-10-24,2096.49,TRY,transfer
5053,675,90,2026-04-23,6511.02,TRY,purchase
5054,861,79,2025-03-10,6696.96,TRY,refund
5055,759,84,2025-08-21,5973.29,TRY,refund
5056,749,73,2025-03-14,1539.74,TRY,purchase
5057,18,27,2026-06-13,5684.46,TRY,refund
5058,330,20,2026-07-11,3301.14,TRY,purchase
5059,606,79,2026-07-08,3054.76,TRY,refund
5060,853,86,2026-01-28,2093.92,TRY,transfer
5061,805,86,2025-05-19,2092.02,TRY,purchase
5062,338,80,2025-06-04,408.17,TRY,purchase
5063,240,44,2025-08-26,236.24,TRY,refund
5064,437,55,2025-04-15,4364.25,TRY,refund
5065,573,80,2026-02-15,893.21,TRY,transfer
5066,963,100,2026-07-13,6450.09,TRY,purchase
5067,665,48,2026-02-16,3746.96,TRY,purchase
5068,88,61,2026-01-09,1737.11,TRY,purchase
5069,460,79,2026-02-23,2875.1,TRY,transfer
5070,441,74,2025-12-08,6847.63,TRY,purchase
5071,776,98,2025-10-25,5950.03,TRY,purchase
5072,318,32,2025-11-11,3445.45,TRY,purchase
5073,728,21,2025-11-22,1594.26,TRY,purchase
5074,673,25,2026-05-09,4630.12,TRY,refund
5075,871,52,2025-04-10,108.87,TRY,refund
5076,502,64,2025-07-21,4503.7,TRY,purchase
5077,509,45,2025-03-05,1595.78,TRY,purchase
5078,776,74,2025-07-03,6762.67,TRY,purchase
5079,712,43,2026-08-21,4191.39,TRY,purchase
5080,605,26,2026-06-13,3400.27,TRY,purchase
5081,471,6,2025-07-14,2101.92,TRY,purchase
5082,830,38,2025-11-14,1939.93,TRY,refund
5083,294,71,2025-01-01,5462.52,TRY,refund
5084,442,4,2026-03-31,5253.55,TRY,transfer
5085,426,17,2025-08-19,2220.19,TRY,purchase
5086,946,1,2026-04-27,2906.5,TRY,purchase
5087,797,97,2025-03-15,5509.26,TRY,transfer
5088,35,89,2026-07-25,5976.26,TRY,refund
5089,92,62,2025-09-02,6727.88,TRY,purchase
5090,885,69,2026-08-31,2442.85,TRY,refund
5091,361,50,2025-07-17,6801.77,TRY,purchase
5092,620,10,2026-07-26,5567.61,TRY,transfer
5093,2,45,2025-12-21,3821.37,TRY,purchase
5094,747,95,2025-04-08,2260.31,TRY,refund
5095,267,35,2026-02-06,4690.16,TRY,purchase
5096,617,86,2025-04-30,6454.34,TRY,purchase
5097,663,63,2026-04-30,38.8,TRY,refund
5098,12,76,2025-09-09,6247.98,TRY,purchase
5099,735,40,2025-11-23,6251.66,TRY,purchase
5100,553,36,2025-01-19,6961.34,TRY,purchase
5101,619,92,2026-07-14,1064.29,TRY,purchase
5102,824,70,2025-01-25,4773.19,TRY,transfer
5103,392,51,2025-06-14,5374.92,TRY,transfer
5104,749,6,2025-09-02,3605.92,TRY,transfer
5105,568,52,2025-10-13,4405.83,TRY,transfer
5106,762,3,2026-04-01,3748.56,TRY,purchase
5107,156,51,2025-11-26,1118.99,TRY,transfer
5108,347,12,2026-01-27,1991.74,TRY,refund
5109,727,77,2025-07-31,6071.32,TRY,transfer
5110,243,44,2026-03-04,942.42,TRY,purchase
5111,955,25,2026-04-25,2113.87,TRY,purchase
5112,516,65,2025-02-24,5339.37,TRY,refund
5113,500,6,2026-06-02,5044.44,TRY,transfer
5114,572,62,2025-02-13,4184.13,TRY,purchase
5115,696,92,2025-05-01,4204.41,TRY,transfer
5116,95,70,2025-10-16,6062.26,TRY,purchase
5117,95,26,2025-05-29,5679.08,TRY,refund
5118,103,13,2025-12-10,3769.05,TRY,transfer
5119,347,72,2025-02-18,2413.51,TRY,refund
5120,247,24,2025-05-03,797.84,TRY,transfer
5121,413,5,2025-10-30,6959.48,TRY,transfer
5122,689,21,2025-05-31,146.26,TRY,purchase
5123,616,61,2025-01-08,3342.82,TRY,refund
5124,373,92,2025-10-13,2087.94,TRY,transfer
5125,715,8,2026-06-29,4758.69,TRY,transfer
5126,792,18,2025-07-21,577.9,TRY,purchase
5127,297,50,2025-03-17,5763.66,TRY,transfer
5128,348,94,2025-09-07,4044.52,TRY,refund
5129,898,63,2026-02-01,6984.66,TRY,purchase
5130,894,53,2025-07-04,1752.42,TRY,transfer
5131,778,74,2026-01-20,6461.49,TRY,refund
5132,238,2,2025-05-22,5248.3,TRY,purchase
5133,758,69,2025-11-05,134.78,TRY,refund
5134,498,72,2026-04-05,61.44,TRY,refund
5135,530,52,2025-02-19,2327.9,TRY,purchase
5136,403,31,2025-02-12,2785.66,TRY,purchase
5137,445,2,2026-01-15,327.24,TRY,transfer
5138,544,83,2025-03-31,4535.92,TRY,refund
5139,273,2,2026-07-13,4122.62,TRY,purchase
5140,881,28,2026-08-24,325.74,TRY,purchase
5141,169,8,2025-08-31,4480.88,TRY,purchase
5142,374,18,2025-01-24,4266.0,TRY,refund
5143,162,89,2025-07-24,5376.4,TRY,refund
5144,776,48,2026-08-06,3283.09,TRY,transfer
5145,376,30,2025-04-25,4029.86,TRY,purchase
5146,993,51,2025-02-12,365.78,TRY,transfer
5147,547,56,2025-02-14,948.67,TRY,refund
5148,358,64,2025-10-30,4637.87,TRY,refund
5149,831,35,2026-08-28,6663.7,TRY,purchase
5150,327,37,2026-07-25,6739.26,TRY,refund
5151,711,37,2025-12-04,1591.4,TRY,purchase
5152,128,72,2025-01-17,4421.74,TRY,purchase
5153,736,71,2026-02-03,2448.07,TRY,refund
5154,543,28,2025-10-18,6206.48,TRY,refund
5155,781,43,2026-02-12,6862.85,TRY,purchase
5156,888,22,2026-01-15,1062.87,TRY,refund
5157,632,64,2025-02-23,2217.98,TRY,refund
5158,390,2,2025-08-29,6787.16,TRY,refund
5159,106,54,2025-05-23,2180.99,TRY,refund
5160,32,58,2025-01-11,2088.4,TRY,transfer
5161,158,97,2026-03-08,6314.55,TRY,refund
5162,17,17,2025-07-21,2486.17,TRY,purchase
5163,375,65,2026-01-09,209.67,TRY,refund
5164,978,26,2025-01-05,493.6,TRY,purchase
5165,696,93,2025-04-03,2973.66,TRY,purchase
5166,324,55,2025-02-25,2441.09,TRY,refund
5167,586,8,2026-01-18,920.06,TRY,refund
5168,310,10,2025-08-03,1732.16,TRY,refund
5169,315,57,2026-08-04,1872.13,TRY,transfer
5170,385,34,2026-01-10,1512.28,TRY,transfer
5171,832,41,2026-04-24,4093.0,TRY,refund
5172,741,59,2025-05-07,4017.23,TRY,transfer
5173,82,98,2026-06-22,4467.83,TRY,transfer
5174,408,56,2025-11-04,5936.33,TRY,refund
5175,595,28,2026-03-16,2324.08,TRY,purchase
5176,568,31,2025-07-19,6170.13,TRY,transfer
5177,622,64,2025-09-28,4397.86,TRY,transfer
5178,472,51,2026-07-15,6684.82,TRY,refund
5179,704,60,2025-02-20,5408.54,TRY,purchase
5180,764,89,2026-05-05,5936.0,TRY,transfer
5181,91,70,2025-09-29,1725.64,TRY,purchase
5182,826,83,2025-04-13,3954.36,TRY,purchase
5183,27,78,2026-01-04,3038.76,TRY,purchase
5184,223,25,2025-05-28,4837.62,TRY,transfer
5185,716,62,2025-08-06,5507.22,TRY,purchase
5186,216,73,2026-02-19,2037.89,TRY,purchase
5187,191,72,2025-05-17,2268.68,TRY,purchase
5188,836,51,2026-04-17,2644.91,TRY,transfer
5189,669,24,2025-09-22,1174.06,TRY,refund
5190,941,31,2025-06-13,1582.36,TRY,transfer
5191,889,44,2025-05-25,346.2,TRY,purchase
5192,703,24,2025-01-23,4035.12,TRY,refund
5193,706,1,2025-03-08,2974.49,TRY,purchase
5194,234,98,2025-06-29,3623.53,TRY,refund
5195,142,28,2025-11-01,3472.62,TRY,purchase
5196,620,76,2026-06-22,1062.47,TRY,transfer
5197,10,87,2026-05-10,2333.17,TRY,refund
5198,883,11,2025-12-03,5902.33,TRY,transfer
5199,351,17,2026-02-03,421.9,TRY,refund
5200,332,56,2026-08-06,4834.29,TRY,transfer
5201,72,26,2026-07-19,6716.6,TRY,purchase
5202,31,1,2026-02-07,5524.44,TRY,purchase
5203,219,87,2025-06-08,1306.45,TRY,refund
5204,641,93,2025-06-04,6397.0,TRY,refund
5205,461,60,2026-04-24,1544.04,TRY,purchase
5206,425,93,2026-06-03,4904.91,TRY,purchase
5207,978,51,2026-02-16,6501.49,TRY,transfer
5208,490,4,2026-03-30,44.07,TRY,transfer
5209,371,7,2025-09-01,2661.6,TRY,purchase
5210,344,79,2025-11-17,1202.87,TRY,transfer
5211,816,39,2025-05-19,4418.62,TRY,purchase
5212,746,5,2026-04-30,5541.78,TRY,refund
5213,746,7,2025-05-16,6286.69,TRY,refund
5214,19,87,2026-03-21,3323.23,TRY,refund
5215,519,22,2026-03-15,3185.03,TRY,purchase
5216,381,73,2025-01-03,5896.16,TRY,refund
5217,851,21,2025-01-15,5902.53,TRY,purchase
5218,724,52,2025-07-15,5637.85,TRY,transfer
5219,366,82,2026-02-18,6183.61,TRY,refund
5220,969,53,2025-03-14,1993.42,TRY,refund
5221,274,41,2026-05-13,4526.91,TRY,purchase
5222,107,67,2025-08-11,6866.96,TRY,transfer
5223,789,74,2026-05-12,5244.96,TRY,transfer
5224,726,36,2025-03-21,1818.66,TRY,transfer
5225,519,55,2025-02-05,4133.16,TRY,transfer
5226,911,41,2025-11-18,119.16,TRY,refund
5227,612,90,2025-08-01,1017.6,TRY,refund
5228,794,56,2025-10-31,1531.02,TRY,purchase
5229,764,29,2026-08-28,1815.67,TRY,refund
5230,104,17,2025-04-14,1115.5,TRY,transfer
5231,600,91,2026-07-01,5642.96,TRY,purchase
5232,677,14,2025-12-04,4319.11,TRY,transfer
5233,956,44,2025-08-22,1775.32,TRY,purchase
5234,717,10,2025-07-06,4801.69,TRY,refund
5235,760,90,2025-06-17,979.55,TRY,purchase
5236,837,76,2026-06-28,4928.33,TRY,refund
5237,962,64,2025-11-04,1224.92,TRY,transfer
5238,166,44,2026-02-12,5011.62,TRY,transfer
5239,517,90,2026-05-19,468.21,TRY,transfer
5240,793,65,2026-06-23,1006.58,TRY,purchase
5241,210,58,2026-06-23,4507.86,TRY,transfer
5242,495,8,2025-12-04,4607.71,TRY,refund
5243,70,50,2026-06-19,365.34,TRY,transfer
5244,79,94,2025-07-24,4891.4,TRY,refund
5245,590,83,2026-01-14,2817.68,TRY,refund
5246,766,74,2026-07-04,6807.82,TRY,refund
5247,401,4,2025-11-29,3616.89,TRY,transfer
5248,455,80,2025-10-03,3980.24,TRY,refund
5249,198,87,2026-07-09,1705.26,TRY,purchase
5250,877,80,2026-04-01,1096.07,TRY,refund
5251,824,16,2025-02-21,5879.09,TRY,purchase
5252,588,19,2026-03-04,604.04,TRY,refund
5253,136,1,2025-04-12,2942.49,TRY,refund
5254,923,41,2026-04-06,4797.0,TRY,refund
5255,974,36,2025-12-05,3504.85,TRY,transfer
5256,970,52,2025-11-27,2307.89,TRY,refund
5257,910,64,2025-12-27,717.14,TRY,purchase
5258,261,61,2026-03-18,1936.69,TRY,purchase
5259,54,50,2026-06-21,3135.95,TRY,transfer
5260,806,54,2026-06-28,5993.74,TRY,refund
5261,700,8,2026-01-01,517.61,TRY,refund
5262,362,33,2025-11-29,763.45,TRY,purchase
5263,914,33,2025-11-06,1834.88,TRY,transfer
5264,603,79,2026-04-29,6532.01,TRY,purchase
5265,148,26,2025-07-26,3714.4,TRY,transfer
5266,437,3,2026-06-09,5433.21,TRY,refund
5267,841,61,2025-02-12,5116.72,TRY,refund
5268,21,32,2026-02-23,1374.02,TRY,transfer
5269,306,35,2025-06-07,6415.82,TRY,transfer
5270,659,53,2025-03-04,1230.04,TRY,transfer
5271,341,94,2025-02-19,3793.09,TRY,transfer
5272,548,29,2025-02-01,6882.17,TRY,refund
5273,765,9,2025-08-06,1898.42,TRY,transfer
5274,13,75,2026-03-20,4473.03,TRY,transfer
5275,488,77,2026-05-12,6078.69,TRY,transfer
5276,899,63,2025-05-19,5888.08,TRY,refund
5277,157,72,2025-10-03,784.42,TRY,refund
5278,399,79,2025-10-04,3695.85,TRY,refund
5279,326,6,2026-04-21,1448.41,TRY,refund
5280,770,89,2026-05-19,2108.1,TRY,transfer
5281,998,2,2026-08-10,2266.64,TRY,transfer
5282,655,29,2026-08-10,1773.48,TRY,purchase
5283,910,44,2026-08-22,5802.14,TRY,transfer
5284,47,18,2026-03-19,27.61,TRY,transfer
5285,632,33,2025-10-04,1047.03,TRY,purchase
5286,821,30,2025-04-03,2489.34,TRY,transfer
5287,615,98,2025-05-24,2338.22,TRY,refund
5288,626,3,2026-04-25,1354.64,TRY,refund
5289,158,6,2025-08-21,692.66,TRY,transfer
5290,451,86,2026-04-16,3308.73,TRY,transfer
5291,448,59,2026-01-07,4275.44,TRY,purchase
5292,673,40,2025-03-10,3604.13,TRY,refund
5293,756,35,2026-06-20,5057.01,TRY,purchase
5294,4,65,2026-06-19,5287.21,TRY,purchase
5295,860,78,2025-11-24,5511.22,TRY,transfer
5296,895,51,2026-06-11,5645.75,TRY,refund
5297,109,74,2026-03-07,1131.03,TRY,transfer
5298,785,29,2025-06-22,6798.1,TRY,refund
5299,32,95,2026-01-05,5063.55,TRY,refund
5300,734,80,2025-10-14,1176.91,TRY,refund
5301,859,62,2025-10-27,6498.08,TRY,purchase
5302,102,57,2025-07-17,4904.56,TRY,refund
5303,413,24,2026-08-28,1511.18,TRY,transfer
5304,937,88,2025-03-30,2613.28,TRY,transfer
5305,946,98,2025-04-03,3291.8,TRY,transfer
5306,154,38,2025-05-31,6206.75,TRY,refund
5307,842,44,2026-07-31,2200.62,TRY,transfer
5308,562,76,2025-01-24,6536.28,TRY,purchase
5309,242,18,2026-04-17,5080.03,TRY,purchase
5310,670,61,2025-05-02,3163.16,TRY,transfer
5311,969,75,2025-01-28,6865.26,TRY,purchase
5312,234,61,2026-08-10,415.17,TRY,transfer
5313,833,98,2026-03-15,2228.18,TRY,refund
5314,894,92,2026-07-10,4401.26,TRY,refund
5315,57,86,2026-07-20,1978.36,TRY,refund
5316,458,75,2025-11-27,4928.8,TRY,purchase
5317,643,57,2026-03-07,3484.87,TRY,refund
5318,208,76,2026-06-22,560.21,TRY,transfer
5319,554,80,2025-02-10,5904.09,TRY,transfer
5320,216,60,2026-06-11,482.84,TRY,transfer
5321,67,42,2026-05-21,4225.65,TRY,transfer
5322,595,39,2026-01-14,3579.3,TRY,transfer
5323,781,92,2026-02-04,1190.18,TRY,transfer
5324,216,65,2025-09-27,3862.45,TRY,refund
5325,421,27,2026-06-22,179.52,TRY,purchase
5326,983,3,2026-05-06,2802.18,TRY,purchase
5327,244,76,2026-02-13,4775.19,TRY,purchase
5328,118,81,2025-01-29,4431.6,TRY,refund
5329,756,12,2026-07-15,6151.89,TRY,transfer
5330,103,20,2026-08-04,4536.34,TRY,transfer
5331,536,83,2026-02-01,5934.4,TRY,purchase
5332,524,99,2025-05-18,5712.05,TRY,purchase
5333,665,63,2025-01-08,6409.55,TRY,refund
5334,733,98,2025-02-07,6114.07,TRY,purchase
5335,466,76,2025-05-16,1551.73,TRY,purchase
5336,604,72,2025-05-28,2725.6,TRY,transfer
5337,915,30,2025-08-18,1938.81,TRY,transfer
5338,524,85,2026-03-24,4636.24,TRY,transfer
5339,924,59,2025-02-17,1713.42,TRY,refund
5340,46,54,2026-05-18,2308.77,TRY,transfer
5341,629,53,2026-06-16,5484.93,TRY,purchase
5342,998,25,2025-12-13,2493.11,TRY,refund
5343,14,63,2026-03-29,1668.16,TRY,purchase
5344,785,22,2025-08-12,719.05,TRY,refund
5345,349,81,2025-02-13,4775.79,TRY,refund
5346,451,87,2025-02-03,2515.19,TRY,transfer
5347,96,68,2026-05-05,4332.71,TRY,transfer
5348,899,95,2025-08-16,3625.72,TRY,transfer
5349,842,36,2025-09-27,332.09,TRY,refund
5350,522,69,2025-08-03,750.6,TRY,purchase
5351,319,9,2025-11-12,6216.59,TRY,purchase
5352,668,90,2025-04-15,5272.75,TRY,purchase
5353,664,42,2025-02-20,1405.2,TRY,transfer
5354,455,15,2025-11-29,4401.94,TRY,refund
5355,839,100,2026-07-01,4220.15,TRY,transfer
5356,39,75,2026-03-25,6150.82,TRY,refund
5357,633,58,2026-07-05,392.99,TRY,purchase
5358,238,82,2025-11-06,5633.99,TRY,transfer
5359,274,46,2026-03-13,3596.4,TRY,refund
5360,422,61,2026-08-12,5675.23,TRY,purchase
5361,937,98,2025-08-26,5739.43,TRY,refund
5362,744,55,2025-11-02,5704.54,TRY,purchase
5363,443,28,2025-05-18,4299.83,TRY,refund
5364,224,98,2026-05-26,3552.1,TRY,purchase
5365,890,16,2025-12-30,4084.4,TRY,refund
5366,375,58,2025-06-14,4217.91,TRY,transfer
5367,686,19,2026-03-26,1649.98,TRY,transfer
5368,403,72,2025-08-02,4980.48,TRY,purchase
5369,579,12,2025-12-06,3923.29,TRY,transfer
5370,678,39,2025-06-17,6971.59,TRY,purchase
5371,233,23,2025-11-04,651.48,TRY,transfer
5372,382,9,2026-07-18,2441.78,TRY,transfer
5373,261,69,2025-09-11,4089.88,TRY,refund
5374,25,60,2025-08-01,2113.24,TRY,refund
5375,867,61,2025-09-18,2733.66,TRY,transfer
5376,126,45,2026-08-10,2510.02,TRY,refund
5377,666,11,2026-05-14,1888.79,TRY,transfer
5378,118,55,2025-03-07,3104.84,TRY,refund
5379,14,21,2025-06-19,556.92,TRY,transfer
5380,97,52,2026-08-02,3871.64,TRY,transfer
5381,855,37,2025-04-12,1610.93,TRY,refund
5382,858,36,2026-05-07,2718.5,TRY,purchase
5383,723,76,2025-09-19,5724.74,TRY,purchase
5384,711,63,2026-04-06,2028.85,TRY,transfer
5385,132,76,2025-05-09,3761.38,TRY,refund
5386,681,82,2025-09-05,6798.23,TRY,purchase
5387,832,20,2026-03-11,6732.97,TRY,transfer
5388,357,96,2025-01-31,4034.46,TRY,transfer
5389,600,50,2025-07-11,833.69,TRY,purchase
5390,426,49,2026-04-09,3228.56,TRY,transfer
5391,765,49,2026-03-02,2908.76,TRY,purchase
5392,2,18,2025-11-17,5231.31,TRY,purchase
5393,285,23,2025-02-02,958.3,TRY,purchase
5394,137,88,2025-08-14,1895.28,TRY,transfer
5395,558,6,2025-03-16,6299.52,TRY,purchase
5396,743,57,2026-03-10,3885.01,TRY,refund
5397,500,46,2025-01-17,674.64,TRY,refund
5398,630,10,2025-12-02,1065.05,TRY,refund
5399,283,52,2025-05-04,1934.95,TRY,purchase
5400,632,22,2025-08-05,1732.29,TRY,refund
5401,65,59,2025-11-08,5963.23,TRY,refund
5402,445,40,2025-05-24,6082.5,TRY,refund
5403,834,7,2025-04-23,3856.11,TRY,purchase
5404,502,97,2025-05-12,2669.68,TRY,purchase
5405,582,75,2026-01-01,5150.75,TRY,transfer
5406,391,79,2025-12-09,2504.98,TRY,purchase
5407,655,24,2026-05-13,4803.46,TRY,refund
5408,872,34,2025-04-05,2104.44,TRY,purchase
5409,27,28,2026-07-15,2277.17,TRY,purchase
5410,761,43,2025-12-18,463.55,TRY,transfer
5411,214,35,2025-10-23,6479.01,TRY,refund
5412,897,71,2026-02-13,3378.16,TRY,purchase
5413,547,69,2025-08-23,4017.19,TRY,refund
5414,481,97,2025-09-04,6697.78,TRY,purchase
5415,259,47,2025-10-10,2658.23,TRY,transfer
5416,713,11,2026-01-18,4812.73,TRY,refund
5417,595,26,2025-06-02,2516.03,TRY,purchase
5418,267,90,2026-08-26,3216.76,TRY,transfer
5419,478,76,2025-11-21,1511.32,TRY,purchase
5420,896,89,2025-01-09,2040.8,TRY,transfer
5421,330,37,2025-09-07,3096.87,TRY,transfer
5422,446,55,2025-04-08,3606.55,TRY,purchase
5423,716,68,2026-01-18,3524.3,TRY,purchase
5424,103,93,2026-07-03,3373.35,TRY,purchase
5425,88,40,2025-07-31,4084.43,TRY,refund
5426,95,9,2025-09-14,1617.3,TRY,refund
5427,548,53,2025-06-24,4426.53,TRY,purchase
5428,498,71,2025-03-21,3850.57,TRY,purchase
5429,47,79,2026-02-20,4423.42,TRY,refund
5430,434,39,2025-05-12,2328.07,TRY,refund
5431,860,7,2026-02-21,4503.36,TRY,transfer
5432,858,1,2025-05-27,6048.8,TRY,transfer
5433,673,26,2025-09-08,6472.99,TRY,transfer
5434,74,48,2025-09-27,1270.86,TRY,transfer
5435,201,2,2026-02-18,252.02,TRY,purchase
5436,200,7,2025-07-09,6713.38,TRY,refund
5437,896,43,2025-12-10,6371.48,TRY,purchase
5438,692,42,2025-05-22,1194.03,TRY,transfer
5439,98,13,2025-10-24,5522.06,TRY,purchase
5440,414,53,2026-05-07,275.94,TRY,refund
5441,78,33,2025-11-24,5174.98,TRY,transfer
5442,146,3,2025-04-08,6882.07,TRY,refund
5443,435,32,2025-07-30,5944.66,TRY,transfer
5444,145,17,2025-05-19,5973.11,TRY,refund
5445,39,5,2025-11-24,1640.11,TRY,transfer
5446,134,24,2025-06-30,349.4,TRY,refund
5447,144,84,2025-01-29,687.33,TRY,transfer
5448,757,79,2025-02-17,5955.35,TRY,purchase
5449,777,27,2025-09-20,3748.61,TRY,purchase
5450,229,74,2025-04-14,1363.25,TRY,transfer
5451,179,47,2025-07-05,3628.82,TRY,purchase
5452,816,28,2025-06-12,1717.93,TRY,transfer
5453,261,43,2026-02-26,4761.34,TRY,refund
5454,130,28,2025-11-08,1315.98,TRY,refund
5455,306,99,2025-11-02,4273.7,TRY,refund
5456,813,1,2025-06-27,1860.69,TRY,transfer
5457,441,55,2025-07-17,1888.01,TRY,transfer
5458,56,94,2026-08-21,6656.27,TRY,purchase
5459,448,97,2026-04-10,4463.87,TRY,refund
5460,641,32,2025-10-11,4639.86,TRY,transfer
5461,653,81,2026-01-05,1257.88,TRY,refund
5462,851,30,2025-12-31,2845.27,TRY,purchase
5463,343,89,2025-07-01,6981.01,TRY,refund
5464,380,43,2026-07-31,5932.5,TRY,refund
5465,500,98,2026-02-04,6723.88,TRY,refund
5466,807,32,2026-06-08,442.84,TRY,refund
5467,427,39,2025-04-18,1880.88,TRY,refund
5468,225,32,2026-02-19,5945.99,TRY,transfer
5469,380,21,2025-10-23,6149.54,TRY,refund
5470,946,98,2026-02-08,3051.43,TRY,refund
5471,683,30,2025-12-13,1474.48,TRY,transfer
5472,716,89,2026-02-22,908.43,TRY,transfer
5473,902,99,2026-08-14,3869.08,TRY,refund
5474,766,32,2025-06-07,2041.66,TRY,transfer
5475,774,50,2026-05-21,6467.98,TRY,purchase
5476,305,14,2025-12-13,3334.25,TRY,purchase
5477,657,59,2026-03-05,6657.3,TRY,transfer
5478,641,71,2025-08-18,2281.39,TRY,purchase
5479,963,85,2025-10-21,2887.55,TRY,refund
5480,513,96,2026-03-16,1739.53,TRY,transfer
5481,27,53,2025-04-14,2765.21,TRY,transfer
5482,151,38,2026-08-03,3303.31,TRY,transfer
5483,243,79,2026-07-14,5515.55,TRY,purchase
5484,426,13,2025-12-29,6025.9,TRY,transfer
5485,970,65,2025-03-27,728.51,TRY,transfer
5486,672,26,2026-04-18,636.92,TRY,purchase
5487,24,64,2025-08-02,3328.41,TRY,refund
5488,61,61,2025-06-20,5429.61,TRY,purchase
5489,966,13,2025-10-08,3763.41,TRY,refund
5490,835,62,2026-07-22,6328.77,TRY,purchase
5491,570,18,2026-01-31,5128.77,TRY,transfer
5492,213,16,2025-05-15,6854.9,TRY,refund
5493,408,26,2026-08-30,5382.13,TRY,refund
5494,407,24,2025-11-28,4504.26,TRY,purchase
5495,767,75,2025-06-18,2732.43,TRY,transfer
5496,304,45,2026-02-20,1451.7,TRY,purchase
5497,613,14,2026-04-17,988.09,TRY,transfer
5498,882,76,2025-11-04,99.21,TRY,refund
5499,841,74,2025-09-26,3549.28,TRY,transfer
5500,82,86,2025-04-23,1287.02,TRY,refund
5501,720,50,2025-10-27,3978.76,TRY,purchase
5502,636,53,2026-04-08,6927.23,TRY,purchase
5503,422,88,2026-07-18,1584.89,TRY,refund
5504,226,77,2025-04-24,249.37,TRY,refund
5505,111,22,2025-12-25,5501.17,TRY,transfer
5506,29,15,2026-02-15,5436.97,TRY,purchase
5507,582,78,2025-10-06,5125.04,TRY,purchase
5508,780,97,2025-03-25,1378.92,TRY,purchase
5509,279,35,2025-08-09,3344.14,TRY,transfer
5510,430,62,2025-07-30,6699.84,TRY,refund
5511,547,13,2025-10-16,338.22,TRY,transfer
5512,559,89,2025-09-29,638.5,TRY,purchase
5513,978,10,2026-03-21,3465.49,TRY,purchase
5514,39,10,2025-09-15,6362.79,TRY,purchase
5515,107,52,2025-01-11,6827.73,TRY,transfer
5516,671,91,2026-08-28,4647.16,TRY,purchase
5517,791,4,2025-02-18,5941.98,TRY,transfer
5518,921,21,2025-02-09,1070.64,TRY,transfer
5519,851,54,2026-03-04,6482.29,TRY,refund
5520,938,70,2025-02-03,5240.97,TRY,purchase
5521,898,80,2025-02-10,1740.21,TRY,purchase
5522,125,99,2025-07-25,1819.56,TRY,transfer
5523,957,43,2025-11-06,3883.55,TRY,purchase
5524,62,27,2025-11-23,1398.42,TRY,refund
5525,63,90,2026-05-05,3967.01,TRY,transfer
5526,99,63,2026-08-29,715.83,TRY,transfer
5527,392,8,2025-03-23,2281.0,TRY,refund
5528,102,90,2025-03-30,5539.2,TRY,purchase
5529,209,18,2025-04-11,4089.11,TRY,refund
5530,949,3,2025-05-19,2138.12,TRY,refund
5531,686,1,2025-06-15,6795.13,TRY,transfer
5532,569,84,2025-04-01,2039.51,TRY,purchase
5533,136,69,2026-04-16,5960.57,TRY,refund
5534,325,18,2026-05-12,6538.53,TRY,purchase
5535,792,78,2025-08-07,6788.87,TRY,refund
5536,870,66,2026-01-13,3446.2,TRY,refund
5537,881,55,2025-07-12,4244.27,TRY,purchase
5538,568,11,2025-02-08,6427.44,TRY,refund
5539,309,79,2025-04-24,4610.2,TRY,refund
5540,126,74,2025-10-21,1201.85,TRY,transfer
5541,156,16,2025-12-23,2002.03,TRY,purchase
5542,78,91,2025-09-01,595.16,TRY,refund
5543,224,43,2025-02-22,2888.53,TRY,transfer
5544,444,85,2025-07-09,2731.98,TRY,refund
5545,562,33,2025-12-19,2373.2,TRY,refund
5546,180,97,2026-05-24,5182.36,TRY,purchase
5547,3,18,2026-01-08,1995.31,TRY,transfer
5548,829,9,2026-04-23,4094.57,TRY,transfer
5549,722,79,2025-10-10,3653.76,TRY,refund
5550,437,50,2025-10-17,3556.65,TRY,transfer
5551,227,8,2025-02-01,2597.32,TRY,transfer
5552,644,90,2025-12-15,3040.15,TRY,refund
5553,962,85,2026-02-16,1473.29,TRY,refund
5554,797,65,2025-10-31,6207.86,TRY,purchase
5555,460,82,2025-03-30,3200.68,TRY,refund
5556,414,18,2026-01-06,2847.55,TRY,purchase
5557,266,49,2025-01-09,3345.35,TRY,transfer
5558,44,11,2025-10-29,6015.97,TRY,transfer
5559,944,36,2025-04-24,5875.05,TRY,purchase
5560,839,49,2026-06-06,4545.01,TRY,refund
5561,882,24,2025-09-24,302.87,TRY,transfer
5562,525,57,2025-04-16,6141.1,TRY,purchase
5563,992,82,2026-02-26,2876.06,TRY,transfer
5564,61,87,2025-10-06,6918.16,TRY,purchase
5565,498,18,2026-07-04,1002.22,TRY,refund
5566,418,22,2025-07-16,3520.49,TRY,purchase
5567,125,45,2025-06-15,997.25,TRY,purchase
5568,566,19,2025-07-05,1241.42,TRY,purchase
5569,291,2,2026-07-03,1958.47,TRY,refund
5570,888,20,2026-06-23,1364.38,TRY,transfer
5571,606,77,2025-11-01,243.01,TRY,refund
5572,95,5,2026-07-22,1890.48,TRY,transfer
5573,822,15,2025-08-22,2623.72,TRY,purchase
5574,722,15,2025-09-10,2442.26,TRY,purchase
5575,846,100,2025-11-18,1375.79,TRY,refund
5576,950,19,2025-06-18,5367.68,TRY,transfer
5577,607,17,2025-01-08,5544.99,TRY,refund
5578,297,16,2026-01-04,6696.39,TRY,transfer
5579,42,77,2026-04-21,3678.85,TRY,purchase
5580,131,70,2025-01-18,5963.38,TRY,purchase
5581,917,39,2025-04-15,4361.98,TRY,transfer
5582,966,43,2025-09-06,2122.95,TRY,transfer
5583,341,98,2025-05-10,5510.77,TRY,transfer
5584,780,13,2025-09-26,2029.62,TRY,transfer
5585,420,59,2025-10-22,5134.69,TRY,transfer
5586,132,71,2025-02-07,1243.5,TRY,transfer
5587,523,87,2026-07-23,6485.84,TRY,purchase
5588,24,50,2025-08-16,5296.94,TRY,refund
5589,935,72,2025-01-26,4722.35,TRY,purchase
5590,476,72,2026-08-23,5416.3,TRY,transfer
5591,150,13,2025-08-16,5770.87,TRY,transfer
5592,743,92,2026-04-01,1769.06,TRY,purchase
5593,842,93,2026-02-17,4181.9,TRY,purchase
5594,327,43,2026-07-20,2275.68,TRY,refund
5595,937,64,2026-01-17,4154.65,TRY,refund
5596,715,99,2025-01-22,3822.22,TRY,refund
5597,192,74,2025-01-01,5842.13,TRY,transfer
5598,988,56,2026-08-04,4470.68,TRY,transfer
5599,306,46,2025-06-06,3648.36,TRY,transfer
5600,440,2,2026-01-22,485.41,TRY,purchase
5601,398,43,2026-03-07,3228.69,TRY,purchase
5602,464,97,2025-10-07,2611.36,TRY,purchase
5603,85,52,2025-11-22,1024.43,TRY,refund
5604,96,29,2026-03-05,4653.9,TRY,purchase
5605,307,76,2026-07-20,428.93,TRY,refund
5606,226,82,2025-01-21,3593.96,TRY,purchase
5607,491,93,2026-02-13,4319.44,TRY,purchase
5608,656,79,2026-02-12,2084.41,TRY,refund
5609,471,100,2026-05-26,6020.58,TRY,purchase
5610,331,2,2026-06-29,1988.25,TRY,purchase
5611,247,96,2025-05-25,6308.66,TRY,purchase
5612,218,39,2026-06-09,53.28,TRY,purchase
5613,281,11,2026-04-11,4971.88,TRY,refund
5614,114,93,2025-12-05,2407.22,TRY,refund
5615,615,14,2025-12-02,3751.35,TRY,refund
5616,470,37,2026-08-22,6498.6,TRY,refund
5617,179,64,2026-07-31,5666.77,TRY,purchase
5618,167,36,2025-06-18,2595.08,TRY,purchase
5619,245,98,2025-08-07,1566.93,TRY,purchase
5620,636,44,2025-10-26,2524.68,TRY,purchase
5621,869,11,2025-11-26,4487.45,TRY,purchase
5622,538,50,2025-08-20,341.71,TRY,purchase
5623,934,18,2026-03-22,2758.32,TRY,transfer
5624,633,77,2025-04-03,3109.5,TRY,purchase
5625,498,38,2025-06-10,4209.67,TRY,purchase
5626,28,39,2025-03-31,2862.75,TRY,transfer
5627,950,99,2025-07-01,6338.1,TRY,refund
5628,701,31,2026-08-28,1249.13,TRY,refund
5629,392,78,2025-08-03,3334.38,TRY,purchase
5630,406,29,2025-05-10,5739.46,TRY,purchase
5631,995,28,2025-05-05,5876.23,TRY,transfer
5632,161,65,2025-02-16,2128.45,TRY,refund
5633,8,24,2025-06-04,334.68,TRY,purchase
5634,688,75,2025-02-19,761.58,TRY,purchase
5635,659,32,2025-08-05,2628.23,TRY,purchase
5636,502,78,2026-05-14,611.57,TRY,purchase
5637,3,8,2025-01-23,1302.97,TRY,transfer
5638,664,44,2026-03-17,714.16,TRY,purchase
5639,189,44,2026-01-21,5014.48,TRY,transfer
5640,288,90,2026-05-20,466.65,TRY,transfer
5641,378,46,2025-11-13,37.15,TRY,refund
5642,594,80,2025-05-27,1603.79,TRY,refund
5643,813,100,2025-12-19,5094.16,TRY,purchase
5644,140,96,2025-08-28,598.25,TRY,refund
5645,667,81,2026-04-25,3269.0,TRY,transfer
5646,787,10,2025-10-19,2333.85,TRY,refund
5647,452,94,2025-10-22,5868.31,TRY,refund
5648,14,95,2025-05-02,4312.27,TRY,refund
5649,201,87,2025-04-17,6441.58,TRY,transfer
5650,463,64,2026-03-15,6784.99,TRY,transfer
5651,439,44,2025-03-01,2425.31,TRY,transfer
5652,483,83,2026-03-05,486.94,TRY,purchase
5653,803,74,2025-06-13,3885.34,TRY,transfer
5654,664,42,2026-05-04,3841.13,TRY,refund
5655,679,10,2025-03-03,1108.04,TRY,purchase
5656,71,87,2025-04-27,2747.73,TRY,transfer
5657,561,88,2026-03-29,187.8,TRY,transfer
5658,846,62,2026-03-14,1447.39,TRY,purchase
5659,139,20,2025-07-23,4794.01,TRY,purchase
5660,553,46,2026-08-23,1104.08,TRY,purchase
5661,388,82,2026-06-14,5048.82,TRY,transfer
5662,525,48,2026-03-01,1560.28,TRY,refund
5663,86,11,2025-10-20,5923.71,TRY,transfer
5664,320,25,2025-01-23,299.5,TRY,transfer
5665,251,59,2025-12-11,5414.91,TRY,purchase
5666,584,97,2026-07-05,3960.9,TRY,transfer
5667,153,32,2025-03-16,1466.11,TRY,refund
5668,448,45,2026-05-30,5963.17,TRY,refund
5669,628,27,2025-05-10,6796.87,TRY,transfer
5670,731,34,2025-04-16,3446.4,TRY,transfer
5671,207,88,2026-05-24,2900.89,TRY,transfer
5672,74,44,2025-08-04,6437.06,TRY,purchase
5673,43,13,2025-04-11,5457.02,TRY,transfer
5674,892,4,2026-02-02,5630.72,TRY,purchase
5675,718,55,2026-02-07,2064.0,TRY,refund
5676,456,29,2026-01-13,464.02,TRY,purchase
5677,500,24,2025-10-14,2225.14,TRY,refund
5678,226,32,2026-05-16,6652.27,TRY,refund
5679,689,51,2025-11-18,6513.86,TRY,refund
5680,629,61,2026-02-25,1836.04,TRY,refund
5681,524,38,2026-08-26,2992.51,TRY,purchase
5682,286,74,2025-10-22,4962.94,TRY,purchase
5683,23,40,2026-02-21,4385.81,TRY,refund
5684,6,53,2026-08-16,924.7,TRY,transfer
5685,429,42,2026-01-28,3746.15,TRY,refund
5686,880,15,2025-05-27,5732.6,TRY,purchase
5687,888,54,2025-05-10,5259.84,TRY,refund
5688,729,64,2025-07-03,4188.99,TRY,purchase
5689,758,41,2025-01-23,4304.94,TRY,transfer
5690,797,28,2025-09-21,4800.01,TRY,refund
5691,888,18,2025-03-16,934.31,TRY,purchase
5692,309,56,2026-01-16,6309.22,TRY,purchase
5693,151,26,2025-10-27,6253.0,TRY,refund
5694,564,89,2025-01-07,2022.38,TRY,refund
5695,996,64,2026-08-04,3256.21,TRY,purchase
5696,383,15,2026-06-17,2053.32,TRY,transfer
5697,54,59,2025-01-25,1441.21,TRY,transfer
5698,626,68,2025-05-18,673.38,TRY,refund
5699,569,88,2025-05-28,5423.72,TRY,purchase
5700,456,83,2025-06-09,4860.04,TRY,transfer
5701,716,91,2025-10-04,2230.26,TRY,transfer
5702,945,51,2026-05-15,2813.4,TRY,transfer
5703,456,2,2026-02-09,1395.97,TRY,transfer
5704,225,86,2025-05-24,5943.94,TRY,transfer
5705,437,26,2025-01-05,807.51,TRY,purchase
5706,905,20,2025-01-28,5755.51,TRY,purchase
5707,913,93,2026-06-15,2059.4,TRY,refund
5708,130,50,2025-09-17,5417.18,TRY,transfer
5709,209,27,2025-08-06,2971.56,TRY,refund
5710,692,74,2026-01-26,180.13,TRY,transfer
5711,171,89,2026-07-08,4244.66,TRY,refund
5712,742,95,2025-03-29,4887.24,TRY,refund
5713,9,43,2025-09-17,4254.0,TRY,refund
5714,913,56,2025-05-17,187.71,TRY,refund
5715,940,54,2025-10-14,3986.45,TRY,purchase
5716,117,25,2025-05-30,1845.63,TRY,refund
5717,782,12,2026-08-01,6515.09,TRY,refund
5718,52,84,2025-01-01,560.57,TRY,refund
5719,299,51,2025-04-23,3336.85,TRY,transfer
5720,733,89,2025-03-03,3795.44,TRY,purchase
5721,222,68,2026-06-06,4048.0,TRY,transfer
5722,753,5,2025-10-20,1801.86,TRY,purchase
5723,63,37,2025-03-04,1918.14,TRY,purchase
5724,357,52,2026-01-30,6257.5,TRY,refund
5725,78,88,2025-08-07,5838.79,TRY,purchase
5726,535,82,2025-04-16,1935.59,TRY,transfer
5727,223,62,2025-11-14,3217.41,TRY,refund
5728,518,7,2025-07-21,313.6,TRY,transfer
5729,13,14,2026-02-17,3623.91,TRY,refund
5730,391,37,2026-04-04,787.73,TRY,refund
5731,563,34,2025-02-06,656.65,TRY,transfer
5732,39,20,2026-04-19,5536.36,TRY,transfer
5733,106,52,2026-06-24,4863.53,TRY,transfer
5734,721,27,2026-05-11,4918.05,TRY,refund
5735,96,14,2026-01-10,3621.38,TRY,refund
5736,435,67,2026-03-09,807.5,TRY,transfer
5737,585,61,2026-01-30,3081.01,TRY,transfer
5738,754,92,2026-06-18,1429.71,TRY,purchase
5739,164,53,2025-03-09,3345.9,TRY,purchase
5740,737,42,2025-01-29,2343.22,TRY,transfer
5741,213,48,2025-07-14,1803.97,TRY,transfer
5742,553,9,2026-08-26,2447.49,TRY,refund
5743,451,91,2025-06-03,3827.12,TRY,purchase
5744,374,31,2025-09-11,4057.95,TRY,transfer
5745,789,98,2026-06-06,1158.4,TRY,purchase
5746,398,52,2025-05-26,677.97,TRY,transfer
5747,494,43,2026-07-27,322.33,TRY,transfer
5748,339,70,2025-10-02,6504.63,TRY,refund
5749,562,63,2025-08-02,50.02,TRY,purchase
5750,7,20,2026-06-12,2399.99,TRY,purchase
5751,923,60,2025-07-03,3363.35,TRY,refund
5752,441,76,2026-07-28,5681.61,TRY,purchase
5753,262,41,2025-03-13,4473.04,TRY,transfer
5754,728,8,2025-06-18,2253.15,TRY,transfer
5755,380,39,2026-03-13,763.34,TRY,purchase
5756,5,70,2026-04-24,5730.93,TRY,purchase
5757,549,73,2026-04-29,892.93,TRY,transfer
5758,863,2,2026-04-13,5363.37,TRY,purchase
5759,569,92,2025-06-20,6651.91,TRY,refund
5760,481,59,2025-04-29,863.68,TRY,transfer
5761,300,18,2025-11-23,915.34,TRY,transfer
5762,493,84,2026-06-01,6452.36,TRY,purchase
5763,2,100,2025-03-04,80.17,TRY,purchase
5764,150,10,2025-02-19,5794.42,TRY,transfer
5765,879,36,2025-05-25,1370.37,TRY,transfer
5766,298,63,2025-08-10,6221.37,TRY,purchase
5767,358,95,2026-05-11,5944.39,TRY,transfer
5768,679,58,2026-04-26,675.67,TRY,transfer
5769,855,92,2026-03-14,6544.04,TRY,transfer
5770,594,75,2026-05-02,776.19,TRY,refund
5771,727,79,2026-03-21,2462.07,TRY,refund
5772,413,99,2026-04-12,2858.9,TRY,purchase
5773,622,79,2026-01-22,3677.63,TRY,purchase
5774,200,37,2025-09-30,132.22,TRY,transfer
5775,731,47,2025-06-05,1147.11,TRY,refund
5776,968,18,2026-01-24,4781.41,TRY,refund
5777,201,100,2026-04-15,4376.52,TRY,transfer
5778,187,17,2025-04-01,4064.6,TRY,refund
5779,250,80,2025-01-14,3221.41,TRY,refund
5780,710,37,2026-05-05,4708.9,TRY,refund
5781,52,98,2025-04-27,2355.33,TRY,transfer
5782,601,15,2025-03-26,6356.95,TRY,refund
5783,39,96,2025-04-09,326.12,TRY,refund
5784,726,20,2026-03-06,82.22,TRY,transfer
5785,34,18,2026-02-15,2453.57,TRY,transfer
5786,735,27,2025-09-25,5915.97,TRY,refund
5787,613,59,2026-07-24,6431.23,TRY,purchase
5788,226,41,2025-10-23,3563.05,TRY,transfer
5789,212,46,2026-05-19,6263.13,TRY,transfer
5790,192,14,2025-10-18,4001.78,TRY,refund
5791,584,12,2025-09-16,2703.14,TRY,transfer
5792,518,53,2026-02-01,5974.39,TRY,transfer
5793,852,31,2025-06-09,180.16,TRY,purchase
5794,94,64,2025-05-23,5724.66,TRY,refund
5795,434,47,2025-05-30,5455.19,TRY,purchase
5796,318,51,2026-07-06,2344.85,TRY,transfer
5797,924,22,2026-05-26,4695.28,TRY,refund
5798,3,6,2025-02-05,4830.66,TRY,transfer
5799,692,85,2025-05-25,165.12,TRY,refund
5800,681,7,2025-03-30,2143.28,TRY,transfer
5801,387,3,2025-11-24,620.39,TRY,purchase
5802,573,99,2025-12-13,1973.03,TRY,purchase
5803,508,15,2026-02-15,6681.42,TRY,purchase
5804,748,8,2025-07-22,6918.7,TRY,refund
5805,921,54,2025-08-11,2682.1,TRY,transfer
5806,781,26,2025-01-14,644.08,TRY,purchase
5807,59,93,2025-02-08,4133.54,TRY,transfer
5808,841,77,2026-08-26,1658.88,TRY,transfer
5809,455,67,2025-04-27,5095.29,TRY,refund
5810,875,69,2025-02-15,1230.96,TRY,transfer
5811,972,30,2025-12-10,4899.16,TRY,refund
5812,67,43,2026-07-11,6167.85,TRY,transfer
5813,775,24,2025-02-21,4359.03,TRY,purchase
5814,51,34,2025-08-14,4440.83,TRY,refund
5815,435,12,2025-09-06,5396.79,TRY,refund
5816,175,69,2025-01-26,3592.68,TRY,purchase
5817,144,18,2026-03-16,3648.99,TRY,refund
5818,874,98,2026-08-09,2135.64,TRY,refund
5819,916,90,2025-09-20,5388.34,TRY,purchase
5820,893,45,2025-08-14,534.08,TRY,purchase
5821,38,45,2026-07-16,6629.21,TRY,transfer
5822,799,95,2025-09-08,78.4,TRY,transfer
5823,444,64,2025-07-27,4240.53,TRY,transfer
5824,516,38,2025-05-23,680.76,TRY,transfer
5825,128,96,2025-11-12,996.72,TRY,refund
5826,621,30,2026-05-01,6990.91,TRY,transfer
5827,885,46,2025-01-30,5307.13,TRY,purchase
5828,416,63,2026-03-14,3362.97,TRY,purchase
5829,522,64,2026-05-06,2798.94,TRY,purchase
5830,674,68,2026-07-10,5677.23,TRY,purchase
5831,419,31,2026-03-19,3822.33,TRY,transfer
5832,683,46,2025-01-26,632.72,TRY,transfer
5833,407,100,2025-06-15,3230.03,TRY,refund
5834,177,76,2025-06-12,1304.85,TRY,refund
5835,446,57,2026-06-12,5819.0,TRY,transfer
5836,12,73,2025-07-19,3143.87,TRY,refund
5837,88,51,2025-11-29,1199.68,TRY,transfer
5838,939,83,2026-07-05,6772.84,TRY,purchase
5839,475,38,2026-08-18,4094.45,TRY,refund
5840,580,69,2025-04-19,966.34,TRY,refund
5841,638,62,2026-05-07,3264.68,TRY,refund
5842,331,78,2026-05-23,2673.67,TRY,purchase
5843,563,25,2026-07-25,2598.12,TRY,transfer
5844,545,4,2025-11-21,224.7,TRY,purchase
5845,941,91,2025-10-25,891.09,TRY,refund
5846,112,100,2026-02-01,2321.04,TRY,transfer
5847,597,25,2026-08-09,508.4,TRY,purchase
5848,605,46,2026-02-10,2469.41,TRY,purchase
5849,548,69,2026-03-28,580.35,TRY,purchase
5850,862,40,2026-06-23,3011.14,TRY,purchase
5851,894,84,2026-01-05,5421.6,TRY,purchase
5852,736,78,2025-07-08,1847.99,TRY,transfer
5853,721,82,2025-07-05,3669.51,TRY,refund
5854,575,63,2025-12-24,4483.38,TRY,purchase
5855,642,30,2025-01-18,5422.11,TRY,transfer
5856,201,3,2025-05-07,729.69,TRY,purchase
5857,349,82,2025-01-14,465.38,TRY,transfer
5858,401,81,2025-02-06,3463.99,TRY,purchase
5859,586,97,2025-01-24,2822.47,TRY,transfer
5860,616,45,2025-06-02,6968.34,TRY,purchase
5861,233,25,2026-02-22,4241.0,TRY,purchase
5862,650,72,2025-01-17,2703.4,TRY,purchase
5863,14,64,2025-07-20,158.29,TRY,purchase
5864,832,34,2025-06-26,6334.8,TRY,transfer
5865,728,55,2025-05-23,1831.75,TRY,transfer
5866,463,47,2025-09-02,3297.62,TRY,transfer
5867,651,37,2025-01-26,4887.06,TRY,refund
5868,507,89,2025-04-05,5651.18,TRY,refund
5869,313,51,2026-01-12,6311.01,TRY,transfer
5870,796,64,2025-09-19,366.9,TRY,refund
5871,556,64,2025-08-02,2545.97,TRY,refund
5872,260,48,2025-08-13,1795.61,TRY,transfer
5873,68,36,2026-01-25,4594.11,TRY,transfer
5874,999,69,2026-03-05,2490.47,TRY,transfer
5875,204,86,2025-10-02,3556.6,TRY,refund
5876,576,95,2025-08-23,4636.23,TRY,refund
5877,671,71,2026-03-16,4417.27,TRY,refund
5878,853,64,2025-08-10,3050.55,TRY,refund
5879,850,39,2026-06-15,2206.07,TRY,purchase
5880,31,85,2026-04-17,3319.88,TRY,transfer
5881,483,1,2026-06-05,6309.62,TRY,refund
5882,250,21,2026-02-23,5404.75,TRY,transfer
5883,575,28,2025-09-15,2119.35,TRY,transfer
5884,441,77,2025-12-12,6068.31,TRY,purchase
5885,365,4,2025-11-09,2247.51,TRY,purchase
5886,370,93,2025-02-02,4179.25,TRY,transfer
5887,276,52,2026-04-20,1172.99,TRY,purchase
5888,53,59,2025-07-21,1976.94,TRY,transfer
5889,777,26,2026-08-04,338.84,TRY,refund
5890,458,30,2026-05-17,6350.76,TRY,transfer
5891,323,35,2025-12-20,4675.34,TRY,transfer
5892,5,31,2026-07-30,6479.13,TRY,purchase
5893,432,18,2025-12-10,3922.48,TRY,refund
5894,113,46,2025-02-09,4742.56,TRY,transfer
5895,714,82,2025-01-05,2113.28,TRY,refund
5896,24,85,2025-07-09,6716.76,TRY,purchase
5897,320,27,2025-12-18,1604.29,TRY,purchase
5898,143,60,2025-09-29,5407.02,TRY,transfer
5899,689,88,2025-08-27,5774.06,TRY,refund
5900,636,98,2025-12-05,1332.87,TRY,transfer
5901,743,13,2025-04-25,1012.81,TRY,transfer
5902,362,74,2025-01-30,1937.9,TRY,purchase
5903,411,46,2025-07-09,6196.74,TRY,refund
5904,153,71,2026-03-21,5886.64,TRY,refund
5905,928,24,2025-12-19,794.85,TRY,purchase
5906,537,47,2026-05-23,1579.64,TRY,purchase
5907,568,92,2025-12-25,2452.96,TRY,refund
5908,978,11,2025-09-23,4430.81,TRY,refund
5909,42,78,2025-03-24,4100.51,TRY,refund
5910,97,11,2026-05-04,4665.62,TRY,refund
5911,353,46,2025-11-17,5295.48,TRY,purchase
5912,706,59,2025-02-02,6468.17,TRY,refund
5913,139,61,2025-07-10,3815.84,TRY,purchase
5914,426,59,2025-07-24,1747.21,TRY,refund
5915,395,13,2025-05-24,5924.08,TRY,transfer
5916,326,61,2026-01-19,6743.99,TRY,transfer
5917,740,98,2025-06-20,5332.13,TRY,refund
5918,905,13,2025-06-27,5277.74,TRY,purchase
5919,527,33,2026-06-23,847.33,TRY,transfer
5920,453,51,2025-06-13,118.53,TRY,transfer
5921,956,8,2026-03-11,4005.72,TRY,purchase
5922,618,56,2025-09-04,160.84,TRY,purchase
5923,946,80,2025-12-11,6649.75,TRY,refund
5924,763,64,2025-03-02,2189.14,TRY,purchase
5925,730,43,2026-08-28,3788.17,TRY,purchase
5926,937,87,2026-03-05,3096.18,TRY,transfer
5927,824,13,2025-06-27,6666.83,TRY,purchase
5928,288,30,2026-06-28,6439.91,TRY,transfer
5929,981,5,2025-11-12,3524.53,TRY,purchase
5930,674,38,2025-06-05,419.15,TRY,refund
5931,623,32,2026-02-15,2098.5,TRY,purchase
5932,880,87,2025-05-29,3879.78,TRY,transfer
5933,244,14,2025-09-10,1802.35,TRY,refund
5934,371,99,2026-01-15,3102.11,TRY,refund
5935,190,78,2025-03-07,789.19,TRY,refund
5936,300,76,2025-01-25,5244.44,TRY,transfer
5937,265,25,2025-03-29,3658.93,TRY,transfer
5938,208,83,2025-11-03,1756.15,TRY,transfer
5939,382,29,2025-03-28,6208.46,TRY,transfer
5940,669,21,2026-08-23,3396.99,TRY,purchase
5941,695,83,2025-04-20,2258.44,TRY,refund
5942,151,88,2026-08-22,820.55,TRY,transfer
5943,959,60,2025-05-10,2740.99,TRY,refund
5944,829,9,2026-04-08,1511.13,TRY,purchase
5945,522,15,2026-03-14,1005.96,TRY,transfer
5946,86,96,2025-02-24,5123.46,TRY,refund
5947,235,80,2025-06-09,1113.98,TRY,transfer
5948,564,32,2026-02-11,3979.06,TRY,purchase
5949,806,42,2026-03-30,1540.46,TRY,refund
5950,446,100,2026-05-11,815.08,TRY,purchase
5951,368,18,2026-08-02,3606.64,TRY,refund
5952,500,1,2026-03-29,4511.42,TRY,refund
5953,871,77,2025-03-24,2624.66,TRY,purchase
5954,58,33,2025-10-08,2238.22,TRY,purchase
5955,829,23,2025-01-07,933.91,TRY,transfer
5956,387,96,2026-06-18,1723.37,TRY,refund
5957,569,79,2025-02-05,6211.64,TRY,transfer
5958,963,40,2025-12-21,6165.87,TRY,purchase
5959,609,41,2026-05-31,2810.36,TRY,refund
5960,49,31,2025-02-18,1919.96,TRY,transfer
5961,800,93,2025-07-30,1926.53,TRY,transfer
5962,707,59,2025-12-23,2097.23,TRY,purchase
5963,550,92,2025-05-30,1695.85,TRY,refund
5964,555,65,2025-04-09,331.68,TRY,purchase
5965,851,71,2025-05-16,3135.92,TRY,purchase
5966,50,97,2025-11-18,718.9,TRY,purchase
5967,288,49,2025-03-03,721.84,TRY,refund
5968,164,20,2025-01-03,707.81,TRY,transfer
5969,674,71,2025-06-23,2544.4,TRY,purchase
5970,178,5,2026-07-18,5186.82,TRY,transfer
5971,749,10,2026-02-01,3670.34,TRY,transfer
5972,799,82,2026-02-25,1571.4,TRY,purchase
5973,244,69,2026-08-02,4743.62,TRY,transfer
5974,89,84,2026-05-06,6932.69,TRY,transfer
5975,390,77,2025-01-13,3271.68,TRY,transfer
5976,607,91,2025-11-10,4543.15,TRY,refund
5977,494,24,2025-02-17,318.34,TRY,refund
5978,133,11,2025-09-21,4897.27,TRY,purchase
5979,800,7,2026-05-01,6395.01,TRY,refund
5980,117,56,2025-09-05,1897.58,TRY,refund
5981,893,4,2026-06-30,5868.89,TRY,refund
5982,107,24,2025-08-10,3222.27,TRY,transfer
5983,381,11,2025-04-23,6177.42,TRY,transfer
5984,772,11,2025-09-29,5593.86,TRY,refund
5985,371,34,2026-01-08,2953.8,TRY,refund
5986,146,79,2026-02-09,2421.94,TRY,refund
5987,843,15,2025-07-10,3185.57,TRY,refund
5988,81,31,2026-03-26,3134.11,TRY,transfer
5989,831,15,2026-05-29,3513.32,TRY,purchase
5990,867,55,2025-09-04,4100.89,TRY,refund
5991,110,18,2026-02-16,5359.09,TRY,refund
5992,946,100,2026-03-28,3816.44,TRY,purchase
5993,382,47,2026-05-22,1468.16,TRY,purchase
5994,201,70,2026-06-22,3355.24,TRY,refund
5995,843,6,2025-06-19,5111.48,TRY,purchase
5996,704,84,2025-10-23,4677.17,TRY,purchase
5997,310,39,2026-02-05,6202.51,TRY,purchase
5998,507,55,2025-07-29,5098.1,TRY,purchase
5999,304,88,2025-04-24,519.9,TRY,refund
6000,427,100,2025-04-10,4795.7,TRY,purchase
6001,642,86,2025-04-15,2634.66,TRY,refund
6002,524,30,2025-04-26,4214.74,TRY,transfer
6003,755,54,2025-08-01,6212.48,TRY,refund
6004,269,62,2025-01-28,5895.2,TRY,refund
6005,321,49,2026-07-06,6839.16,TRY,refund
6006,608,66,2026-05-10,6490.27,TRY,purchase
6007,387,71,2026-07-27,5460.28,TRY,purchase
6008,4,4,2025-10-12,3798.16,TRY,refund
6009,700,78,2025-08-22,2822.92,TRY,purchase
6010,707,11,2025-12-19,4045.04,TRY,purchase
6011,765,19,2026-09-01,813.03,TRY,transfer
6012,172,62,2025-03-01,2695.45,TRY,transfer
6013,229,36,2025-03-07,324.89,TRY,refund
6014,52,49,2025-05-29,4061.49,TRY,purchase
6015,557,58,2025-06-24,915.41,TRY,purchase
6016,288,62,2025-05-08,3639.79,TRY,purchase
6017,90,69,2025-04-27,3135.52,TRY,transfer
6018,792,52,2025-02-24,5938.92,TRY,refund
6019,343,87,2026-04-04,3690.23,TRY,transfer
6020,810,94,2026-06-18,4600.06,TRY,transfer
6021,489,37,2026-08-19,4307.82,TRY,transfer
6022,615,8,2025-11-20,1145.38,TRY,purchase
6023,110,63,2025-05-08,790.44,TRY,transfer
6024,875,53,2025-12-10,6915.16,TRY,refund
6025,530,95,2025-04-08,3879.19,TRY,transfer
6026,679,14,2025-01-10,3040.03,TRY,refund
6027,217,81,2025-11-17,2856.55,TRY,purchase
6028,97,53,2025-07-24,5807.05,TRY,purchase
6029,611,60,2026-01-11,5832.97,TRY,refund
6030,838,23,2026-03-01,741.42,TRY,transfer
6031,313,78,2026-02-25,1541.07,TRY,transfer
6032,520,10,2025-04-01,4026.23,TRY,purchase
6033,539,89,2026-08-28,4544.93,TRY,transfer
6034,55,51,2026-06-28,6846.65,TRY,purchase
6035,715,7,2025-04-27,5350.0,TRY,transfer
6036,844,2,2026-05-27,556.48,TRY,refund
6037,357,25,2025-06-25,822.14,TRY,purchase
6038,822,89,2025-07-19,2962.71,TRY,purchase
6039,822,31,2025-03-20,3302.04,TRY,transfer
6040,338,35,2026-08-16,275.68,TRY,purchase
6041,318,89,2025-02-27,1713.85,TRY,transfer
6042,168,77,2026-01-01,5253.15,TRY,refund
6043,529,100,2025-12-07,3534.58,TRY,refund
6044,712,54,2025-08-29,4766.98,TRY,transfer
6045,562,98,2025-05-07,1088.98,TRY,refund
6046,751,28,2025-06-07,1035.59,TRY,refund
6047,796,44,2025-04-19,3076.86,TRY,refund
6048,72,77,2025-07-08,2272.25,TRY,purchase
6049,645,95,2025-09-18,5827.86,TRY,refund
6050,920,23,2025-04-19,5735.93,TRY,purchase
6051,724,25,2026-02-20,5681.46,TRY,purchase
6052,713,70,2026-02-09,1648.23,TRY,transfer
6053,268,46,2025-09-22,701.72,TRY,purchase
6054,741,99,2026-07-23,1776.79,TRY,purchase
6055,97,41,2026-02-03,1539.04,TRY,purchase
6056,618,32,2025-01-09,6265.4,TRY,refund
6057,613,52,2026-06-18,4637.11,TRY,refund
6058,794,80,2025-02-17,4561.27,TRY,refund
6059,713,85,2025-11-10,2549.29,TRY,transfer
6060,552,60,2025-05-19,4414.87,TRY,transfer
6061,33,72,2025-06-30,4924.28,TRY,refund
6062,496,82,2025-07-12,2313.78,TRY,purchase
6063,429,52,2026-06-05,469.32,TRY,purchase
6064,221,80,2026-04-27,1360.92,TRY,refund
6065,464,4,2026-05-05,4853.03,TRY,purchase
6066,491,85,2025-08-20,4952.15,TRY,purchase
6067,724,24,2025-11-09,945.58,TRY,purchase
6068,662,22,2025-10-04,676.52,TRY,transfer
6069,538,93,2025-08-24,5679.09,TRY,purchase
6070,422,87,2025-09-09,1310.1,TRY,purchase
6071,445,41,2025-11-12,6314.48,TRY,purchase
6072,913,70,2025-04-13,4548.72,TRY,refund
6073,298,35,2025-06-22,2089.79,TRY,transfer
6074,894,35,2025-06-09,4692.43,TRY,transfer
6075,32,21,2025-10-14,1727.66,TRY,refund
6076,8,90,2025-11-12,3085.74,TRY,refund
6077,719,12,2025-05-01,4684.79,TRY,transfer
6078,437,85,2025-03-08,6859.53,TRY,refund
6079,281,2,2026-08-13,2009.35,TRY,refund
6080,507,45,2025-07-17,4354.56,TRY,transfer
6081,724,9,2025-07-17,3282.86,TRY,refund
6082,319,82,2025-05-18,2114.57,TRY,refund
6083,96,88,2025-02-27,3569.82,TRY,purchase
6084,395,10,2025-03-14,209.59,TRY,purchase
6085,326,50,2025-11-24,4323.19,TRY,purchase
6086,768,74,2026-08-31,6930.73,TRY,purchase
6087,650,23,2025-09-05,3372.39,TRY,transfer
6088,391,56,2026-08-21,4654.48,TRY,refund
6089,615,23,2025-06-21,3997.53,TRY,purchase
6090,238,69,2026-01-28,671.03,TRY,refund
6091,96,9,2026-07-09,5481.4,TRY,purchase
6092,624,87,2025-01-17,5853.71,TRY,purchase
6093,803,40,2025-05-10,1977.49,TRY,transfer
6094,880,20,2025-10-29,35.36,TRY,refund
6095,690,23,2026-06-09,5217.87,TRY,refund
6096,420,25,2025-07-26,5645.55,TRY,transfer
6097,530,69,2025-08-24,6666.86,TRY,refund
6098,214,61,2026-01-15,735.64,TRY,transfer
6099,540,49,2026-03-23,6319.66,TRY,refund
6100,750,5,2026-06-04,3053.91,TRY,refund
6101,832,37,2025-06-29,2004.27,TRY,transfer
6102,576,23,2026-01-28,6607.56,TRY,purchase
6103,568,43,2025-12-18,165.35,TRY,refund
6104,210,44,2025-01-23,4051.77,TRY,refund
6105,168,98,2026-07-27,4442.54,TRY,transfer
6106,827,80,2026-01-18,4269.27,TRY,refund
6107,864,81,2025-01-09,1756.2,TRY,refund
6108,827,78,2026-03-09,1997.99,TRY,purchase
6109,331,77,2025-04-09,5879.76,TRY,refund
6110,415,43,2025-02-15,1825.13,TRY,purchase
6111,822,71,2026-06-20,1425.84,TRY,purchase
6112,781,76,2026-08-26,2394.76,TRY,purchase
6113,564,66,2026-04-12,1501.62,TRY,refund
6114,292,95,2026-02-16,4675.39,TRY,transfer
6115,986,56,2026-03-17,3160.82,TRY,transfer
6116,626,75,2025-09-22,3209.76,TRY,refund
6117,718,14,2026-04-14,4907.95,TRY,transfer
6118,23,56,2026-08-22,379.4,TRY,refund
6119,637,57,2025-03-26,583.94,TRY,purchase
6120,818,68,2025-09-24,5576.9,TRY,transfer
6121,955,58,2025-04-16,2370.32,TRY,refund
6122,850,46,2026-03-05,3036.3,TRY,refund
6123,1,84,2025-12-13,554.48,TRY,transfer
6124,518,55,2025-01-21,4809.85,TRY,refund
6125,504,85,2025-10-27,1840.1,TRY,transfer
6126,700,24,2025-07-29,2002.92,TRY,purchase
6127,993,48,2026-03-22,4036.88,TRY,refund
6128,20,36,2025-11-28,5321.09,TRY,purchase
6129,662,43,2026-02-23,2871.53,TRY,transfer
6130,591,30,2026-05-12,2415.23,TRY,purchase
6131,139,92,2025-09-28,6310.66,TRY,transfer
6132,446,10,2026-04-28,5823.44,TRY,transfer
6133,602,22,2025-12-06,5614.73,TRY,purchase
6134,308,5,2025-05-14,2326.46,TRY,transfer
6135,880,31,2026-07-06,2279.61,TRY,transfer
6136,503,55,2025-06-26,5293.88,TRY,refund
6137,527,10,2026-02-26,5328.93,TRY,purchase
6138,530,83,2025-10-22,4019.33,TRY,transfer
6139,417,72,2025-02-23,4704.79,TRY,purchase
6140,331,66,2025-12-26,1560.73,TRY,transfer
6141,861,11,2025-01-23,5393.07,TRY,purchase
6142,450,71,2026-08-15,2654.06,TRY,refund
6143,87,79,2025-08-02,30.71,TRY,refund
6144,659,65,2026-01-13,1049.06,TRY,transfer
6145,502,59,2025-12-25,3678.78,TRY,refund
6146,50,28,2026-02-01,2306.28,TRY,purchase
6147,53,25,2026-03-09,1525.11,TRY,refund
6148,697,37,2025-08-05,4409.5,TRY,refund
6149,413,66,2026-01-22,5235.51,TRY,transfer
6150,251,30,2025-04-18,3769.77,TRY,transfer
6151,987,20,2025-07-20,1572.01,TRY,refund
6152,696,54,2025-04-01,3347.91,TRY,transfer
6153,924,7,2026-04-05,6181.91,TRY,purchase
6154,908,58,2025-11-05,1973.98,TRY,refund
6155,473,60,2026-03-15,1227.95,TRY,refund
6156,912,18,2026-02-02,1730.12,TRY,refund
6157,456,69,2025-11-17,4882.41,TRY,transfer
6158,629,71,2026-05-16,5699.75,TRY,refund
6159,803,64,2026-01-19,4300.66,TRY,transfer
6160,294,84,2025-09-03,6587.82,TRY,transfer
6161,730,43,2025-05-22,4120.28,TRY,purchase
6162,457,96,2026-04-16,5514.74,TRY,purchase
6163,986,97,2025-09-03,3343.86,TRY,refund
6164,430,72,2026-05-02,1984.12,TRY,refund
6165,894,20,2025-01-24,6708.92,TRY,refund
6166,432,60,2025-12-30,582.01,TRY,transfer
6167,456,45,2025-07-24,2100.37,TRY,purchase
6168,325,97,2026-04-28,5370.38,TRY,transfer
6169,796,27,2025-03-02,4361.49,TRY,purchase
6170,808,5,2025-02-17,4005.41,TRY,refund
6171,757,5,2026-02-23,2620.75,TRY,refund
6172,744,65,2025-06-03,1710.33,TRY,refund
6173,740,34,2025-12-18,1724.28,TRY,refund
6174,671,85,2026-03-09,2570.89,TRY,refund
6175,977,24,2025-07-25,6057.14,TRY,purchase
6176,965,53,2026-03-17,6887.3,TRY,transfer
6177,700,86,2025-01-14,6034.67,TRY,purchase
6178,267,60,2025-01-30,5991.16,TRY,transfer
6179,755,11,2025-03-13,438.31,TRY,purchase
6180,835,40,2026-08-22,6927.41,TRY,transfer
6181,371,54,2025-03-21,569.08,TRY,transfer
6182,784,77,2026-05-29,3982.52,TRY,transfer
6183,409,41,2025-03-24,625.61,TRY,purchase
6184,700,41,2026-05-30,1520.95,TRY,refund
6185,807,36,2026-02-16,2996.17,TRY,refund
6186,748,40,2026-04-27,3151.77,TRY,purchase
6187,523,83,2026-02-23,3587.63,TRY,transfer
6188,1,36,2026-04-18,5136.88,TRY,refund
6189,410,86,2026-01-28,3841.97,TRY,purchase
6190,726,79,2025-01-17,5187.81,TRY,transfer
6191,137,48,2026-02-18,2414.79,TRY,transfer
6192,601,48,2025-01-18,3696.74,TRY,transfer
6193,70,36,2025-06-18,4915.66,TRY,transfer
6194,238,1,2025-07-04,4028.28,TRY,purchase
6195,509,55,2025-10-20,5990.45,TRY,refund
6196,285,62,2025-09-05,4369.53,TRY,refund
6197,179,20,2025-03-10,1788.57,TRY,refund
6198,69,28,2025-04-01,3732.9,TRY,refund
6199,34,40,2026-05-12,2166.55,TRY,purchase
6200,219,71,2026-08-28,5869.3,TRY,refund
6201,465,94,2026-05-28,2390.3,TRY,refund
6202,467,39,2025-11-06,5796.74,TRY,purchase
6203,193,42,2025-09-26,1988.54,TRY,purchase
6204,953,96,2025-06-20,6415.94,TRY,purchase
6205,802,65,2026-05-08,4523.08,TRY,refund
6206,85,69,2026-02-21,2907.07,TRY,refund
6207,491,39,2025-04-08,1442.43,TRY,purchase
6208,941,47,2025-03-20,3548.27,TRY,purchase
6209,9,19,2025-12-30,3608.53,TRY,purchase
6210,274,54,2025-11-22,3750.89,TRY,purchase
6211,358,27,2026-06-24,5435.22,TRY,refund
6212,654,22,2025-05-02,3432.94,TRY,transfer
6213,336,44,2025-03-01,5665.74,TRY,transfer
6214,311,91,2025-03-19,6418.38,TRY,transfer
6215,385,43,2026-01-05,5657.4,TRY,purchase
6216,386,59,2025-12-20,5310.13,TRY,purchase
6217,221,69,2025-07-30,6598.4,TRY,purchase
6218,602,29,2025-11-15,3736.8,TRY,transfer
6219,94,71,2025-02-12,5131.73,TRY,purchase
6220,984,69,2025-03-08,5737.49,TRY,refund
6221,194,34,2025-05-11,4930.97,TRY,purchase
6222,320,21,2025-04-16,4830.18,TRY,refund
6223,589,60,2025-09-05,6846.96,TRY,purchase
6224,861,76,2025-04-15,1230.25,TRY,transfer
6225,322,20,2026-04-29,6334.13,TRY,refund
6226,93,12,2025-10-30,5071.63,TRY,purchase
6227,202,32,2025-03-27,2339.73,TRY,transfer
6228,365,47,2025-07-20,5945.84,TRY,purchase
6229,329,29,2025-02-09,1344.87,TRY,refund
6230,304,2,2026-04-06,3097.84,TRY,purchase
6231,688,92,2025-04-13,6258.05,TRY,transfer
6232,910,95,2026-02-22,2536.73,TRY,transfer
6233,311,85,2025-11-17,2251.97,TRY,refund
6234,760,91,2026-03-19,1676.92,TRY,refund
6235,334,39,2025-05-03,5485.94,TRY,transfer
6236,998,24,2026-08-29,706.0,TRY,refund
6237,962,79,2025-10-01,2401.88,TRY,purchase
6238,427,40,2025-03-26,6545.85,TRY,transfer
6239,823,14,2025-01-24,2947.07,TRY,purchase
6240,940,89,2026-01-27,6875.77,TRY,refund
6241,707,79,2025-04-06,140.54,TRY,transfer
6242,745,68,2025-05-16,1137.06,TRY,refund
6243,138,95,2025-05-07,2843.39,TRY,purchase
6244,428,65,2025-05-09,1080.58,TRY,purchase
6245,649,64,2025-12-31,6496.54,TRY,refund
6246,175,84,2026-01-26,5852.89,TRY,transfer
6247,798,49,2025-05-30,232.73,TRY,purchase
6248,647,35,2026-05-24,4019.09,TRY,transfer
6249,89,96,2025-01-04,97.63,TRY,transfer
6250,236,18,2025-12-27,3456.09,TRY,purchase
6251,565,81,2026-04-12,363.11,TRY,purchase
6252,162,19,2025-02-01,345.45,TRY,transfer
6253,677,60,2025-10-01,3920.82,TRY,transfer
6254,506,95,2025-05-12,1793.54,TRY,purchase
6255,570,60,2025-05-06,1030.34,TRY,refund
6256,91,38,2025-12-09,1320.14,TRY,transfer
6257,831,6,2025-12-06,4744.7,TRY,transfer
6258,906,83,2025-01-24,4951.35,TRY,purchase
6259,936,81,2026-06-13,2808.05,TRY,refund
6260,45,37,2026-07-20,220.19,TRY,purchase
6261,269,2,2026-03-05,5486.57,TRY,refund
6262,908,62,2025-09-27,3169.06,TRY,refund
6263,710,78,2025-12-16,310.77,TRY,transfer
6264,24,33,2025-03-27,4449.26,TRY,transfer
6265,599,65,2025-12-05,3060.85,TRY,transfer
6266,266,27,2025-02-06,674.5,TRY,refund
6267,338,81,2025-12-29,3031.28,TRY,purchase
6268,226,66,2026-07-27,3455.12,TRY,transfer
6269,949,66,2026-03-30,5101.48,TRY,refund
6270,356,55,2025-09-01,537.0,TRY,refund
6271,675,7,2026-03-03,4537.14,TRY,purchase
6272,864,76,2025-01-24,6195.35,TRY,purchase
6273,819,94,2025-07-18,3900.97,TRY,purchase
6274,945,36,2026-05-09,5818.34,TRY,refund
6275,682,97,2026-04-03,6319.8,TRY,purchase
6276,772,74,2025-01-16,1515.95,TRY,purchase
6277,213,43,2025-05-05,5324.3,TRY,transfer
6278,263,67,2026-08-24,5587.52,TRY,refund
6279,748,32,2026-07-28,1196.05,TRY,transfer
6280,584,38,2025-11-12,532.46,TRY,transfer
6281,772,16,2025-09-23,3228.02,TRY,transfer
6282,749,7,2026-01-06,1648.84,TRY,refund
6283,132,72,2025-09-03,4127.9,TRY,purchase
6284,981,95,2026-02-23,3330.14,TRY,transfer
6285,58,73,2025-12-06,5106.42,TRY,purchase
6286,674,94,2026-02-08,3464.1,TRY,transfer
6287,262,66,2026-06-14,2840.0,TRY,transfer
6288,542,96,2026-02-28,5846.3,TRY,refund
6289,390,89,2025-06-02,4159.15,TRY,purchase
6290,377,100,2026-07-02,4651.58,TRY,purchase
6291,539,22,2026-07-04,6309.47,TRY,purchase
6292,540,28,2025-06-07,1733.38,TRY,purchase
6293,43,56,2026-06-07,3609.39,TRY,refund
6294,549,94,2025-11-02,4776.93,TRY,refund
6295,497,53,2026-05-23,3526.63,TRY,transfer
6296,972,52,2025-10-13,2281.16,TRY,transfer
6297,225,62,2025-10-03,5143.78,TRY,transfer
6298,334,74,2026-05-02,2356.37,TRY,purchase
6299,237,46,2025-07-25,586.5,TRY,refund
6300,331,45,2025-12-04,4205.91,TRY,purchase
6301,946,65,2026-05-16,1936.28,TRY,transfer
6302,469,36,2025-03-31,6769.44,TRY,purchase
6303,723,82,2025-10-26,6795.71,TRY,refund
6304,701,21,2026-03-15,3117.46,TRY,purchase
6305,860,96,2025-05-01,5533.56,TRY,transfer
6306,505,55,2025-09-21,2355.82,TRY,refund
6307,628,53,2025-12-31,5514.17,TRY,purchase
6308,786,46,2026-03-23,2188.55,TRY,purchase
6309,627,52,2026-03-28,3715.13,TRY,refund
6310,244,93,2025-01-09,6396.33,TRY,purchase
6311,580,27,2025-12-26,5160.06,TRY,purchase
6312,63,15,2026-02-10,5494.3,TRY,purchase
6313,88,98,2025-12-02,4037.74,TRY,transfer
6314,655,20,2025-06-26,6455.31,TRY,purchase
6315,130,68,2025-10-15,5320.09,TRY,transfer
6316,221,40,2025-06-21,3367.59,TRY,refund
6317,567,7,2026-08-05,4406.44,TRY,refund
6318,447,84,2025-02-20,6685.32,TRY,transfer
6319,896,65,2025-02-04,1936.67,TRY,purchase
6320,202,39,2026-07-21,54.96,TRY,refund
6321,892,29,2026-03-26,5239.3,TRY,refund
6322,814,68,2026-02-13,2813.71,TRY,transfer
6323,498,14,2025-12-21,2297.55,TRY,refund
6324,427,3,2025-12-20,1730.44,TRY,purchase
6325,914,51,2025-02-11,4313.08,TRY,refund
6326,497,35,2026-02-17,4438.28,TRY,purchase
6327,508,18,2025-02-19,4411.3,TRY,transfer
6328,212,51,2025-11-03,4375.88,TRY,purchase
6329,110,77,2025-06-06,4979.97,TRY,refund
6330,419,57,2025-06-07,5625.08,TRY,refund
6331,756,6,2025-06-24,6868.18,TRY,refund
6332,994,42,2025-08-11,3908.44,TRY,purchase
6333,690,64,2026-04-10,2394.49,TRY,refund
6334,563,18,2025-04-02,6401.02,TRY,refund
6335,187,54,2025-09-24,1538.46,TRY,transfer
6336,380,51,2026-05-05,4496.61,TRY,refund
6337,296,96,2026-02-09,37.64,TRY,transfer
6338,625,100,2025-01-23,5821.7,TRY,refund
6339,85,86,2026-07-31,4884.83,TRY,purchase
6340,622,65,2025-03-08,3203.47,TRY,refund
6341,380,9,2025-06-06,4016.65,TRY,transfer
6342,284,39,2025-04-09,5558.39,TRY,transfer
6343,800,22,2025-12-14,1457.94,TRY,purchase
6344,440,36,2026-07-09,1261.34,TRY,transfer
6345,779,32,2026-06-14,5468.75,TRY,refund
6346,679,74,2026-05-03,1919.35,TRY,refund
6347,445,45,2026-01-24,5465.32,TRY,transfer
6348,920,5,2026-05-08,150.82,TRY,refund
6349,311,93,2025-09-27,4547.52,TRY,transfer
6350,216,82,2025-11-10,1574.13,TRY,refund
6351,550,61,2026-05-20,730.9,TRY,refund
6352,820,73,2025-06-28,6656.23,TRY,transfer
6353,3,75,2025-09-30,5378.42,TRY,purchase
6354,499,52,2025-09-04,2103.24,TRY,purchase
6355,355,27,2026-01-04,4164.32,TRY,refund
6356,128,7,2025-02-18,786.33,TRY,refund
6357,659,33,2026-04-19,3194.88,TRY,purchase
6358,785,37,2025-09-27,1697.94,TRY,purchase
6359,839,85,2025-09-26,4865.76,TRY,refund
6360,137,23,2025-12-27,6599.24,TRY,refund
6361,986,65,2025-12-11,2821.01,TRY,purchase
6362,229,44,2025-10-04,4544.14,TRY,transfer
6363,650,63,2025-11-13,684.71,TRY,transfer
6364,337,84,2026-01-19,3283.8,TRY,transfer
6365,682,41,2025-06-05,1679.76,TRY,purchase
6366,550,47,2026-01-17,2459.64,TRY,purchase
6367,855,100,2026-08-20,5504.58,TRY,refund
6368,498,96,2025-11-05,5833.39,TRY,refund
6369,951,65,2025-04-11,4582.28,TRY,refund
6370,46,20,2026-06-28,5418.42,TRY,refund
6371,644,82,2025-05-01,5441.33,TRY,refund
6372,172,31,2025-08-07,5196.81,TRY,transfer
6373,806,82,2025-11-06,3119.4,TRY,refund
6374,19,60,2025-04-15,1776.33,TRY,transfer
6375,1000,57,2025-04-09,1796.31,TRY,refund
6376,686,76,2026-05-16,5048.14,TRY,transfer
6377,252,38,2025-05-08,3900.68,TRY,transfer
6378,328,74,2025-12-15,6962.96,TRY,transfer
6379,730,28,2026-05-27,6573.03,TRY,refund
6380,732,99,2026-02-17,278.82,TRY,refund
6381,27,25,2026-02-02,723.4,TRY,purchase
6382,472,45,2025-02-01,4620.19,TRY,purchase
6383,777,14,2026-03-25,5252.94,TRY,refund
6384,472,74,2025-10-04,4030.88,TRY,refund
6385,557,56,2025-07-02,6610.23,TRY,refund
6386,322,88,2025-04-11,2797.12,TRY,transfer
6387,160,15,2026-01-09,4056.54,TRY,purchase
6388,681,71,2026-08-23,2981.06,TRY,refund
6389,694,32,2025-12-28,6987.54,TRY,refund
6390,499,31,2026-01-12,6156.76,TRY,refund
6391,721,68,2026-09-01,2864.48,TRY,refund
6392,60,59,2025-05-12,947.22,TRY,transfer
6393,220,35,2025-03-29,6769.93,TRY,purchase
6394,821,45,2025-04-20,5277.91,TRY,transfer
6395,8,10,2025-10-06,1343.14,TRY,transfer
6396,480,40,2025-06-18,3457.64,TRY,refund
6397,999,79,2025-08-21,3036.85,TRY,transfer
6398,946,29,2025-11-18,3368.89,TRY,transfer
6399,582,53,2026-03-29,5385.01,TRY,purchase
6400,974,89,2025-10-02,3650.72,TRY,purchase
6401,201,91,2025-01-12,4656.07,TRY,refund
6402,690,93,2025-08-22,5636.06,TRY,transfer
6403,448,47,2026-07-29,5700.04,TRY,refund
6404,845,4,2026-06-10,1235.26,TRY,refund
6405,186,86,2026-03-02,1676.25,TRY,transfer
6406,483,76,2025-09-28,4958.64,TRY,purchase
6407,145,65,2026-06-20,2744.57,TRY,transfer
6408,107,12,2025-05-10,4712.09,TRY,purchase
6409,816,22,2025-03-19,1861.7,TRY,transfer
6410,171,42,2025-06-12,5639.63,TRY,purchase
6411,946,14,2026-08-23,3434.84,TRY,transfer
6412,560,73,2025-05-31,5903.46,TRY,transfer
6413,886,40,2026-02-08,6837.69,TRY,refund
6414,463,34,2025-10-07,2655.25,TRY,refund
6415,717,28,2025-07-05,2636.0,TRY,refund
6416,287,37,2025-03-20,783.44,TRY,purchase
6417,817,99,2026-06-30,4666.81,TRY,transfer
6418,351,11,2025-08-07,2686.68,TRY,refund
6419,193,66,2025-01-19,4816.3,TRY,purchase
6420,60,27,2026-07-20,5782.2,TRY,transfer
6421,553,13,2026-08-31,1530.39,TRY,transfer
6422,440,66,2025-11-05,5466.65,TRY,transfer
6423,798,36,2026-05-24,6574.92,TRY,refund
6424,392,86,2025-05-18,1177.37,TRY,purchase
6425,268,85,2026-06-19,1721.93,TRY,purchase
6426,332,35,2025-03-03,6297.81,TRY,purchase
6427,190,57,2025-06-23,3801.08,TRY,refund
6428,12,26,2025-01-02,3566.94,TRY,refund
6429,943,38,2026-04-25,6357.4,TRY,purchase
6430,750,74,2025-01-11,6939.86,TRY,transfer
6431,681,62,2026-03-22,776.68,TRY,transfer
6432,243,100,2026-04-22,2652.97,TRY,transfer
6433,619,48,2025-01-03,3392.62,TRY,transfer
6434,495,89,2025-03-09,4462.83,TRY,purchase
6435,982,13,2026-05-26,1048.03,TRY,refund
6436,559,68,2026-06-13,2775.37,TRY,purchase
6437,673,39,2025-04-16,3517.01,TRY,transfer
6438,228,6,2025-08-20,6204.62,TRY,transfer
6439,166,50,2025-11-01,4587.3,TRY,refund
6440,263,79,2026-03-16,3281.53,TRY,purchase
6441,603,79,2025-03-27,2820.92,TRY,refund
6442,736,88,2025-08-25,4272.4,TRY,purchase
6443,397,33,2026-08-06,251.67,TRY,transfer
6444,737,91,2026-05-14,4523.31,TRY,purchase
6445,306,17,2025-12-11,5704.17,TRY,purchase
6446,723,77,2026-04-07,4785.09,TRY,purchase
6447,566,9,2026-01-18,3919.4,TRY,purchase
6448,193,51,2026-07-12,1012.57,TRY,refund
6449,476,2,2026-04-19,1955.36,TRY,purchase
6450,984,43,2025-09-10,487.55,TRY,purchase
6451,653,51,2025-05-22,5471.09,TRY,refund
6452,976,22,2026-02-16,5575.31,TRY,purchase
6453,179,15,2026-03-10,4008.28,TRY,purchase
6454,564,91,2026-06-07,3199.36,TRY,refund
6455,527,2,2025-05-25,6056.58,TRY,transfer
6456,238,26,2026-01-12,3825.75,TRY,transfer
6457,848,39,2025-07-16,4783.45,TRY,transfer
6458,655,11,2025-01-05,2869.61,TRY,refund
6459,246,42,2025-03-28,3370.53,TRY,refund
6460,941,33,2026-01-22,4025.89,TRY,transfer
6461,723,45,2025-05-06,201.47,TRY,purchase
6462,753,11,2025-11-08,348.65,TRY,purchase
6463,155,70,2025-09-08,1342.0,TRY,transfer
6464,339,48,2026-06-10,6661.56,TRY,transfer
6465,724,62,2026-08-03,4055.76,TRY,purchase
6466,348,98,2026-04-10,717.76,TRY,refund
6467,84,63,2025-01-28,1361.87,TRY,refund
6468,421,65,2026-04-08,6354.73,TRY,transfer
6469,311,10,2025-05-13,1790.47,TRY,transfer
6470,392,1,2025-12-04,670.69,TRY,refund
6471,260,70,2025-08-26,5330.15,TRY,transfer
6472,569,76,2025-11-25,1477.66,TRY,refund
6473,395,72,2025-09-23,824.82,TRY,transfer
6474,465,98,2026-02-18,3213.39,TRY,transfer
6475,447,8,2025-01-10,2726.66,TRY,purchase
6476,318,42,2026-08-25,5597.29,TRY,refund
6477,693,82,2025-08-27,5902.45,TRY,transfer
6478,781,61,2025-08-31,331.36,TRY,purchase
6479,182,34,2026-08-18,5542.89,TRY,transfer
6480,849,93,2026-04-08,2346.65,TRY,refund
6481,918,34,2025-12-15,831.85,TRY,purchase
6482,310,70,2025-10-15,6280.4,TRY,purchase
6483,601,39,2026-03-26,5083.03,TRY,purchase
6484,864,15,2026-07-09,667.25,TRY,refund
6485,397,3,2025-12-16,5918.98,TRY,purchase
6486,496,7,2026-04-11,4168.57,TRY,transfer
6487,913,47,2026-08-17,5032.47,TRY,refund
6488,823,62,2026-02-28,5827.05,TRY,purchase
6489,111,7,2026-05-11,6674.47,TRY,transfer
6490,485,51,2025-11-11,6170.17,TRY,refund
6491,297,87,2025-12-26,2939.93,TRY,refund
6492,154,66,2026-08-02,5535.94,TRY,purchase
6493,171,50,2026-08-14,1486.42,TRY,transfer
6494,346,35,2025-01-26,5312.32,TRY,transfer
6495,11,78,2026-06-04,1819.59,TRY,transfer
6496,390,68,2025-12-24,5196.67,TRY,purchase
6497,864,56,2026-01-24,5070.48,TRY,transfer
6498,612,24,2026-02-22,492.4,TRY,transfer
6499,136,53,2026-07-16,3344.98,TRY,transfer
6500,786,57,2026-03-28,6234.79,TRY,refund
6501,611,48,2026-04-25,305.34,TRY,transfer
6502,211,73,2026-08-02,6253.7,TRY,refund
6503,148,49,2025-08-17,3489.08,TRY,transfer
6504,189,96,2026-03-31,506.92,TRY,purchase
6505,57,57,2025-09-02,6918.72,TRY,purchase
6506,134,71,2026-03-06,1223.29,TRY,transfer
6507,813,5,2026-02-21,3786.68,TRY,transfer
6508,939,22,2025-10-22,1427.98,TRY,purchase
6509,198,88,2025-09-05,382.16,TRY,purchase
6510,221,79,2026-08-27,6504.94,TRY,refund
6511,287,49,2025-01-24,5516.74,TRY,transfer
6512,911,4,2026-01-22,3970.67,TRY,refund
6513,725,30,2025-01-03,2803.81,TRY,refund
6514,671,17,2025-07-15,2400.34,TRY,transfer
6515,902,51,2025-11-27,5454.13,TRY,transfer
6516,313,12,2025-05-20,3550.82,TRY,purchase
6517,494,92,2025-02-19,250.38,TRY,refund
6518,883,34,2025-09-17,3726.82,TRY,transfer
6519,345,37,2026-06-29,3362.56,TRY,refund
6520,252,14,2025-04-30,6733.69,TRY,transfer
6521,772,98,2026-06-17,5487.45,TRY,refund
6522,171,47,2025-12-25,6742.34,TRY,purchase
6523,543,1,2025-11-28,1748.12,TRY,refund
6524,421,98,2025-11-06,6794.95,TRY,refund
6525,342,4,2026-05-07,3908.77,TRY,refund
6526,564,68,2026-04-03,3819.61,TRY,purchase
6527,696,24,2025-02-13,1616.22,TRY,transfer
6528,974,17,2025-06-22,873.96,TRY,purchase
6529,940,62,2025-02-05,6315.71,TRY,purchase
6530,637,92,2025-11-30,3930.07,TRY,refund
6531,945,27,2026-08-30,5434.29,TRY,transfer
6532,135,70,2026-04-29,3969.7,TRY,refund
6533,164,67,2026-05-24,1436.82,TRY,transfer
6534,79,33,2025-06-11,5642.85,TRY,transfer
6535,371,53,2025-06-27,4042.42,TRY,purchase
6536,486,86,2026-08-15,2758.27,TRY,refund
6537,118,55,2025-01-09,1656.49,TRY,purchase
6538,555,72,2026-06-03,66.27,TRY,purchase
6539,20,42,2025-03-22,4917.06,TRY,purchase
6540,540,63,2025-11-16,2382.56,TRY,purchase
6541,154,3,2025-05-31,4774.12,TRY,transfer
6542,721,84,2025-01-04,594.24,TRY,refund
6543,370,39,2026-01-11,6630.87,TRY,purchase
6544,408,36,2026-06-27,3498.06,TRY,purchase
6545,675,90,2025-03-11,407.76,TRY,refund
6546,416,54,2025-05-15,6123.63,TRY,refund
6547,666,95,2025-01-19,5463.83,TRY,refund
6548,176,52,2026-08-08,3142.27,TRY,refund
6549,175,7,2025-08-24,6076.69,TRY,refund
6550,57,62,2026-07-02,6361.66,TRY,refund
6551,300,95,2026-07-10,6525.39,TRY,purchase
6552,207,2,2026-08-10,6773.82,TRY,transfer
6553,976,64,2025-05-26,6316.57,TRY,transfer
6554,569,28,2026-02-12,3753.66,TRY,transfer
6555,11,55,2025-02-20,5573.43,TRY,refund
6556,344,58,2026-09-01,1091.63,TRY,purchase
6557,411,63,2025-03-19,1889.88,TRY,transfer
6558,545,44,2026-05-28,4931.79,TRY,transfer
6559,650,59,2025-01-08,687.66,TRY,purchase
6560,740,14,2026-08-03,3037.35,TRY,transfer
6561,868,62,2025-05-16,213.41,TRY,purchase
6562,359,10,2026-08-09,932.26,TRY,purchase
6563,869,72,2025-06-08,3856.97,TRY,transfer
6564,362,17,2025-09-01,1603.38,TRY,purchase
6565,993,73,2026-04-06,5895.6,TRY,refund
6566,590,83,2025-07-22,5282.58,TRY,transfer
6567,349,65,2025-06-15,4161.86,TRY,purchase
6568,352,69,2026-01-16,6403.11,TRY,purchase
6569,80,55,2025-08-05,5618.46,TRY,transfer
6570,455,11,2025-10-17,4218.76,TRY,purchase
6571,926,60,2025-12-09,5816.82,TRY,refund
6572,310,90,2025-04-24,6964.53,TRY,refund
6573,937,24,2025-11-03,3937.79,TRY,refund
6574,847,31,2026-08-20,2896.08,TRY,refund
6575,134,45,2025-03-23,3629.58,TRY,transfer
6576,244,89,2025-03-13,1261.16,TRY,transfer
6577,589,61,2026-04-06,1664.73,TRY,transfer
6578,445,91,2026-04-18,3370.51,TRY,refund
6579,305,25,2025-11-10,1398.92,TRY,refund
6580,881,39,2026-04-19,3641.87,TRY,purchase
6581,619,49,2026-01-06,3346.34,TRY,refund
6582,926,52,2025-11-11,1575.15,TRY,transfer
6583,888,87,2025-02-14,5847.73,TRY,transfer
6584,938,74,2025-02-18,5345.04,TRY,purchase
6585,277,69,2025-01-20,4492.14,TRY,purchase
6586,301,61,2026-08-19,6051.73,TRY,purchase
6587,642,4,2025-02-21,3982.02,TRY,purchase
6588,616,9,2026-03-06,4899.03,TRY,refund
6589,234,62,2026-03-02,909.56,TRY,purchase
6590,416,49,2025-05-22,898.72,TRY,refund
6591,609,20,2025-02-03,1561.35,TRY,transfer
6592,237,7,2025-03-28,5030.47,TRY,refund
6593,946,81,2025-03-02,6388.35,TRY,transfer
6594,341,19,2026-04-23,1707.25,TRY,transfer
6595,117,97,2026-04-17,1306.74,TRY,purchase
6596,406,40,2025-03-09,1825.2,TRY,refund
6597,432,74,2025-01-14,6154.04,TRY,transfer
6598,68,67,2025-09-30,898.6,TRY,transfer
6599,817,29,2025-08-11,6852.66,TRY,transfer
6600,541,95,2025-10-07,3149.66,TRY,refund
6601,168,21,2026-08-13,3780.15,TRY,purchase
6602,855,98,2025-11-27,4322.87,TRY,transfer
6603,426,89,2026-05-08,5516.87,TRY,purchase
6604,362,32,2025-01-21,5531.71,TRY,purchase
6605,442,99,2025-06-17,5197.44,TRY,refund
6606,747,100,2025-08-30,2830.73,TRY,purchase
6607,44,93,2025-07-27,1019.88,TRY,transfer
6608,17,74,2025-02-08,4928.13,TRY,transfer
6609,57,56,2025-11-04,5900.14,TRY,refund
6610,70,83,2025-11-16,2121.72,TRY,refund
6611,516,63,2025-09-13,5897.4,TRY,transfer
6612,333,41,2025-09-24,4617.44,TRY,purchase
6613,732,37,2025-06-30,4496.26,TRY,purchase
6614,411,80,2026-05-20,4198.86,TRY,transfer
6615,723,96,2025-03-04,5148.26,TRY,refund
6616,974,47,2025-10-02,6623.7,TRY,purchase
6617,637,26,2025-11-10,6692.59,TRY,transfer
6618,589,52,2026-08-25,154.19,TRY,refund
6619,875,28,2026-08-28,6058.58,TRY,transfer
6620,356,23,2026-06-10,3292.29,TRY,transfer
6621,228,43,2026-04-13,1402.93,TRY,transfer
6622,101,29,2025-09-10,157.46,TRY,refund
6623,239,36,2025-12-15,1754.89,TRY,transfer
6624,214,7,2025-07-05,6900.61,TRY,refund
6625,318,13,2025-07-03,1084.64,TRY,refund
6626,956,33,2025-01-23,4442.12,TRY,transfer
6627,384,25,2026-04-15,1117.83,TRY,purchase
6628,236,45,2025-02-15,2282.89,TRY,purchase
6629,410,7,2025-05-09,1754.8,TRY,purchase
6630,335,13,2025-01-30,3422.57,TRY,purchase
6631,375,46,2025-11-29,3749.56,TRY,refund
6632,56,76,2025-10-01,4445.67,TRY,transfer
6633,54,35,2025-06-05,1083.14,TRY,transfer
6634,838,88,2025-11-03,6625.2,TRY,refund
6635,313,10,2025-03-22,4164.24,TRY,purchase
6636,381,48,2025-03-31,938.54,TRY,purchase
6637,523,5,2026-05-13,5399.45,TRY,purchase
6638,601,12,2025-09-13,5759.62,TRY,transfer
6639,998,45,2025-01-22,2458.09,TRY,transfer
6640,229,94,2025-11-14,4286.46,TRY,refund
6641,954,98,2025-03-12,4322.96,TRY,refund
6642,113,43,2026-05-25,6011.08,TRY,refund
6643,367,64,2025-05-05,6261.07,TRY,refund
6644,443,30,2025-06-27,6712.37,TRY,transfer
6645,666,17,2025-10-12,2878.87,TRY,purchase
6646,861,56,2025-05-04,5219.96,TRY,purchase
6647,866,10,2026-07-04,4606.79,TRY,transfer
6648,443,31,2025-11-20,937.33,TRY,purchase
6649,470,56,2025-03-16,2202.37,TRY,refund
6650,158,8,2025-11-18,4257.65,TRY,transfer
6651,395,65,2026-01-03,4680.16,TRY,refund
6652,610,58,2026-04-17,6143.31,TRY,refund
6653,195,88,2025-08-09,4855.26,TRY,refund
6654,25,65,2025-02-13,5221.24,TRY,transfer
6655,39,14,2025-02-15,568.96,TRY,refund
6656,784,97,2026-03-04,5134.48,TRY,purchase
6657,751,28,2025-06-02,3409.43,TRY,transfer
6658,538,65,2026-07-25,705.18,TRY,transfer
6659,213,5,2025-10-15,5598.76,TRY,refund
6660,673,15,2026-01-31,6569.13,TRY,transfer
6661,536,15,2026-02-22,6768.86,TRY,refund
6662,725,69,2025-12-27,638.39,TRY,transfer
6663,362,54,2025-02-16,6951.22,TRY,transfer
6664,37,85,2026-08-29,2685.03,TRY,refund
6665,777,72,2026-07-04,5315.47,TRY,refund
6666,491,23,2026-06-21,259.24,TRY,refund
6667,973,20,2026-05-15,1113.02,TRY,purchase
6668,742,82,2026-07-22,803.57,TRY,transfer
6669,967,38,2026-04-04,1097.28,TRY,purchase
6670,470,27,2025-12-27,2951.43,TRY,purchase
6671,478,67,2025-08-17,5095.52,TRY,transfer
6672,800,4,2026-07-01,1569.18,TRY,refund
6673,619,57,2026-06-17,5326.44,TRY,transfer
6674,644,73,2026-01-16,740.62,TRY,refund
6675,355,37,2026-07-16,1446.85,TRY,refund
6676,914,11,2025-09-24,2724.95,TRY,refund
6677,578,5,2026-03-22,2664.85,TRY,transfer
6678,741,54,2026-04-06,2620.57,TRY,transfer
6679,346,98,2026-05-19,6254.64,TRY,purchase
6680,436,39,2025-12-29,3029.13,TRY,refund
6681,685,78,2026-01-10,5750.77,TRY,purchase
6682,311,32,2025-04-02,3536.39,TRY,transfer
6683,672,57,2025-08-03,4128.23,TRY,purchase
6684,17,93,2025-02-03,960.22,TRY,transfer
6685,855,45,2026-03-15,2332.31,TRY,purchase
6686,246,99,2026-04-26,4930.47,TRY,refund
6687,814,31,2025-01-19,4745.51,TRY,purchase
6688,388,64,2026-07-25,3377.6,TRY,transfer
6689,802,21,2026-03-02,771.96,TRY,refund
6690,561,62,2025-06-07,108.05,TRY,purchase
6691,148,34,2025-02-28,986.7,TRY,refund
6692,979,38,2025-12-12,2262.32,TRY,transfer
6693,60,44,2025-10-30,4137.18,TRY,purchase
6694,520,96,2025-02-07,4667.34,TRY,transfer
6695,941,71,2025-08-02,3984.84,TRY,refund
6696,412,81,2026-04-15,1673.57,TRY,transfer
6697,490,18,2025-11-14,2655.0,TRY,refund
6698,220,2,2025-07-27,5592.37,TRY,refund
6699,255,68,2025-08-14,5411.68,TRY,purchase
6700,29,4,2026-08-18,574.69,TRY,purchase
6701,321,21,2025-11-11,4336.86,TRY,purchase
6702,19,63,2025-10-12,762.37,TRY,transfer
6703,580,83,2026-02-27,2212.36,TRY,refund
6704,424,97,2026-02-01,1085.18,TRY,transfer
6705,509,89,2025-07-19,2527.4,TRY,transfer
6706,621,49,2025-06-10,1034.0,TRY,purchase
6707,464,100,2025-12-02,4430.22,TRY,purchase
6708,5,22,2025-05-11,1763.69,TRY,purchase
6709,230,37,2025-02-09,2618.52,TRY,transfer
6710,480,58,2025-04-15,1307.48,TRY,purchase
6711,676,48,2026-06-16,3955.76,TRY,purchase
6712,846,34,2025-04-15,6462.73,TRY,transfer
6713,170,99,2026-06-04,6180.28,TRY,purchase
6714,345,9,2026-02-27,2829.78,TRY,purchase
6715,727,70,2025-04-28,5951.61,TRY,purchase
6716,594,17,2026-05-15,3699.89,TRY,refund
6717,790,36,2026-05-13,4451.5,TRY,purchase
6718,598,72,2026-01-26,5601.61,TRY,refund
6719,85,42,2025-05-24,3325.97,TRY,transfer
6720,331,71,2025-10-16,2133.17,TRY,purchase
6721,16,19,2025-06-13,5598.73,TRY,refund
6722,711,72,2025-06-02,1772.41,TRY,transfer
6723,857,51,2025-07-15,5074.82,TRY,purchase
6724,890,60,2025-08-29,3244.92,TRY,refund
6725,376,6,2025-08-20,6602.29,TRY,purchase
6726,936,69,2025-02-02,4874.24,TRY,refund
6727,696,49,2026-08-25,5688.97,TRY,refund
6728,807,16,2025-09-12,4693.36,TRY,refund
6729,7,50,2025-03-29,191.06,TRY,refund
6730,954,12,2026-05-29,3983.67,TRY,transfer
6731,128,14,2026-08-18,5633.58,TRY,transfer
6732,129,94,2025-11-19,5932.05,TRY,refund
6733,980,85,2025-05-27,6220.97,TRY,transfer
6734,498,53,2026-07-28,3874.44,TRY,purchase
6735,297,9,2025-02-16,1558.7,TRY,purchase
6736,288,12,2025-07-22,5294.22,TRY,transfer
6737,107,15,2026-07-30,4441.75,TRY,refund
6738,10,44,2025-03-29,4887.9,TRY,purchase
6739,161,41,2025-04-29,3125.64,TRY,transfer
6740,685,1,2025-11-14,2196.5,TRY,purchase
6741,515,47,2026-03-01,29.52,TRY,transfer
6742,282,7,2026-01-31,3183.58,TRY,refund
6743,677,65,2026-04-15,3695.44,TRY,purchase
6744,23,26,2025-04-18,1853.48,TRY,refund
6745,782,50,2025-10-06,2216.62,TRY,purchase
6746,970,98,2025-06-06,3214.92,TRY,transfer
6747,484,77,2025-10-03,5538.11,TRY,refund
6748,744,35,2025-01-28,1572.94,TRY,refund
6749,272,34,2026-08-18,4301.79,TRY,transfer
6750,461,1,2025-08-24,1743.59,TRY,purchase
6751,726,30,2026-02-07,5239.6,TRY,transfer
6752,296,12,2025-07-10,5714.43,TRY,refund
6753,987,39,2025-03-14,50.06,TRY,refund
6754,18,29,2025-06-21,2997.86,TRY,refund
6755,360,30,2025-03-08,4925.71,TRY,transfer
6756,47,45,2026-05-16,6479.71,TRY,refund
6757,248,12,2025-02-07,586.88,TRY,transfer
6758,618,52,2025-12-07,2081.35,TRY,purchase
6759,170,42,2025-08-20,2785.23,TRY,refund
6760,954,37,2025-01-22,448.8,TRY,refund
6761,298,67,2026-02-14,3257.88,TRY,refund
6762,898,72,2026-01-23,5428.78,TRY,transfer
6763,598,67,2026-08-29,1915.93,TRY,refund
6764,530,9,2026-04-24,104.58,TRY,transfer
6765,253,52,2025-04-20,196.97,TRY,purchase
6766,944,59,2026-04-25,47.42,TRY,purchase
6767,456,63,2025-08-16,4583.82,TRY,refund
6768,588,40,2025-07-22,5666.43,TRY,purchase
6769,455,68,2025-04-16,792.32,TRY,purchase
6770,453,14,2026-08-11,4930.32,TRY,refund
6771,853,7,2025-02-07,1960.66,TRY,purchase
6772,175,12,2025-10-02,2020.57,TRY,purchase
6773,968,46,2025-12-09,5947.47,TRY,refund
6774,459,36,2025-08-21,1641.89,TRY,transfer
6775,678,67,2025-11-07,4651.87,TRY,transfer
6776,417,90,2025-12-17,2630.7,TRY,purchase
6777,235,73,2025-04-22,3370.71,TRY,transfer
6778,28,28,2025-08-28,2534.15,TRY,purchase
6779,898,97,2025-02-26,2191.59,TRY,transfer
6780,817,75,2026-08-21,1277.18,TRY,transfer
6781,414,45,2025-08-08,5041.0,TRY,transfer
6782,115,95,2026-05-05,4540.21,TRY,refund
6783,242,14,2026-04-11,1530.86,TRY,transfer
6784,890,39,2026-03-14,4867.4,TRY,purchase
6785,280,65,2026-05-23,5029.25,TRY,purchase
6786,952,26,2026-07-28,5762.33,TRY,transfer
6787,386,43,2025-09-07,5852.44,TRY,purchase
6788,887,62,2026-02-02,3882.79,TRY,transfer
6789,95,34,2025-03-22,6937.41,TRY,purchase
6790,281,74,2025-07-25,5541.4,TRY,refund
6791,940,78,2026-02-04,3093.42,TRY,purchase
6792,441,1,2026-01-10,2559.59,TRY,transfer
6793,104,62,2025-08-23,5776.8,TRY,refund
6794,623,17,2025-05-02,6168.24,TRY,purchase
6795,398,18,2025-12-14,190.99,TRY,transfer
6796,831,76,2026-07-25,4294.24,TRY,refund
6797,769,34,2026-02-07,2129.77,TRY,purchase
6798,840,76,2026-07-02,4863.85,TRY,refund
6799,16,14,2025-10-31,4645.1,TRY,transfer
6800,662,42,2026-01-05,3412.26,TRY,purchase
6801,614,92,2025-09-01,1768.75,TRY,purchase
6802,487,90,2025-04-12,5075.6,TRY,refund
6803,408,96,2026-08-21,6754.85,TRY,refund
6804,330,17,2025-02-26,2318.28,TRY,transfer
6805,947,23,2026-02-03,6894.69,TRY,purchase
6806,50,86,2025-03-24,5490.73,TRY,purchase
6807,684,99,2025-02-26,600.49,TRY,refund
6808,435,10,2026-03-02,511.48,TRY,transfer
6809,471,25,2026-07-30,1820.3,TRY,refund
6810,992,99,2026-06-11,591.67,TRY,purchase
6811,876,30,2025-01-02,347.21,TRY,transfer
6812,570,66,2025-05-24,4592.94,TRY,purchase
6813,544,39,2026-01-20,5828.81,TRY,transfer
6814,53,98,2026-07-29,5971.83,TRY,refund
6815,131,26,2025-08-12,533.56,TRY,refund
6816,682,34,2026-06-26,891.59,TRY,transfer
6817,911,60,2025-09-08,4404.34,TRY,refund
6818,877,47,2025-11-21,5077.98,TRY,purchase
6819,621,18,2025-05-10,6915.02,TRY,transfer
6820,561,18,2025-05-24,166.52,TRY,purchase
6821,769,11,2026-06-23,5096.1,TRY,refund
6822,842,37,2025-05-05,3375.23,TRY,purchase
6823,654,81,2025-08-17,5802.72,TRY,purchase
6824,195,53,2025-09-26,5356.75,TRY,transfer
6825,643,56,2025-09-02,2976.45,TRY,purchase
6826,325,81,2026-08-29,481.5,TRY,refund
6827,445,36,2025-01-16,5859.48,TRY,purchase
6828,231,74,2025-03-11,4996.86,TRY,transfer
6829,234,85,2025-07-03,6843.03,TRY,purchase
6830,808,69,2025-06-02,6200.87,TRY,transfer
6831,825,52,2026-04-11,6382.34,TRY,purchase
6832,390,78,2025-09-04,3238.45,TRY,refund
6833,620,80,2026-08-05,2259.73,TRY,purchase
6834,959,24,2025-11-17,1311.36,TRY,transfer
6835,425,98,2025-09-21,1821.8,TRY,transfer
6836,533,36,2025-09-12,5614.02,TRY,transfer
6837,645,55,2026-07-10,3056.34,TRY,purchase
6838,894,15,2025-03-18,2177.59,TRY,purchase
6839,227,6,2026-03-13,1817.38,TRY,transfer
6840,725,67,2025-01-26,2256.91,TRY,refund
6841,491,11,2025-12-08,2234.5,TRY,refund
6842,609,87,2025-02-27,5401.05,TRY,refund
6843,716,22,2026-05-09,3723.91,TRY,transfer
6844,54,22,2025-12-31,4048.35,TRY,transfer
6845,156,3,2025-09-30,6682.62,TRY,purchase
6846,480,22,2025-04-30,2898.95,TRY,transfer
6847,990,51,2026-02-09,5079.42,TRY,purchase
6848,150,25,2025-11-28,3570.87,TRY,purchase
6849,549,1,2025-06-29,4364.97,TRY,refund
6850,674,80,2026-08-27,3983.06,TRY,refund
6851,480,99,2025-08-21,5055.96,TRY,transfer
6852,201,78,2026-01-03,6837.69,TRY,transfer
6853,324,98,2025-12-21,490.79,TRY,transfer
6854,836,19,2025-09-18,5044.29,TRY,refund
6855,699,11,2025-03-17,469.45,TRY,transfer
6856,222,51,2026-04-12,102.71,TRY,transfer
6857,541,55,2025-06-01,6729.88,TRY,refund
6858,981,84,2026-04-20,6042.66,TRY,purchase
6859,106,21,2026-01-09,6637.56,TRY,refund
6860,748,21,2025-07-30,1471.8,TRY,purchase
6861,557,6,2026-01-06,2797.5,TRY,purchase
6862,33,96,2026-06-05,4901.99,TRY,transfer
6863,988,22,2025-09-16,6959.7,TRY,transfer
6864,143,66,2026-04-23,1577.74,TRY,purchase
6865,819,15,2025-02-10,6218.07,TRY,transfer
6866,734,67,2026-06-22,1435.01,TRY,purchase
6867,652,57,2025-08-24,5019.56,TRY,refund
6868,781,38,2026-07-12,2455.57,TRY,purchase
6869,3,61,2025-05-17,65.95,TRY,transfer
6870,460,3,2026-07-18,2078.59,TRY,transfer
6871,482,33,2025-03-13,3069.24,TRY,transfer
6872,165,63,2026-03-17,5338.99,TRY,purchase
6873,645,51,2025-12-01,482.23,TRY,transfer
6874,749,94,2025-12-02,2487.31,TRY,purchase
6875,701,91,2025-01-20,147.88,TRY,refund
6876,907,11,2025-02-03,3602.61,TRY,transfer
6877,311,89,2026-07-05,5384.71,TRY,transfer
6878,132,17,2026-03-16,6142.25,TRY,purchase
6879,707,7,2025-01-14,1484.43,TRY,purchase
6880,463,18,2025-05-13,1699.58,TRY,purchase
6881,158,96,2026-06-26,1631.78,TRY,transfer
6882,927,25,2025-10-06,4785.96,TRY,transfer
6883,282,26,2026-04-13,2329.64,TRY,purchase
6884,589,15,2026-03-22,5377.29,TRY,purchase
6885,870,72,2025-01-31,6053.99,TRY,purchase
6886,893,54,2026-02-10,1563.37,TRY,refund
6887,861,55,2026-01-30,5856.32,TRY,refund
6888,745,87,2025-11-09,84.56,TRY,purchase
6889,879,1,2025-09-18,2629.24,TRY,refund
6890,66,3,2026-02-03,715.14,TRY,refund
6891,271,75,2026-04-21,49.9,TRY,transfer
6892,560,37,2025-10-25,5525.68,TRY,refund
6893,566,4,2025-04-13,2317.8,TRY,transfer
6894,98,63,2026-02-21,2109.28,TRY,transfer
6895,969,53,2025-06-24,3619.76,TRY,transfer
6896,133,38,2025-04-09,850.73,TRY,purchase
6897,326,3,2026-02-22,4314.61,TRY,transfer
6898,426,13,2025-07-19,872.74,TRY,purchase
6899,726,43,2026-01-17,1135.38,TRY,purchase
6900,714,21,2025-05-17,4631.4,TRY,transfer
6901,958,7,2025-11-29,3532.44,TRY,transfer
6902,198,59,2026-04-01,4459.01,TRY,purchase
6903,359,35,2025-02-28,6683.44,TRY,transfer
6904,314,64,2026-02-19,1237.01,TRY,refund
6905,765,87,2025-07-23,4178.78,TRY,purchase
6906,791,14,2025-03-31,828.36,TRY,refund
6907,795,21,2025-11-29,2249.0,TRY,transfer
6908,446,24,2026-04-20,3128.34,TRY,transfer
6909,566,69,2025-07-01,2825.02,TRY,purchase
6910,85,57,2025-10-10,3730.04,TRY,purchase
6911,993,31,2025-01-21,1798.0,TRY,refund
6912,822,69,2026-06-04,68.81,TRY,transfer
6913,483,16,2026-07-11,3033.73,TRY,refund
6914,847,17,2025-07-02,4271.88,TRY,purchase
6915,377,90,2025-12-03,6718.18,TRY,refund
6916,677,94,2026-01-09,4181.88,TRY,purchase
6917,47,42,2025-12-28,3953.45,TRY,refund
6918,329,57,2026-05-23,4205.1,TRY,purchase
6919,110,88,2025-07-12,5501.08,TRY,transfer
6920,817,71,2025-08-17,147.88,TRY,refund
6921,777,43,2026-04-24,2893.51,TRY,purchase
6922,453,33,2025-11-29,5374.04,TRY,transfer
6923,107,12,2026-02-03,23.93,TRY,transfer
6924,914,46,2026-06-28,4001.67,TRY,purchase
6925,818,97,2025-04-22,6149.8,TRY,transfer
6926,951,22,2025-07-05,831.67,TRY,purchase
6927,207,49,2026-06-19,4173.89,TRY,refund
6928,63,1,2026-06-11,1386.39,TRY,refund
6929,444,88,2025-03-14,926.73,TRY,transfer
6930,651,74,2026-06-13,4115.25,TRY,transfer
6931,233,1,2026-05-23,1979.73,TRY,purchase
6932,759,15,2025-09-10,5119.05,TRY,transfer
6933,619,97,2026-05-06,4049.67,TRY,transfer
6934,130,60,2025-04-18,4441.14,TRY,refund
6935,713,51,2025-02-19,6388.31,TRY,purchase
6936,217,67,2026-05-13,5242.21,TRY,transfer
6937,693,46,2025-05-30,3603.28,TRY,transfer
6938,659,72,2026-06-09,2788.02,TRY,transfer
6939,108,70,2025-09-22,5436.08,TRY,transfer
6940,479,51,2025-09-06,377.02,TRY,transfer
6941,9,83,2025-01-05,3302.44,TRY,refund
6942,602,37,2026-08-20,6861.92,TRY,transfer
6943,670,39,2025-10-11,2202.18,TRY,transfer
6944,923,83,2025-09-16,6089.45,TRY,refund
6945,284,15,2025-02-14,3174.26,TRY,transfer
6946,928,22,2026-03-13,965.36,TRY,transfer
6947,790,44,2025-10-19,4586.26,TRY,refund
6948,788,58,2025-12-30,6954.73,TRY,purchase
6949,706,51,2025-02-01,6558.05,TRY,transfer
6950,266,32,2025-12-16,4066.58,TRY,transfer
6951,215,79,2026-06-13,2319.14,TRY,transfer
6952,653,91,2026-08-05,5190.59,TRY,refund
6953,832,78,2026-08-10,6763.56,TRY,refund
6954,519,41,2026-04-07,3561.53,TRY,purchase
6955,945,87,2026-05-24,2322.46,TRY,transfer
6956,817,71,2025-03-15,2661.35,TRY,transfer
6957,317,28,2025-11-10,4746.79,TRY,refund
6958,862,89,2025-08-04,416.39,TRY,refund
6959,668,86,2025-04-11,5648.46,TRY,refund
6960,477,50,2025-04-07,6163.53,TRY,transfer
6961,653,25,2025-11-20,4609.97,TRY,transfer
6962,642,1,2026-05-19,3564.87,TRY,purchase
6963,398,75,2025-06-10,1057.31,TRY,purchase
6964,733,92,2026-05-29,2264.4,TRY,purchase
6965,242,25,2026-02-23,4079.87,TRY,transfer
6966,349,17,2026-07-22,2344.55,TRY,purchase
6967,746,24,2025-08-18,627.25,TRY,purchase
6968,953,88,2026-02-07,2219.13,TRY,purchase
6969,470,31,2025-11-18,4866.6,TRY,transfer
6970,339,16,2025-10-19,4369.02,TRY,purchase
6971,269,77,2025-02-24,1334.85,TRY,purchase
6972,252,35,2026-05-09,3421.35,TRY,refund
6973,435,79,2025-12-04,6205.88,TRY,transfer
6974,249,91,2026-01-01,2211.46,TRY,refund
6975,712,58,2025-02-12,6394.46,TRY,purchase
6976,38,6,2026-02-25,812.55,TRY,refund
6977,76,25,2026-03-05,6821.14,TRY,refund
6978,960,47,2026-08-01,1933.18,TRY,refund
6979,819,51,2025-04-24,5366.48,TRY,purchase
6980,565,73,2025-09-13,6491.66,TRY,transfer
6981,96,82,2025-06-01,3353.71,TRY,transfer
6982,774,2,2026-03-05,2288.0,TRY,refund
6983,753,52,2025-04-16,6344.76,TRY,purchase
6984,891,20,2026-07-09,4550.77,TRY,transfer
6985,728,81,2025-01-28,2565.45,TRY,refund
6986,291,54,2026-07-25,4870.92,TRY,purchase
6987,688,1,2025-09-20,2609.43,TRY,refund
6988,831,44,2026-08-18,2344.11,TRY,purchase
6989,993,53,2025-08-06,4945.74,TRY,refund
6990,7,64,2026-05-26,3421.27,TRY,transfer
6991,621,87,2025-11-16,6462.06,TRY,purchase
6992,238,83,2025-05-21,3427.35,TRY,purchase
6993,591,93,2025-03-05,1854.71,TRY,refund
6994,37,4,2026-06-17,1262.04,TRY,transfer
6995,845,32,2026-02-14,3967.64,TRY,transfer
6996,677,19,2026-03-11,6230.75,TRY,transfer
6997,18,24,2025-07-08,1064.67,TRY,transfer
6998,455,48,2025-12-12,4742.21,TRY,refund
6999,107,59,2025-02-08,3033.03,TRY,refund
7000,25,93,2025-03-10,6694.18,TRY,transfer
7001,111,23,2025-02-09,409.6,TRY,transfer
7002,869,27,2025-09-16,2179.18,TRY,purchase
7003,469,56,2026-05-03,6260.45,TRY,purchase
7004,392,24,2025-03-17,3867.61,TRY,purchase
7005,703,31,2025-08-25,4125.4,TRY,transfer
7006,876,10,2025-06-11,4054.38,TRY,refund
7007,802,84,2025-05-31,805.07,TRY,refund
7008,230,4,2026-05-07,613.58,TRY,purchase
7009,942,54,2025-02-13,6063.93,TRY,transfer
7010,129,19,2026-06-08,1647.55,TRY,refund
7011,456,96,2025-10-14,1289.18,TRY,purchase
7012,324,37,2026-07-28,2282.57,TRY,transfer
7013,555,69,2026-04-01,5529.22,TRY,transfer
7014,956,19,2025-03-05,2813.6,TRY,purchase
7015,163,89,2026-06-15,5817.55,TRY,transfer
7016,761,4,2025-03-23,6866.34,TRY,purchase
7017,432,74,2026-07-21,390.05,TRY,refund
7018,265,54,2026-03-06,2572.41,TRY,transfer
7019,332,18,2025-10-05,3447.67,TRY,purchase
7020,865,73,2026-03-03,5732.95,TRY,purchase
7021,663,55,2025-09-29,3090.93,TRY,transfer
7022,643,33,2025-12-17,1254.65,TRY,refund
7023,223,58,2026-07-18,3271.12,TRY,refund
7024,481,64,2026-07-15,6344.86,TRY,refund
7025,15,57,2025-01-04,5677.04,TRY,transfer
7026,621,35,2026-03-03,2240.2,TRY,refund
7027,470,100,2025-02-24,6958.17,TRY,purchase
7028,146,79,2026-06-11,3510.86,TRY,refund
7029,977,20,2026-07-13,2158.08,TRY,refund
7030,535,8,2025-05-20,3598.29,TRY,purchase
7031,916,52,2025-03-14,4957.96,TRY,refund
7032,264,16,2026-03-25,207.38,TRY,refund
7033,201,64,2025-03-18,4525.41,TRY,refund
7034,35,43,2026-02-01,5105.88,TRY,refund
7035,556,66,2025-01-11,5568.39,TRY,purchase
7036,707,83,2026-02-16,2658.43,TRY,refund
7037,993,74,2026-01-12,4459.12,TRY,purchase
7038,478,75,2026-06-21,1352.54,TRY,purchase
7039,902,23,2025-09-26,952.08,TRY,transfer
7040,370,31,2026-01-18,4712.31,TRY,refund
7041,86,52,2025-01-19,611.49,TRY,transfer
7042,88,79,2026-07-24,4772.78,TRY,transfer
7043,21,67,2026-03-27,39.29,TRY,transfer
7044,122,61,2025-01-02,4851.13,TRY,transfer
7045,702,52,2026-05-13,6108.11,TRY,purchase
7046,376,22,2025-02-10,3367.18,TRY,transfer
7047,106,93,2025-02-26,3309.64,TRY,refund
7048,60,37,2025-08-20,1590.05,TRY,transfer
7049,593,48,2026-03-30,4187.78,TRY,refund
7050,717,20,2025-10-28,2897.74,TRY,transfer
7051,55,42,2025-03-10,659.3,TRY,transfer
7052,948,1,2025-02-22,4740.47,TRY,purchase
7053,835,14,2026-05-24,3895.77,TRY,refund
7054,29,93,2025-06-30,102.51,TRY,purchase
7055,153,45,2025-10-23,3966.12,TRY,purchase
7056,703,98,2025-08-24,4929.24,TRY,transfer
7057,180,5,2025-03-25,103.45,TRY,transfer
7058,177,80,2026-04-27,2564.03,TRY,transfer
7059,810,78,2026-04-30,1897.83,TRY,refund
7060,691,89,2025-12-08,4487.23,TRY,transfer
7061,433,42,2026-04-08,5242.2,TRY,refund
7062,852,98,2025-06-21,2438.91,TRY,refund
7063,680,87,2025-09-22,4689.26,TRY,purchase
7064,58,37,2025-03-27,2843.16,TRY,purchase
7065,358,100,2025-08-05,3096.84,TRY,purchase
7066,964,88,2026-01-11,668.55,TRY,purchase
7067,245,59,2025-08-24,6081.42,TRY,refund
7068,816,97,2026-02-09,5196.08,TRY,transfer
7069,623,58,2026-01-24,3744.34,TRY,transfer
7070,693,49,2025-01-05,5865.63,TRY,refund
7071,352,64,2025-04-01,5662.17,TRY,refund
7072,309,77,2025-02-17,5603.57,TRY,transfer
7073,306,79,2026-02-05,3623.15,TRY,purchase
7074,282,35,2026-08-26,4293.68,TRY,transfer
7075,60,28,2025-12-12,3533.14,TRY,purchase
7076,291,95,2025-02-16,4723.41,TRY,refund
7077,262,34,2025-12-05,207.13,TRY,transfer
7078,592,72,2026-03-24,1479.52,TRY,refund
7079,383,98,2025-09-07,2235.02,TRY,refund
7080,755,76,2025-04-22,698.26,TRY,purchase
7081,93,89,2025-02-28,6379.09,TRY,transfer
7082,381,89,2025-03-14,6735.88,TRY,refund
7083,421,87,2026-03-11,6281.53,TRY,transfer
7084,568,86,2025-11-26,4183.25,TRY,purchase
7085,79,32,2026-01-01,5790.73,TRY,refund
7086,121,65,2025-08-03,385.16,TRY,transfer
7087,465,93,2025-07-23,4562.82,TRY,transfer
7088,960,69,2025-01-09,6145.54,TRY,purchase
7089,906,20,2025-06-01,4603.35,TRY,refund
7090,272,20,2025-12-21,4321.07,TRY,refund
7091,679,18,2025-01-09,2357.93,TRY,refund
7092,304,70,2025-06-17,5762.0,TRY,transfer
7093,891,62,2026-07-16,6053.95,TRY,transfer
7094,625,19,2025-03-07,5979.98,TRY,refund
7095,482,88,2025-09-19,4269.77,TRY,transfer
7096,287,58,2025-11-09,2718.44,TRY,refund
7097,179,75,2025-09-11,6549.62,TRY,purchase
7098,494,93,2026-07-15,6433.58,TRY,transfer
7099,486,24,2025-03-24,1850.51,TRY,purchase
7100,470,24,2026-05-27,2364.92,TRY,purchase
7101,829,35,2025-12-19,5608.26,TRY,transfer
7102,853,24,2026-03-10,3133.18,TRY,refund
7103,635,65,2026-06-15,4550.39,TRY,refund
7104,604,70,2026-06-22,3237.95,TRY,refund
7105,339,38,2025-10-13,2319.14,TRY,refund
7106,905,58,2025-10-29,6766.0,TRY,purchase
7107,285,1,2025-04-29,6428.11,TRY,purchase
7108,740,75,2025-08-07,2923.32,TRY,purchase
7109,708,43,2026-03-22,1290.33,TRY,refund
7110,341,85,2025-03-07,6915.34,TRY,transfer
7111,214,33,2026-01-21,6272.77,TRY,transfer
7112,618,4,2025-04-24,1089.27,TRY,refund
7113,862,68,2025-10-21,5517.63,TRY,refund
7114,619,32,2026-03-09,5036.99,TRY,transfer
7115,358,53,2025-05-02,6449.43,TRY,purchase
7116,369,53,2026-07-22,5627.16,TRY,purchase
7117,723,17,2025-09-03,6077.32,TRY,purchase
7118,990,60,2025-01-29,4607.47,TRY,refund
7119,629,33,2026-06-15,231.19,TRY,refund
7120,992,30,2025-04-15,2663.8,TRY,purchase
7121,724,17,2026-04-06,4456.95,TRY,refund
7122,248,32,2025-02-24,1508.0,TRY,refund
7123,984,87,2025-06-30,5662.82,TRY,transfer
7124,733,97,2026-05-19,490.49,TRY,refund
7125,651,84,2025-06-15,2004.2,TRY,refund
7126,894,46,2026-03-05,1332.61,TRY,purchase
7127,819,14,2025-05-14,4386.29,TRY,purchase
7128,557,90,2025-01-15,3450.97,TRY,purchase
7129,571,63,2026-07-07,5312.91,TRY,purchase
7130,928,51,2026-03-03,561.47,TRY,transfer
7131,904,39,2025-12-22,4365.63,TRY,transfer
7132,340,66,2026-02-15,2649.43,TRY,refund
7133,444,42,2025-10-31,577.74,TRY,purchase
7134,170,81,2026-07-19,4771.02,TRY,purchase
7135,347,18,2025-03-19,6568.23,TRY,transfer
7136,536,91,2026-07-08,2680.96,TRY,transfer
7137,43,41,2025-10-07,2742.99,TRY,transfer
7138,621,68,2025-11-14,1245.71,TRY,transfer
7139,912,21,2026-06-30,6931.24,TRY,refund
7140,905,5,2025-12-03,1095.73,TRY,purchase
7141,82,86,2025-08-14,5881.35,TRY,purchase
7142,835,79,2026-07-08,3897.3,TRY,refund
7143,94,94,2025-06-21,1483.07,TRY,purchase
7144,940,3,2025-08-01,6074.88,TRY,refund
7145,536,56,2025-10-28,904.9,TRY,refund
7146,952,96,2026-05-08,3825.08,TRY,purchase
7147,438,70,2025-12-13,1319.35,TRY,purchase
7148,542,60,2026-01-23,6871.27,TRY,transfer
7149,250,20,2025-01-07,3550.62,TRY,refund
7150,460,72,2025-08-20,5821.51,TRY,refund
7151,994,11,2025-01-08,2858.77,TRY,transfer
7152,550,30,2025-08-16,1876.4,TRY,transfer
7153,356,97,2026-01-13,3372.76,TRY,refund
7154,913,55,2025-06-27,1366.29,TRY,transfer
7155,133,58,2026-05-27,4517.33,TRY,purchase
7156,58,33,2025-12-05,1506.5,TRY,transfer
7157,366,91,2026-08-22,3299.32,TRY,purchase
7158,965,17,2026-04-19,1559.97,TRY,transfer
7159,686,17,2025-06-24,3864.24,TRY,refund
7160,945,3,2025-11-16,4970.12,TRY,refund
7161,43,98,2025-06-06,2330.85,TRY,refund
7162,298,53,2026-06-18,4233.35,TRY,transfer
7163,701,29,2026-08-16,5574.43,TRY,refund
7164,665,5,2025-10-28,747.74,TRY,refund
7165,489,72,2026-07-05,5979.59,TRY,purchase
7166,369,75,2026-03-08,4470.67,TRY,refund
7167,410,83,2026-04-17,1645.27,TRY,refund
7168,862,44,2026-01-25,4268.88,TRY,refund
7169,988,36,2026-06-12,4705.0,TRY,refund
7170,765,86,2026-03-18,3506.24,TRY,purchase
7171,213,24,2025-07-02,4372.73,TRY,purchase
7172,988,89,2025-06-16,1998.3,TRY,transfer
7173,339,46,2026-07-02,3267.41,TRY,transfer
7174,449,4,2025-01-11,4621.46,TRY,refund
7175,913,21,2025-09-02,4748.18,TRY,refund
7176,963,41,2026-08-20,5885.33,TRY,transfer
7177,863,36,2025-06-13,2963.79,TRY,purchase
7178,500,53,2025-01-25,4460.54,TRY,transfer
7179,331,27,2025-03-02,614.3,TRY,transfer
7180,49,29,2025-09-08,4039.93,TRY,purchase
7181,711,16,2025-09-05,5054.96,TRY,transfer
7182,511,12,2026-01-20,1023.59,TRY,purchase
7183,254,46,2026-03-11,3857.07,TRY,purchase
7184,329,71,2025-03-19,286.57,TRY,transfer
7185,18,15,2026-01-10,5733.89,TRY,purchase
7186,469,36,2025-07-22,2296.02,TRY,refund
7187,22,17,2026-04-06,3447.2,TRY,transfer
7188,786,59,2025-03-14,6985.93,TRY,refund
7189,375,78,2026-03-18,4627.15,TRY,refund
7190,474,90,2026-08-19,4681.15,TRY,refund
7191,362,64,2025-12-15,3987.05,TRY,transfer
7192,584,48,2026-01-12,197.42,TRY,refund
7193,332,84,2025-09-03,4824.54,TRY,refund
7194,138,73,2025-03-26,3112.91,TRY,refund
7195,527,47,2025-10-21,6285.04,TRY,transfer
7196,230,80,2025-12-20,6595.58,TRY,transfer
7197,321,17,2026-01-11,1021.02,TRY,purchase
7198,966,59,2026-06-27,4523.76,TRY,transfer
7199,168,100,2025-03-18,2772.62,TRY,refund
7200,99,9,2025-07-09,665.87,TRY,refund
7201,504,38,2025-10-30,2251.29,TRY,purchase
7202,824,27,2025-02-11,5530.65,TRY,transfer
7203,139,61,2026-01-30,5359.94,TRY,refund
7204,475,26,2025-01-27,3599.98,TRY,transfer
7205,145,39,2025-02-28,1336.1,TRY,transfer
7206,372,88,2025-09-05,1222.67,TRY,purchase
7207,805,22,2025-10-19,6148.81,TRY,refund
7208,10,95,2025-06-27,4087.59,TRY,refund
7209,240,38,2025-01-23,4039.6,TRY,purchase
7210,181,92,2025-04-01,5762.73,TRY,purchase
7211,371,92,2025-06-18,2488.0,TRY,transfer
7212,325,75,2026-08-05,446.69,TRY,purchase
7213,290,62,2025-09-16,638.01,TRY,transfer
7214,243,20,2025-11-29,2131.36,TRY,purchase
7215,89,71,2026-09-01,626.98,TRY,purchase
7216,209,39,2025-08-27,1848.66,TRY,transfer
7217,728,47,2026-04-30,499.23,TRY,purchase
7218,616,99,2026-03-19,4849.49,TRY,refund
7219,438,70,2026-03-02,628.55,TRY,refund
7220,245,38,2025-05-12,829.5,TRY,purchase
7221,155,4,2025-06-19,4342.34,TRY,transfer
7222,725,27,2026-05-30,603.41,TRY,purchase
7223,41,12,2025-10-24,4152.6,TRY,refund
7224,574,5,2025-06-16,4334.12,TRY,transfer
7225,52,72,2026-07-13,4520.18,TRY,transfer
7226,72,75,2026-01-24,4748.44,TRY,refund
7227,829,47,2025-06-11,1334.03,TRY,transfer
7228,111,87,2026-08-13,6084.64,TRY,purchase
7229,526,20,2025-03-13,4701.49,TRY,purchase
7230,329,51,2026-07-30,5094.88,TRY,transfer
7231,212,13,2026-03-29,6714.52,TRY,purchase
7232,779,56,2026-02-13,3433.61,TRY,refund
7233,998,92,2025-03-12,6380.76,TRY,purchase
7234,12,84,2025-08-11,4841.66,TRY,transfer
7235,95,80,2025-04-28,6217.24,TRY,refund
7236,298,5,2025-11-25,5695.72,TRY,purchase
7237,115,31,2025-07-30,5476.42,TRY,purchase
7238,782,32,2025-10-06,6669.74,TRY,refund
7239,607,48,2026-03-17,214.16,TRY,refund
7240,79,33,2026-06-16,3333.75,TRY,refund
7241,354,8,2026-05-23,3187.4,TRY,transfer
7242,158,46,2026-04-16,1081.13,TRY,purchase
7243,846,49,2025-08-02,841.35,TRY,purchase
7244,856,26,2026-05-25,6718.57,TRY,transfer
7245,746,10,2025-04-06,4573.21,TRY,transfer
7246,763,99,2025-02-26,2221.89,TRY,transfer
7247,774,57,2025-02-01,6679.66,TRY,transfer
7248,627,49,2025-07-30,441.78,TRY,refund
7249,891,60,2025-01-24,115.38,TRY,transfer
7250,623,36,2026-02-17,6399.7,TRY,refund
7251,407,88,2025-09-09,6031.85,TRY,purchase
7252,785,32,2025-08-12,4836.35,TRY,purchase
7253,30,64,2025-04-21,5200.48,TRY,refund
7254,536,2,2025-01-28,4068.38,TRY,purchase
7255,281,84,2025-02-19,3924.84,TRY,purchase
7256,256,24,2025-08-10,2101.75,TRY,purchase
7257,819,97,2026-02-20,2376.76,TRY,transfer
7258,797,63,2025-10-28,2011.49,TRY,transfer
7259,555,89,2026-06-23,3873.37,TRY,transfer
7260,897,84,2025-06-25,1718.97,TRY,refund
7261,615,94,2025-01-06,5888.29,TRY,refund
7262,191,19,2026-06-22,5959.41,TRY,refund
7263,936,70,2025-05-25,4807.56,TRY,transfer
7264,969,44,2025-10-08,2505.37,TRY,purchase
7265,217,80,2025-04-28,6261.27,TRY,refund
7266,801,4,2025-08-08,6436.98,TRY,transfer
7267,883,22,2025-08-29,3009.99,TRY,transfer
7268,575,27,2026-07-15,4978.83,TRY,purchase
7269,406,73,2025-07-17,1034.68,TRY,purchase
7270,545,3,2025-02-03,1821.52,TRY,purchase
7271,422,33,2026-03-26,2561.36,TRY,refund
7272,424,54,2025-10-08,3630.48,TRY,transfer
7273,492,92,2025-09-30,705.89,TRY,purchase
7274,503,99,2025-04-01,929.28,TRY,refund
7275,234,14,2026-04-14,2343.76,TRY,purchase
7276,589,57,2026-05-08,2809.46,TRY,purchase
7277,267,46,2026-06-10,2127.33,TRY,transfer
7278,106,15,2025-10-03,1786.37,TRY,purchase
7279,379,57,2025-07-02,3817.47,TRY,transfer
7280,320,92,2025-08-08,4927.27,TRY,purchase
7281,75,54,2026-07-06,2680.84,TRY,purchase
7282,315,50,2025-02-01,6021.04,TRY,refund
7283,78,12,2026-06-13,4260.85,TRY,refund
7284,767,96,2025-01-23,5483.2,TRY,refund
7285,348,91,2025-10-04,2666.01,TRY,refund
7286,932,34,2025-06-29,5195.8,TRY,transfer
7287,994,32,2026-01-24,3555.77,TRY,refund
7288,948,100,2025-08-26,3508.83,TRY,purchase
7289,274,4,2025-07-23,2044.67,TRY,transfer
7290,280,81,2025-11-19,1980.05,TRY,refund
7291,868,73,2025-12-29,4728.48,TRY,refund
7292,30,2,2025-08-25,6947.48,TRY,purchase
7293,95,77,2026-02-28,4511.83,TRY,purchase
7294,156,64,2025-06-03,6696.1,TRY,transfer
7295,386,76,2026-04-28,6351.54,TRY,transfer
7296,129,89,2025-04-12,4568.4,TRY,transfer
7297,990,99,2026-04-01,5211.34,TRY,purchase
7298,400,68,2025-08-26,3754.85,TRY,transfer
7299,805,8,2026-08-18,2287.41,TRY,transfer
7300,647,58,2025-01-22,6859.29,TRY,transfer
7301,199,34,2025-01-31,5470.63,TRY,transfer
7302,588,11,2026-02-21,4787.12,TRY,refund
7303,34,70,2025-04-27,506.04,TRY,refund
7304,823,89,2025-09-23,5995.81,TRY,purchase
7305,247,36,2026-06-25,4405.99,TRY,transfer
7306,279,25,2026-05-01,5694.41,TRY,purchase
7307,16,89,2026-03-07,1225.59,TRY,refund
7308,951,74,2025-12-05,4993.45,TRY,transfer
7309,344,91,2025-05-08,2148.07,TRY,purchase
7310,609,46,2025-09-19,2009.89,TRY,transfer
7311,397,55,2026-08-13,2318.54,TRY,purchase
7312,856,11,2026-05-03,5901.13,TRY,transfer
7313,993,46,2026-03-22,930.41,TRY,refund
7314,173,65,2025-01-08,6771.26,TRY,purchase
7315,425,96,2025-03-10,4545.56,TRY,refund
7316,210,35,2025-11-10,3237.48,TRY,transfer
7317,802,37,2025-11-23,4103.83,TRY,purchase
7318,321,87,2025-05-01,5716.48,TRY,transfer
7319,218,71,2025-08-22,5766.72,TRY,refund
7320,286,94,2026-06-11,4250.16,TRY,transfer
7321,94,88,2025-02-17,390.09,TRY,refund
7322,14,60,2026-07-24,6762.37,TRY,purchase
7323,129,88,2025-10-18,4461.08,TRY,refund
7324,460,52,2025-03-18,5168.92,TRY,purchase
7325,42,35,2026-08-03,2126.11,TRY,refund
7326,93,90,2025-10-23,1232.64,TRY,transfer
7327,913,82,2025-09-09,2207.39,TRY,refund
7328,793,20,2026-07-09,1429.91,TRY,purchase
7329,495,22,2026-07-02,5671.55,TRY,transfer
7330,368,52,2026-05-19,4024.97,TRY,transfer
7331,128,85,2025-08-02,356.98,TRY,purchase
7332,425,42,2026-01-23,1931.95,TRY,refund
7333,974,92,2026-04-29,689.08,TRY,purchase
7334,350,67,2026-07-28,926.66,TRY,transfer
7335,747,9,2026-06-22,6059.83,TRY,refund
7336,983,5,2026-06-19,5536.96,TRY,refund
7337,75,93,2025-01-03,3423.74,TRY,transfer
7338,124,15,2026-03-03,852.44,TRY,refund
7339,956,52,2025-09-21,1796.96,TRY,transfer
7340,666,11,2025-04-16,6995.52,TRY,transfer
7341,247,8,2026-08-14,3213.19,TRY,refund
7342,177,94,2025-11-06,6114.68,TRY,refund
7343,218,94,2026-06-13,6422.38,TRY,transfer
7344,784,44,2025-07-09,1703.4,TRY,transfer
7345,686,62,2025-10-27,3925.78,TRY,transfer
7346,508,59,2025-01-05,414.41,TRY,transfer
7347,574,16,2025-05-31,2397.65,TRY,purchase
7348,343,13,2025-06-10,624.09,TRY,transfer
7349,745,99,2026-07-23,5801.62,TRY,transfer
7350,993,21,2025-06-19,2855.13,TRY,transfer
7351,995,75,2025-03-03,4309.24,TRY,transfer
7352,416,53,2025-01-20,1055.85,TRY,refund
7353,370,93,2025-07-28,3854.21,TRY,purchase
7354,849,74,2026-01-05,3226.43,TRY,refund
7355,315,52,2026-06-27,952.51,TRY,purchase
7356,787,92,2025-01-02,5807.18,TRY,purchase
7357,700,96,2026-04-29,87.19,TRY,transfer
7358,608,3,2026-04-03,345.57,TRY,purchase
7359,500,67,2025-03-04,3703.55,TRY,transfer
7360,770,94,2026-03-03,6434.96,TRY,transfer
7361,783,56,2026-08-17,1589.08,TRY,purchase
7362,511,97,2025-02-05,4003.06,TRY,transfer
7363,241,35,2026-06-01,1913.81,TRY,purchase
7364,689,89,2026-03-22,3452.12,TRY,refund
7365,554,57,2026-02-24,6538.41,TRY,purchase
7366,631,53,2025-12-22,433.67,TRY,refund
7367,818,37,2025-10-03,5688.28,TRY,refund
7368,325,57,2025-05-17,3000.95,TRY,refund
7369,370,87,2025-10-10,646.89,TRY,transfer
7370,523,21,2026-05-30,738.68,TRY,transfer
7371,278,64,2026-05-04,4050.22,TRY,purchase
7372,880,6,2025-07-18,2165.17,TRY,purchase
7373,773,20,2025-03-04,1317.6,TRY,purchase
7374,407,79,2025-08-20,427.27,TRY,purchase
7375,866,96,2026-02-03,4649.85,TRY,refund
7376,354,22,2026-01-16,6668.08,TRY,purchase
7377,248,2,2025-02-03,6993.68,TRY,refund
7378,772,100,2025-09-22,5433.41,TRY,purchase
7379,751,49,2025-08-21,2358.38,TRY,refund
7380,528,44,2025-05-31,4538.13,TRY,refund
7381,477,52,2026-05-06,2589.31,TRY,purchase
7382,351,91,2026-07-26,1416.74,TRY,transfer
7383,589,76,2025-01-26,451.7,TRY,refund
7384,861,27,2026-02-14,5068.84,TRY,refund
7385,615,27,2025-07-18,969.3,TRY,refund
7386,237,28,2025-09-22,924.04,TRY,transfer
7387,967,46,2026-02-14,1132.2,TRY,transfer
7388,237,60,2025-05-24,6268.56,TRY,purchase
7389,510,87,2025-06-30,1319.94,TRY,transfer
7390,213,14,2025-02-06,1646.88,TRY,purchase
7391,735,61,2025-02-24,68.2,TRY,transfer
7392,599,40,2025-05-26,4591.76,TRY,refund
7393,959,5,2025-07-29,5206.58,TRY,purchase
7394,274,26,2025-07-15,1647.89,TRY,purchase
7395,700,16,2026-07-05,6212.92,TRY,transfer
7396,216,69,2025-10-15,2582.6,TRY,transfer
7397,785,11,2025-05-11,2533.13,TRY,refund
7398,913,71,2025-01-13,1900.29,TRY,purchase
7399,451,13,2026-08-30,3675.88,TRY,transfer
7400,658,81,2026-01-16,5274.13,TRY,transfer
7401,694,15,2026-05-04,6647.35,TRY,transfer
7402,675,50,2026-07-08,135.61,TRY,transfer
7403,643,50,2025-10-30,2599.31,TRY,transfer
7404,366,40,2025-11-06,5100.79,TRY,transfer
7405,148,13,2026-01-12,3436.48,TRY,transfer
7406,553,29,2026-04-20,4352.65,TRY,purchase
7407,446,38,2025-01-31,2276.0,TRY,transfer
7408,149,81,2026-04-07,1403.57,TRY,transfer
7409,439,67,2026-06-27,2551.36,TRY,purchase
7410,270,93,2025-05-16,3692.69,TRY,transfer
7411,219,82,2026-08-09,285.35,TRY,transfer
7412,468,79,2026-04-25,6397.66,TRY,transfer
7413,689,67,2025-08-11,4750.48,TRY,purchase
7414,711,48,2025-01-24,1681.4,TRY,purchase
7415,609,66,2026-01-19,5307.78,TRY,transfer
7416,431,45,2026-01-07,5460.05,TRY,transfer
7417,702,94,2025-01-31,911.81,TRY,purchase
7418,406,56,2026-03-21,6141.12,TRY,transfer
7419,665,68,2026-02-19,4472.52,TRY,purchase
7420,413,83,2026-04-14,1577.61,TRY,refund
7421,507,54,2026-04-28,673.47,TRY,refund
7422,849,73,2026-08-14,4756.21,TRY,refund
7423,253,19,2026-07-27,4093.35,TRY,transfer
7424,631,12,2025-01-01,1633.15,TRY,refund
7425,190,40,2025-05-31,5998.48,TRY,refund
7426,173,20,2025-04-16,2290.28,TRY,transfer
7427,778,52,2025-09-05,6354.66,TRY,refund
7428,303,27,2026-08-10,4743.12,TRY,refund
7429,234,77,2025-09-21,4313.31,TRY,transfer
7430,296,1,2025-07-25,3903.19,TRY,refund
7431,329,96,2025-10-20,2915.01,TRY,refund
7432,798,85,2026-01-12,1404.74,TRY,refund
7433,60,66,2026-05-18,1536.06,TRY,purchase
7434,154,95,2025-04-04,129.59,TRY,purchase
7435,754,60,2025-07-28,2673.58,TRY,refund
7436,227,88,2025-06-21,2469.45,TRY,refund
7437,673,60,2025-07-29,5044.32,TRY,purchase
7438,175,94,2025-07-29,2009.87,TRY,transfer
7439,463,35,2026-08-01,1512.51,TRY,purchase
7440,437,86,2026-02-05,55.52,TRY,purchase
7441,595,16,2025-02-04,4230.39,TRY,refund
7442,562,67,2026-03-18,2786.39,TRY,transfer
7443,24,96,2026-03-29,1470.95,TRY,transfer
7444,158,53,2025-11-13,2143.36,TRY,refund
7445,793,99,2026-07-26,6208.25,TRY,transfer
7446,708,26,2026-04-26,3608.4,TRY,transfer
7447,372,81,2025-10-14,657.73,TRY,refund
7448,815,8,2025-01-24,4204.3,TRY,refund
7449,100,54,2025-10-27,6408.74,TRY,transfer
7450,673,85,2026-01-10,4476.73,TRY,transfer
7451,111,2,2025-10-20,2463.49,TRY,refund
7452,835,32,2025-10-06,2940.9,TRY,transfer
7453,856,39,2025-09-19,6400.88,TRY,purchase
7454,706,30,2026-07-07,3094.55,TRY,transfer
7455,904,8,2025-11-30,932.76,TRY,transfer
7456,31,85,2025-12-06,2735.16,TRY,refund
7457,941,12,2026-07-21,1355.85,TRY,transfer
7458,819,39,2026-04-06,3108.95,TRY,transfer
7459,542,97,2026-07-07,3527.15,TRY,refund
7460,281,32,2025-09-28,2496.23,TRY,transfer
7461,840,52,2026-06-05,2246.0,TRY,purchase
7462,516,6,2026-02-09,1121.04,TRY,refund
7463,60,20,2025-09-03,334.65,TRY,transfer
7464,661,76,2026-02-04,1977.32,TRY,transfer
7465,976,82,2025-06-19,1871.22,TRY,purchase
7466,306,100,2025-08-26,2521.12,TRY,transfer
7467,416,77,2025-12-04,1254.09,TRY,purchase
7468,192,14,2025-12-31,2734.35,TRY,purchase
7469,517,58,2025-03-07,55.66,TRY,transfer
7470,47,27,2025-12-05,6077.11,TRY,refund
7471,637,38,2026-01-26,3001.62,TRY,refund
7472,602,8,2025-08-06,3349.04,TRY,refund
7473,452,36,2026-04-16,3023.58,TRY,transfer
7474,126,85,2025-03-25,2993.68,TRY,purchase
7475,182,15,2025-12-13,329.07,TRY,purchase
7476,745,74,2026-02-19,4897.29,TRY,refund
7477,565,53,2026-05-30,4982.48,TRY,transfer
7478,72,82,2026-07-31,6322.53,TRY,purchase
7479,44,39,2025-05-06,2210.71,TRY,transfer
7480,227,28,2025-08-10,2622.19,TRY,transfer
7481,426,92,2026-02-15,28.86,TRY,purchase
7482,528,41,2025-11-20,5249.47,TRY,purchase
7483,172,76,2025-12-13,5502.12,TRY,refund
7484,198,67,2025-01-12,759.38,TRY,purchase
7485,71,24,2025-10-29,5678.31,TRY,refund
7486,97,70,2025-04-05,6380.32,TRY,transfer
7487,57,50,2025-04-03,4192.21,TRY,transfer
7488,582,99,2026-08-16,829.23,TRY,refund
7489,641,93,2026-01-18,272.55,TRY,refund
7490,345,16,2026-08-13,682.32,TRY,transfer
7491,831,76,2025-08-16,5836.53,TRY,transfer
7492,422,69,2026-03-25,588.76,TRY,refund
7493,815,85,2026-05-20,556.08,TRY,purchase
7494,550,2,2025-11-15,4280.03,TRY,purchase
7495,612,27,2025-06-16,5263.47,TRY,transfer
7496,929,92,2026-01-10,140.56,TRY,transfer
7497,104,77,2026-03-09,604.43,TRY,transfer
7498,226,27,2025-05-24,538.1,TRY,purchase
7499,287,74,2025-12-28,1159.09,TRY,purchase
7500,44,73,2025-09-29,308.61,TRY,purchase
7501,967,28,2026-05-05,6112.02,TRY,purchase
7502,959,61,2026-05-23,2555.24,TRY,transfer
7503,358,50,2025-06-08,5020.11,TRY,refund
7504,554,1,2026-02-02,2808.0,TRY,purchase
7505,708,24,2026-03-01,5527.17,TRY,transfer
7506,135,93,2025-02-03,4554.67,TRY,purchase
7507,398,76,2026-01-15,6603.48,TRY,refund
7508,326,63,2025-04-06,1192.77,TRY,purchase
7509,568,56,2025-02-19,5823.61,TRY,purchase
7510,556,11,2025-05-05,4677.23,TRY,purchase
7511,885,86,2025-08-24,6126.12,TRY,transfer
7512,865,78,2025-08-15,1385.76,TRY,purchase
7513,333,46,2026-08-21,6126.22,TRY,transfer
7514,788,64,2026-08-18,5050.09,TRY,purchase
7515,61,55,2025-06-04,1563.71,TRY,refund
7516,836,85,2025-12-16,4208.23,TRY,transfer
7517,674,89,2026-06-02,4913.77,TRY,purchase
7518,867,3,2026-08-20,4933.17,TRY,transfer
7519,111,74,2026-02-19,6024.04,TRY,purchase
7520,991,37,2026-01-03,235.27,TRY,purchase
7521,92,9,2025-05-25,5286.65,TRY,purchase
7522,812,55,2025-01-07,3641.69,TRY,refund
7523,805,36,2025-04-16,6591.14,TRY,transfer
7524,788,2,2025-09-17,1800.66,TRY,refund
7525,860,6,2026-07-09,4916.26,TRY,transfer
7526,626,64,2025-04-15,1811.45,TRY,transfer
7527,861,31,2025-10-07,2985.47,TRY,refund
7528,270,36,2026-08-03,6129.47,TRY,purchase
7529,840,52,2025-01-12,4142.55,TRY,transfer
7530,341,65,2025-02-05,2909.52,TRY,purchase
7531,709,59,2025-09-26,2396.55,TRY,refund
7532,609,72,2025-08-14,4796.11,TRY,transfer
7533,560,45,2026-08-09,4583.95,TRY,refund
7534,265,19,2025-10-08,565.65,TRY,purchase
7535,682,80,2025-01-17,2046.68,TRY,refund
7536,466,84,2026-03-30,6355.75,TRY,purchase
7537,324,25,2026-07-01,2027.83,TRY,refund
7538,771,50,2025-03-29,6149.4,TRY,refund
7539,200,6,2025-04-09,2747.41,TRY,refund
7540,508,18,2026-06-22,6863.26,TRY,refund
7541,127,61,2025-10-28,4712.63,TRY,refund
7542,912,67,2025-11-24,4085.5,TRY,purchase
7543,138,88,2026-02-01,923.75,TRY,refund
7544,981,50,2025-03-28,864.3,TRY,refund
7545,397,18,2026-07-08,2805.14,TRY,purchase
7546,787,25,2025-11-12,4185.41,TRY,purchase
7547,277,52,2026-07-16,4169.58,TRY,transfer
7548,805,87,2026-02-27,3392.16,TRY,purchase
7549,128,51,2026-01-14,2661.78,TRY,refund
7550,764,63,2025-10-30,332.74,TRY,purchase
7551,919,47,2026-05-25,6663.88,TRY,purchase
7552,89,92,2025-06-01,2269.58,TRY,refund
7553,184,26,2025-12-15,1076.57,TRY,transfer
7554,400,5,2025-01-01,3656.57,TRY,transfer
7555,858,67,2025-11-13,4209.42,TRY,purchase
7556,464,24,2025-04-21,2546.52,TRY,purchase
7557,348,99,2025-06-03,77.62,TRY,refund
7558,930,94,2025-08-22,2326.6,TRY,purchase
7559,193,93,2025-05-02,3614.95,TRY,refund
7560,941,53,2025-01-18,2319.12,TRY,transfer
7561,236,37,2025-06-02,1710.56,TRY,purchase
7562,744,92,2025-05-07,66.27,TRY,purchase
7563,905,19,2026-08-16,1910.65,TRY,refund
7564,911,96,2025-08-20,5084.25,TRY,refund
7565,931,90,2025-03-18,1981.64,TRY,purchase
7566,827,69,2026-05-13,3593.72,TRY,refund
7567,712,26,2026-04-22,6134.14,TRY,refund
7568,606,98,2026-07-12,1074.89,TRY,refund
7569,47,97,2025-06-02,694.75,TRY,purchase
7570,438,68,2025-05-31,1612.04,TRY,purchase
7571,504,80,2026-08-03,6061.15,TRY,transfer
7572,530,11,2026-05-30,781.16,TRY,purchase
7573,984,6,2026-08-04,2692.41,TRY,refund
7574,167,53,2025-12-19,6953.79,TRY,transfer
7575,791,79,2026-03-22,5679.16,TRY,transfer
7576,341,47,2026-06-01,3324.83,TRY,refund
7577,795,45,2025-05-11,2930.74,TRY,transfer
7578,308,65,2026-06-20,6653.44,TRY,purchase
7579,201,96,2026-05-21,5771.28,TRY,purchase
7580,323,40,2025-10-30,5240.01,TRY,purchase
7581,655,42,2025-07-27,2302.01,TRY,purchase
7582,921,60,2026-06-24,4763.35,TRY,purchase
7583,567,4,2025-12-06,341.52,TRY,purchase
7584,258,44,2026-01-10,1628.2,TRY,transfer
7585,540,24,2026-06-08,6736.04,TRY,purchase
7586,8,34,2026-03-28,2789.04,TRY,refund
7587,389,49,2025-02-15,3735.29,TRY,transfer
7588,560,64,2025-11-03,2260.25,TRY,transfer
7589,848,65,2026-04-03,571.63,TRY,transfer
7590,133,8,2026-04-29,2207.57,TRY,purchase
7591,701,28,2026-02-04,3897.01,TRY,transfer
7592,195,14,2026-01-16,5444.41,TRY,transfer
7593,140,51,2025-05-12,685.07,TRY,transfer
7594,36,62,2025-10-30,4988.87,TRY,purchase
7595,264,34,2025-08-14,46.47,TRY,purchase
7596,16,50,2025-03-25,1955.99,TRY,refund
7597,365,19,2026-08-29,5523.41,TRY,transfer
7598,392,40,2025-12-27,4960.63,TRY,refund
7599,278,27,2025-08-07,502.51,TRY,transfer
7600,871,62,2025-04-10,5679.2,TRY,transfer
7601,872,47,2025-08-21,1605.03,TRY,purchase
7602,909,36,2026-08-18,6531.2,TRY,purchase
7603,638,56,2026-04-24,218.86,TRY,purchase
7604,769,6,2025-07-30,5546.93,TRY,refund
7605,232,38,2025-11-05,4206.29,TRY,refund
7606,374,95,2026-07-10,4913.09,TRY,transfer
7607,735,53,2025-03-12,5140.96,TRY,transfer
7608,519,12,2026-05-03,3591.91,TRY,purchase
7609,971,91,2025-05-14,826.91,TRY,transfer
7610,605,20,2026-05-27,4256.89,TRY,purchase
7611,468,56,2025-08-13,3614.48,TRY,refund
7612,925,37,2026-08-21,6075.05,TRY,purchase
7613,220,16,2025-06-14,1188.31,TRY,purchase
7614,892,78,2025-11-26,1862.99,TRY,purchase
7615,952,57,2025-01-15,2043.07,TRY,purchase
7616,703,16,2025-11-16,5128.21,TRY,transfer
7617,899,68,2025-08-12,5586.94,TRY,transfer
7618,475,40,2026-04-16,3311.76,TRY,refund
7619,262,1,2026-04-16,145.63,TRY,refund
7620,395,53,2025-12-28,2827.47,TRY,purchase
7621,689,58,2026-01-22,6737.24,TRY,purchase
7622,166,71,2025-06-08,858.62,TRY,purchase
7623,807,88,2026-07-06,906.87,TRY,transfer
7624,849,28,2026-05-31,2919.06,TRY,transfer
7625,169,62,2026-07-23,5535.15,TRY,refund
7626,137,55,2025-09-25,4964.04,TRY,purchase
7627,614,27,2025-07-22,5956.4,TRY,refund
7628,740,100,2026-01-04,4514.05,TRY,refund
7629,584,22,2025-02-07,6302.93,TRY,refund
7630,676,51,2025-02-03,6214.36,TRY,transfer
7631,361,30,2025-04-07,1288.29,TRY,refund
7632,670,34,2025-07-30,6989.4,TRY,transfer
7633,831,94,2025-10-11,4056.38,TRY,transfer
7634,94,15,2026-06-18,4611.61,TRY,refund
7635,360,13,2025-06-07,6768.76,TRY,purchase
7636,122,4,2026-02-03,5250.54,TRY,refund
7637,571,88,2025-04-01,3327.4,TRY,transfer
7638,20,40,2026-07-27,4978.04,TRY,purchase
7639,809,49,2025-09-16,4388.92,TRY,transfer
7640,98,11,2026-02-25,5091.75,TRY,transfer
7641,359,47,2026-07-20,5649.3,TRY,transfer
7642,382,74,2025-09-22,1185.1,TRY,transfer
7643,253,64,2026-08-11,5287.84,TRY,purchase
7644,214,98,2026-02-24,1370.08,TRY,transfer
7645,404,44,2026-08-14,3485.88,TRY,refund
7646,410,60,2026-03-14,3647.27,TRY,refund
7647,500,47,2026-08-05,1483.01,TRY,transfer
7648,436,10,2025-08-02,5837.47,TRY,refund
7649,92,63,2025-09-21,6988.97,TRY,purchase
7650,599,45,2025-08-14,5425.52,TRY,transfer
7651,25,71,2026-07-12,5600.14,TRY,purchase
7652,443,63,2025-05-14,1360.08,TRY,transfer
7653,622,2,2026-05-17,5949.68,TRY,purchase
7654,373,4,2025-02-03,675.96,TRY,purchase
7655,230,79,2025-04-19,2353.5,TRY,transfer
7656,991,1,2025-11-12,1995.75,TRY,transfer
7657,204,53,2025-09-15,3505.75,TRY,purchase
7658,777,10,2025-09-25,6949.9,TRY,transfer
7659,14,12,2025-01-03,6050.77,TRY,transfer
7660,974,51,2025-04-10,5605.59,TRY,refund
7661,796,33,2026-04-17,4934.17,TRY,purchase
7662,320,81,2026-08-08,6690.93,TRY,refund
7663,928,62,2025-08-18,3721.6,TRY,purchase
7664,391,59,2026-08-10,2678.61,TRY,transfer
7665,237,50,2026-04-08,1286.92,TRY,purchase
7666,599,87,2026-02-08,844.84,TRY,purchase
7667,780,25,2026-04-15,1284.81,TRY,refund
7668,230,87,2025-06-27,418.8,TRY,transfer
7669,818,50,2026-08-05,3970.01,TRY,purchase
7670,918,35,2026-01-07,4350.74,TRY,refund
7671,107,86,2026-01-08,2546.15,TRY,transfer
7672,455,80,2025-07-20,1115.55,TRY,refund
7673,479,1,2025-05-02,827.11,TRY,refund
7674,316,87,2025-04-09,5838.09,TRY,refund
7675,693,64,2025-07-30,4384.95,TRY,purchase
7676,748,53,2025-01-05,5723.75,TRY,transfer
7677,435,66,2025-12-15,2855.98,TRY,transfer
7678,705,69,2026-07-18,2952.3,TRY,purchase
7679,36,97,2026-06-21,2414.3,TRY,transfer
7680,486,26,2025-12-22,3516.66,TRY,refund
7681,883,76,2025-10-28,5808.36,TRY,transfer
7682,938,25,2026-02-25,1931.17,TRY,refund
7683,53,22,2026-01-27,1421.34,TRY,refund
7684,406,64,2026-03-11,6197.45,TRY,refund
7685,609,51,2025-09-28,5152.76,TRY,transfer
7686,456,84,2026-02-01,2707.38,TRY,refund
7687,839,75,2025-09-29,6807.68,TRY,transfer
7688,81,45,2025-12-29,5896.88,TRY,transfer
7689,245,36,2026-03-30,6351.73,TRY,refund
7690,664,5,2025-05-13,1787.25,TRY,refund
7691,248,57,2026-05-23,1204.18,TRY,transfer
7692,6,72,2025-10-07,4761.0,TRY,transfer
7693,537,79,2026-02-12,2217.45,TRY,purchase
7694,658,80,2025-09-22,2342.71,TRY,purchase
7695,243,57,2025-12-24,1972.01,TRY,purchase
7696,792,62,2026-06-22,70.89,TRY,purchase
7697,545,28,2025-07-23,5111.19,TRY,refund
7698,948,52,2026-08-18,1335.65,TRY,transfer
7699,622,16,2025-09-11,2861.43,TRY,refund
7700,311,95,2026-06-22,319.44,TRY,refund
7701,831,100,2025-01-30,3333.54,TRY,refund
7702,215,8,2025-10-09,629.78,TRY,purchase
7703,740,50,2025-08-12,1253.21,TRY,transfer
7704,264,4,2025-11-18,741.45,TRY,transfer
7705,901,19,2026-02-22,2539.53,TRY,purchase
7706,891,69,2026-04-08,4428.85,TRY,refund
7707,211,26,2025-10-26,6473.19,TRY,refund
7708,288,83,2026-03-14,1880.02,TRY,refund
7709,885,56,2025-02-08,1748.53,TRY,purchase
7710,926,63,2025-07-21,5759.21,TRY,transfer
7711,635,61,2025-09-28,797.99,TRY,transfer
7712,151,7,2026-08-13,2000.07,TRY,purchase
7713,55,12,2025-01-22,1269.69,TRY,refund
7714,447,6,2026-05-10,5633.27,TRY,purchase
7715,699,77,2025-12-02,822.59,TRY,refund
7716,531,34,2026-08-30,6170.44,TRY,refund
7717,580,82,2026-04-26,1431.25,TRY,purchase
7718,242,3,2026-03-14,628.62,TRY,refund
7719,221,42,2026-04-03,6038.23,TRY,refund
7720,277,91,2026-04-30,3706.17,TRY,purchase
7721,876,44,2025-01-24,6621.94,TRY,refund
7722,685,97,2025-07-07,2881.06,TRY,purchase
7723,779,60,2025-01-30,5088.87,TRY,transfer
7724,482,43,2026-03-20,5298.4,TRY,purchase
7725,493,11,2026-07-09,4767.8,TRY,purchase
7726,965,21,2025-07-06,1689.3,TRY,transfer
7727,409,13,2025-08-12,3998.5,TRY,purchase
7728,193,63,2026-04-18,1789.8,TRY,transfer
7729,661,76,2026-06-18,6758.44,TRY,transfer
7730,105,90,2025-08-01,6366.4,TRY,purchase
7731,511,53,2026-05-28,3132.34,TRY,refund
7732,939,89,2026-06-02,5453.94,TRY,purchase
7733,502,75,2025-03-09,5314.29,TRY,transfer
7734,822,97,2026-02-19,5918.26,TRY,refund
7735,122,4,2026-03-14,1885.95,TRY,refund
7736,37,59,2026-06-25,1450.79,TRY,transfer
7737,698,83,2025-11-05,3100.74,TRY,transfer
7738,276,66,2025-07-20,5642.6,TRY,purchase
7739,261,67,2025-12-26,3247.83,TRY,refund
7740,953,43,2025-10-19,4836.9,TRY,purchase
7741,889,38,2025-09-26,4348.93,TRY,refund
7742,190,66,2025-03-01,4308.09,TRY,purchase
7743,121,58,2026-07-22,6086.56,TRY,transfer
7744,251,85,2026-02-04,5629.05,TRY,refund
7745,252,95,2025-03-26,3007.6,TRY,transfer
7746,532,42,2026-05-30,5803.83,TRY,refund
7747,274,6,2026-07-19,3942.54,TRY,transfer
7748,923,41,2026-08-25,1524.97,TRY,purchase
7749,191,81,2025-02-04,3238.95,TRY,refund
7750,447,1,2025-12-17,1098.52,TRY,transfer
7751,640,100,2025-02-25,886.9,TRY,refund
7752,163,27,2025-02-08,6294.55,TRY,transfer
7753,971,77,2026-02-16,2680.06,TRY,purchase
7754,22,77,2025-06-19,6373.58,TRY,refund
7755,871,52,2025-12-28,1867.87,TRY,purchase
7756,251,4,2026-03-27,4188.75,TRY,transfer
7757,121,46,2025-10-09,5639.56,TRY,purchase
7758,824,24,2026-04-20,1475.19,TRY,purchase
7759,27,16,2025-05-30,6067.35,TRY,transfer
7760,624,46,2025-08-09,672.06,TRY,refund
7761,5,3,2025-10-27,913.6,TRY,purchase
7762,681,69,2025-05-24,4904.49,TRY,transfer
7763,875,50,2026-06-14,901.68,TRY,purchase
7764,309,68,2025-05-08,5476.7,TRY,purchase
7765,581,31,2025-02-27,6368.61,TRY,refund
7766,305,68,2025-10-22,4967.54,TRY,purchase
7767,938,67,2026-01-03,3115.39,TRY,refund
7768,615,58,2025-07-29,4116.65,TRY,transfer
7769,964,96,2025-06-03,1910.85,TRY,transfer
7770,338,82,2025-12-02,1672.18,TRY,purchase
7771,384,11,2026-07-03,1114.56,TRY,purchase
7772,881,87,2025-07-12,5357.53,TRY,purchase
7773,448,36,2025-05-15,4116.43,TRY,purchase
7774,517,44,2025-07-09,6098.34,TRY,refund
7775,663,60,2026-03-05,5422.56,TRY,transfer
7776,678,93,2025-03-23,2369.07,TRY,refund
7777,606,6,2025-09-07,394.39,TRY,transfer
7778,127,74,2026-03-10,5100.96,TRY,transfer
7779,337,39,2025-09-26,5197.35,TRY,refund
7780,397,14,2025-12-13,123.95,TRY,transfer
7781,781,38,2026-06-09,3889.76,TRY,transfer
7782,758,15,2025-11-30,5164.92,TRY,transfer
7783,586,18,2025-09-19,2030.99,TRY,transfer
7784,298,6,2025-09-01,6423.8,TRY,purchase
7785,455,53,2026-01-05,2439.75,TRY,refund
7786,616,90,2025-08-04,2590.51,TRY,refund
7787,521,66,2025-03-21,6014.44,TRY,transfer
7788,775,92,2025-05-18,4655.05,TRY,refund
7789,450,100,2025-12-04,2114.18,TRY,refund
7790,643,64,2026-05-20,1915.14,TRY,transfer
7791,895,24,2026-01-14,2001.43,TRY,transfer
7792,121,17,2025-08-11,3609.91,TRY,purchase
7793,872,37,2026-08-24,5689.39,TRY,purchase
7794,495,77,2026-04-27,4317.55,TRY,purchase
7795,506,8,2025-10-19,6121.68,TRY,refund
7796,615,37,2026-07-15,5828.25,TRY,transfer
7797,705,95,2026-03-03,3243.68,TRY,refund
7798,945,93,2025-04-19,3065.91,TRY,purchase
7799,203,87,2026-08-01,2399.62,TRY,refund
7800,675,63,2025-05-01,1095.19,TRY,refund
7801,601,29,2025-12-18,6313.43,TRY,purchase
7802,796,58,2026-03-18,3138.33,TRY,transfer
7803,752,3,2026-01-20,2121.86,TRY,purchase
7804,934,100,2025-06-06,3445.92,TRY,transfer
7805,495,51,2026-01-05,1397.46,TRY,purchase
7806,965,37,2026-01-12,6640.08,TRY,transfer
7807,643,26,2025-10-10,740.47,TRY,transfer
7808,839,7,2025-02-27,2386.11,TRY,refund
7809,345,72,2025-09-04,5536.33,TRY,refund
7810,365,80,2025-12-11,6216.36,TRY,refund
7811,946,56,2025-07-11,6708.37,TRY,refund
7812,572,85,2025-08-08,1440.69,TRY,transfer
7813,496,90,2026-03-01,2915.03,TRY,purchase
7814,574,79,2025-12-31,5315.22,TRY,refund
7815,823,96,2026-08-18,659.77,TRY,transfer
7816,428,98,2025-02-22,2070.05,TRY,purchase
7817,486,12,2026-01-15,6376.81,TRY,transfer
7818,483,72,2025-11-25,5366.39,TRY,purchase
7819,641,92,2026-08-16,3208.41,TRY,purchase
7820,229,51,2026-07-24,2698.33,TRY,purchase
7821,798,79,2025-09-06,6094.98,TRY,transfer
7822,697,54,2025-02-06,3674.11,TRY,transfer
7823,519,70,2025-12-25,4530.68,TRY,purchase
7824,91,5,2026-01-13,2615.2,TRY,transfer
7825,202,77,2025-03-22,667.99,TRY,refund
7826,862,27,2025-06-27,325.1,TRY,refund
7827,292,7,2025-02-03,4285.4,TRY,purchase
7828,703,87,2025-09-01,4959.15,TRY,transfer
7829,444,32,2026-05-27,4120.3,TRY,purchase
7830,932,1,2025-08-30,3812.54,TRY,transfer
7831,459,67,2025-06-23,6606.59,TRY,purchase
7832,574,69,2025-08-05,3706.93,TRY,refund
7833,976,58,2026-06-17,713.39,TRY,refund
7834,792,58,2026-03-19,2841.18,TRY,transfer
7835,904,35,2025-05-19,5179.25,TRY,transfer
7836,239,39,2026-06-09,4901.53,TRY,purchase
7837,302,24,2026-02-19,3056.05,TRY,refund
7838,285,20,2026-02-27,2162.54,TRY,purchase
7839,264,60,2026-07-27,1374.99,TRY,transfer
7840,784,22,2026-05-22,4202.91,TRY,refund
7841,417,31,2026-03-29,4165.31,TRY,transfer
7842,336,67,2025-04-06,4788.03,TRY,transfer
7843,486,57,2025-11-06,1922.93,TRY,transfer
7844,173,40,2026-02-02,3694.79,TRY,transfer
7845,91,40,2025-09-21,2700.48,TRY,transfer
7846,223,73,2025-12-09,1760.26,TRY,refund
7847,339,56,2026-02-18,2190.45,TRY,purchase
7848,201,79,2025-10-13,91.45,TRY,purchase
7849,642,49,2026-08-21,5317.85,TRY,transfer
7850,962,73,2026-01-20,1892.52,TRY,transfer
7851,398,50,2026-03-05,4680.35,TRY,transfer
7852,66,16,2026-07-05,1290.79,TRY,purchase
7853,591,19,2025-09-06,4661.62,TRY,transfer
7854,646,83,2025-05-20,1878.7,TRY,transfer
7855,503,18,2025-07-10,6325.15,TRY,purchase
7856,479,27,2025-08-24,3412.07,TRY,transfer
7857,793,35,2025-02-24,6869.11,TRY,transfer
7858,730,9,2025-07-28,3612.47,TRY,refund
7859,942,39,2026-06-18,6746.36,TRY,refund
7860,514,32,2025-02-22,6499.13,TRY,refund
7861,336,75,2026-01-30,4811.67,TRY,refund
7862,692,100,2026-04-06,4644.89,TRY,transfer
7863,840,86,2026-01-16,5783.21,TRY,refund
7864,515,50,2026-07-30,4745.47,TRY,purchase
7865,908,46,2025-12-12,488.38,TRY,transfer
7866,135,51,2026-05-06,4568.58,TRY,refund
7867,655,33,2025-09-28,1519.55,TRY,refund
7868,938,29,2025-06-19,3278.91,TRY,refund
7869,421,14,2025-09-19,6735.66,TRY,refund
7870,198,33,2025-09-17,1259.45,TRY,purchase
7871,299,20,2025-03-31,6865.18,TRY,transfer
7872,442,57,2025-09-14,3202.27,TRY,purchase
7873,887,48,2025-05-21,373.95,TRY,refund
7874,85,81,2026-08-12,666.96,TRY,transfer
7875,356,86,2025-01-23,5635.18,TRY,refund
7876,384,81,2025-04-14,1663.32,TRY,refund
7877,901,71,2025-11-24,366.64,TRY,purchase
7878,641,34,2025-07-12,6388.84,TRY,purchase
7879,727,73,2026-05-28,6078.86,TRY,refund
7880,921,55,2026-02-25,4977.32,TRY,purchase
7881,191,63,2026-08-29,4849.04,TRY,purchase
7882,799,36,2025-05-12,1466.31,TRY,transfer
7883,99,1,2026-02-16,303.09,TRY,transfer
7884,820,65,2025-03-21,5162.02,TRY,refund
7885,45,5,2026-01-08,1074.69,TRY,transfer
7886,84,68,2025-10-01,2460.01,TRY,transfer
7887,798,38,2026-08-18,5826.55,TRY,refund
7888,371,80,2025-01-22,2349.59,TRY,purchase
7889,485,3,2025-07-04,2472.4,TRY,transfer
7890,440,13,2025-04-26,5616.38,TRY,purchase
7891,325,65,2025-07-18,332.34,TRY,purchase
7892,643,62,2026-05-06,5126.38,TRY,transfer
7893,737,47,2025-05-07,1561.36,TRY,refund
7894,79,2,2025-06-06,6281.92,TRY,purchase
7895,112,52,2026-07-17,4121.96,TRY,refund
7896,348,26,2026-04-16,789.41,TRY,refund
7897,245,20,2025-02-14,1998.26,TRY,purchase
7898,625,17,2026-03-31,1988.39,TRY,purchase
7899,184,53,2026-03-12,2890.41,TRY,refund
7900,877,6,2025-06-29,1567.21,TRY,refund
7901,89,53,2025-12-31,2391.47,TRY,purchase
7902,429,98,2025-05-30,1768.82,TRY,refund
7903,340,44,2025-06-03,2958.49,TRY,purchase
7904,916,7,2025-09-05,2848.17,TRY,refund
7905,766,8,2025-05-28,3193.77,TRY,refund
7906,116,1,2025-01-08,6227.03,TRY,refund
7907,926,96,2026-03-24,3858.02,TRY,purchase
7908,437,75,2025-01-03,2248.06,TRY,purchase
7909,792,10,2025-07-02,600.94,TRY,transfer
7910,94,50,2026-04-10,6089.11,TRY,transfer
7911,208,24,2025-09-04,2567.53,TRY,purchase
7912,589,30,2025-08-25,136.55,TRY,refund
7913,280,68,2025-10-16,5143.85,TRY,transfer
7914,328,11,2026-03-05,2329.31,TRY,purchase
7915,918,57,2026-08-19,2091.66,TRY,purchase
7916,882,14,2026-06-25,1605.87,TRY,purchase
7917,278,23,2026-02-10,4790.16,TRY,refund
7918,768,68,2025-12-09,4404.0,TRY,transfer
7919,339,95,2025-04-24,4023.29,TRY,purchase
7920,739,5,2025-11-08,500.39,TRY,transfer
7921,928,9,2025-11-27,4976.46,TRY,transfer
7922,517,5,2025-11-20,707.71,TRY,transfer
7923,227,25,2025-10-19,2751.63,TRY,refund
7924,741,32,2025-08-18,6864.04,TRY,purchase
7925,783,31,2025-01-07,2223.65,TRY,transfer
7926,791,48,2025-11-06,1370.68,TRY,transfer
7927,892,7,2025-01-03,4051.92,TRY,transfer
7928,922,37,2025-05-03,2851.23,TRY,refund
7929,239,58,2026-04-05,250.37,TRY,transfer
7930,151,13,2026-04-19,94.85,TRY,transfer
7931,277,57,2025-03-04,797.01,TRY,purchase
7932,350,91,2025-06-23,3871.56,TRY,transfer
7933,855,29,2025-08-06,6444.57,TRY,transfer
7934,840,73,2026-04-27,665.89,TRY,transfer
7935,861,70,2026-01-19,2677.16,TRY,purchase
7936,465,49,2026-04-01,2637.33,TRY,refund
7937,619,13,2026-05-21,6663.84,TRY,purchase
7938,992,89,2026-07-31,1688.08,TRY,transfer
7939,71,8,2025-12-22,5053.34,TRY,transfer
7940,86,100,2026-01-23,4253.9,TRY,transfer
7941,194,32,2025-03-17,3427.12,TRY,purchase
7942,911,49,2025-10-22,4512.21,TRY,purchase
7943,532,78,2025-09-21,5064.33,TRY,purchase
7944,395,45,2025-10-31,6497.97,TRY,refund
7945,848,20,2025-12-09,4005.12,TRY,refund
7946,479,3,2026-05-25,5970.39,TRY,refund
7947,886,48,2025-01-07,4044.31,TRY,refund
7948,185,2,2026-04-26,3775.13,TRY,transfer
7949,329,55,2025-05-31,4574.82,TRY,transfer
7950,187,58,2025-04-24,4075.15,TRY,purchase
7951,421,4,2025-05-12,6847.79,TRY,transfer
7952,674,50,2025-03-08,866.54,TRY,refund
7953,525,3,2025-05-01,204.2,TRY,transfer
7954,908,29,2026-03-23,5872.29,TRY,transfer
7955,665,9,2026-08-27,1962.8,TRY,transfer
7956,4,72,2025-03-10,4582.69,TRY,purchase
7957,51,26,2025-05-20,3507.17,TRY,refund
7958,683,22,2026-06-25,188.38,TRY,transfer
7959,683,89,2026-06-21,3243.59,TRY,refund
7960,872,64,2025-02-20,610.7,TRY,transfer
7961,603,60,2025-05-18,4889.67,TRY,transfer
7962,133,13,2025-04-18,3950.91,TRY,refund
7963,664,84,2026-02-15,2155.24,TRY,purchase
7964,988,63,2026-04-06,1431.92,TRY,refund
7965,985,77,2026-01-06,2744.6,TRY,transfer
7966,703,15,2026-08-31,5725.7,TRY,purchase
7967,38,46,2025-05-04,6797.12,TRY,refund
7968,411,31,2026-08-06,6537.58,TRY,transfer
7969,471,37,2026-06-28,5481.4,TRY,transfer
7970,179,46,2025-02-15,359.98,TRY,refund
7971,109,55,2026-04-24,5234.11,TRY,transfer
7972,538,54,2026-04-30,1340.17,TRY,transfer
7973,124,71,2025-05-14,5121.14,TRY,refund
7974,745,64,2025-09-26,3576.95,TRY,refund
7975,512,58,2025-09-02,2629.24,TRY,transfer
7976,951,80,2025-12-08,4589.15,TRY,refund
7977,222,69,2025-08-29,2622.45,TRY,transfer
7978,593,76,2026-04-26,5267.05,TRY,purchase
7979,360,19,2025-02-06,5899.63,TRY,transfer
7980,205,8,2026-01-25,6246.57,TRY,refund
7981,656,74,2025-05-07,1057.95,TRY,refund
7982,115,74,2025-04-02,3988.81,TRY,transfer
7983,590,25,2025-08-04,2599.54,TRY,transfer
7984,39,28,2025-03-20,1732.3,TRY,transfer
7985,490,72,2025-08-10,296.45,TRY,transfer
7986,403,68,2025-05-16,3618.89,TRY,transfer
7987,742,62,2026-01-18,1640.36,TRY,refund
7988,864,43,2025-07-02,2976.21,TRY,purchase
7989,55,18,2025-10-11,5433.35,TRY,refund
7990,260,62,2026-06-01,884.75,TRY,purchase
7991,572,21,2026-02-17,4144.41,TRY,transfer
7992,604,26,2025-10-25,5227.14,TRY,purchase
7993,463,30,2026-08-08,6815.41,TRY,purchase
7994,141,75,2025-08-15,597.27,TRY,transfer
7995,472,66,2026-03-18,2362.82,TRY,purchase
7996,813,32,2026-08-05,4564.14,TRY,transfer
7997,739,57,2026-01-18,5858.75,TRY,transfer
7998,664,8,2025-11-20,2293.08,TRY,refund
7999,710,85,2026-05-22,5078.9,TRY,transfer
8000,81,59,2025-11-04,1442.8,TRY,purchase
8001,686,39,2025-08-05,2126.63,TRY,refund
8002,212,45,2025-09-11,3530.27,TRY,transfer
8003,79,9,2025-12-05,3474.78,TRY,purchase
8004,878,76,2025-05-25,6301.52,TRY,refund
8005,162,7,2025-10-06,3618.67,TRY,transfer
8006,807,25,2026-01-25,4148.84,TRY,refund
8007,462,83,2025-12-27,6942.84,TRY,purchase
8008,904,79,2025-09-20,1395.61,TRY,transfer
8009,103,53,2026-07-03,2655.42,TRY,refund
8010,1000,1,2026-06-18,3769.01,TRY,refund
8011,17,52,2026-08-10,5317.94,TRY,purchase
8012,793,75,2025-10-07,1876.84,TRY,purchase
8013,62,92,2025-03-11,129.18,TRY,purchase
8014,879,63,2026-08-31,3328.12,TRY,transfer
8015,198,45,2025-10-13,5893.62,TRY,purchase
8016,118,1,2025-04-20,5958.59,TRY,purchase
8017,518,70,2026-03-02,4286.84,TRY,transfer
8018,657,15,2025-08-08,6716.51,TRY,transfer
8019,601,32,2026-01-14,3149.12,TRY,refund
8020,216,68,2025-11-11,5580.09,TRY,transfer
8021,80,13,2025-04-02,2288.16,TRY,refund
8022,39,25,2025-11-03,3217.23,TRY,refund
8023,55,83,2025-04-05,6097.13,TRY,refund
8024,294,88,2025-06-15,2702.75,TRY,refund
8025,853,43,2025-11-28,2001.15,TRY,purchase
8026,4,23,2025-05-07,5817.09,TRY,refund
8027,727,33,2026-02-03,4368.42,TRY,transfer
8028,174,19,2025-09-13,3995.92,TRY,purchase
8029,502,11,2026-04-01,1737.92,TRY,refund
8030,235,36,2026-01-30,2693.51,TRY,purchase
8031,941,80,2025-12-15,5835.74,TRY,refund
8032,484,88,2025-02-20,5050.78,TRY,purchase
8033,428,7,2025-09-13,6485.84,TRY,transfer
8034,874,10,2025-02-22,3101.65,TRY,refund
8035,111,51,2025-07-14,2374.33,TRY,purchase
8036,266,81,2025-03-29,5186.68,TRY,purchase
8037,935,22,2025-06-19,2051.63,TRY,purchase
8038,500,44,2026-02-13,490.28,TRY,transfer
8039,43,78,2025-12-12,3064.14,TRY,transfer
8040,850,11,2026-06-26,5128.89,TRY,refund
8041,277,16,2025-07-16,1543.96,TRY,purchase
8042,446,51,2026-01-04,5121.12,TRY,purchase
8043,144,67,2025-12-15,6864.06,TRY,transfer
8044,820,9,2025-12-03,6335.44,TRY,transfer
8045,778,41,2026-07-20,833.68,TRY,transfer
8046,628,13,2026-01-18,5094.65,TRY,transfer
8047,175,73,2025-03-02,4933.15,TRY,purchase
8048,756,39,2026-08-30,1264.4,TRY,purchase
8049,834,75,2025-04-29,4509.01,TRY,purchase
8050,667,37,2025-06-13,4001.59,TRY,transfer
8051,277,65,2025-04-26,2045.55,TRY,refund
8052,8,97,2025-03-28,1530.47,TRY,transfer
8053,985,47,2026-02-11,6310.94,TRY,transfer
8054,195,75,2025-05-04,2005.88,TRY,purchase
8055,423,42,2025-06-07,59.94,TRY,purchase
8056,849,21,2025-02-01,774.35,TRY,refund
8057,912,6,2025-06-05,380.46,TRY,transfer
8058,663,39,2025-11-11,3062.16,TRY,transfer
8059,526,67,2026-02-05,2834.65,TRY,transfer
8060,305,70,2025-03-17,4843.4,TRY,purchase
8061,475,24,2025-05-08,1746.1,TRY,refund
8062,469,86,2025-12-01,6646.98,TRY,purchase
8063,936,54,2025-11-16,6697.01,TRY,transfer
8064,655,74,2025-05-07,6973.09,TRY,refund
8065,196,20,2025-04-27,3927.03,TRY,purchase
8066,914,13,2025-04-11,1351.0,TRY,transfer
8067,323,18,2025-08-11,734.34,TRY,refund
8068,849,69,2025-06-24,6212.74,TRY,purchase
8069,297,24,2026-07-11,1769.93,TRY,transfer
8070,997,2,2025-05-09,1049.91,TRY,transfer
8071,898,95,2025-09-15,2773.86,TRY,refund
8072,489,11,2025-09-06,6993.52,TRY,purchase
8073,11,18,2025-11-17,1743.34,TRY,refund
8074,163,31,2026-07-04,2978.9,TRY,purchase
8075,834,58,2026-05-01,2706.36,TRY,refund
8076,792,18,2025-07-22,4569.65,TRY,transfer
8077,957,85,2026-08-28,5264.03,TRY,refund
8078,656,91,2026-03-13,4964.13,TRY,refund
8079,310,7,2026-07-07,4911.58,TRY,refund
8080,499,18,2025-03-18,297.23,TRY,transfer
8081,347,23,2025-10-27,5903.01,TRY,purchase
8082,21,31,2025-08-12,4898.73,TRY,refund
8083,875,10,2025-01-20,4821.7,TRY,transfer
8084,732,64,2025-05-29,1999.93,TRY,refund
8085,824,18,2025-12-19,1950.03,TRY,refund
8086,355,38,2025-03-08,3069.34,TRY,transfer
8087,545,76,2025-08-01,4162.82,TRY,refund
8088,865,56,2025-08-28,4074.89,TRY,refund
8089,717,24,2025-08-13,3897.75,TRY,purchase
8090,825,71,2025-06-23,5569.35,TRY,transfer
8091,591,25,2026-01-26,4543.77,TRY,transfer
8092,642,22,2026-04-16,3853.98,TRY,refund
8093,529,3,2026-05-05,6194.78,TRY,transfer
8094,941,6,2025-10-08,1280.91,TRY,purchase
8095,361,59,2025-08-25,571.93,TRY,transfer
8096,617,48,2026-08-16,1662.15,TRY,purchase
8097,743,55,2026-08-16,4160.33,TRY,transfer
8098,83,84,2025-07-15,2244.86,TRY,refund
8099,725,60,2025-02-28,2436.34,TRY,refund
8100,876,84,2025-01-04,3479.42,TRY,refund
8101,7,93,2026-07-26,3870.02,TRY,refund
8102,580,37,2026-08-15,4273.76,TRY,refund
8103,203,45,2026-04-13,2657.64,TRY,refund
8104,722,54,2025-05-09,5385.5,TRY,purchase
8105,560,2,2025-11-30,6385.43,TRY,refund
8106,75,79,2025-09-21,3876.07,TRY,transfer
8107,368,36,2025-06-25,1156.93,TRY,refund
8108,597,43,2025-12-11,723.73,TRY,purchase
8109,725,5,2025-12-02,4294.09,TRY,refund
8110,302,13,2026-08-19,2906.02,TRY,transfer
8111,706,46,2025-04-23,6446.62,TRY,transfer
8112,947,13,2025-01-27,4184.62,TRY,refund
8113,317,44,2025-04-20,4714.22,TRY,refund
8114,235,52,2025-12-31,5144.26,TRY,purchase
8115,966,43,2025-02-01,1777.63,TRY,refund
8116,244,64,2025-05-26,1001.85,TRY,refund
8117,138,54,2026-05-14,5906.08,TRY,refund
8118,890,6,2025-07-23,6186.97,TRY,transfer
8119,177,28,2026-07-13,802.02,TRY,transfer
8120,83,57,2025-03-06,6210.16,TRY,transfer
8121,836,80,2026-08-07,5255.81,TRY,refund
8122,968,40,2026-03-30,5197.23,TRY,transfer
8123,328,18,2025-05-03,512.83,TRY,purchase
8124,452,96,2025-11-21,6636.98,TRY,refund
8125,251,97,2026-05-25,6240.21,TRY,purchase
8126,73,12,2025-11-10,4252.15,TRY,purchase
8127,245,14,2025-01-17,6974.25,TRY,transfer
8128,413,21,2025-09-04,395.79,TRY,refund
8129,750,99,2025-12-09,5474.66,TRY,transfer
8130,910,34,2025-01-27,206.72,TRY,transfer
8131,98,66,2025-01-20,1719.31,TRY,refund
8132,305,71,2026-01-17,5012.54,TRY,transfer
8133,39,6,2025-05-13,492.7,TRY,purchase
8134,312,10,2025-09-16,185.68,TRY,purchase
8135,459,6,2025-05-18,3634.22,TRY,refund
8136,65,55,2026-07-18,3304.66,TRY,refund
8137,657,81,2025-07-16,1302.34,TRY,purchase
8138,289,73,2026-08-11,3358.17,TRY,purchase
8139,215,86,2025-05-12,6739.26,TRY,refund
8140,193,83,2025-11-15,4656.76,TRY,refund
8141,219,93,2025-07-29,2161.37,TRY,purchase
8142,107,6,2026-02-26,2541.34,TRY,purchase
8143,825,3,2025-10-29,5907.32,TRY,purchase
8144,68,2,2025-10-27,791.47,TRY,purchase
8145,241,44,2026-01-11,2351.03,TRY,transfer
8146,467,74,2025-11-07,949.44,TRY,transfer
8147,484,98,2025-05-31,4798.74,TRY,purchase
8148,696,30,2026-01-01,2974.38,TRY,transfer
8149,476,17,2025-03-29,3434.07,TRY,purchase
8150,728,67,2026-07-27,6587.79,TRY,transfer
8151,509,92,2026-07-22,6345.44,TRY,refund
8152,503,55,2026-05-03,5154.14,TRY,refund
8153,886,9,2025-08-11,3510.71,TRY,refund
8154,673,10,2025-05-12,5533.04,TRY,transfer
8155,550,11,2026-06-30,6797.31,TRY,purchase
8156,630,59,2025-06-14,311.2,TRY,transfer
8157,488,29,2025-02-09,1938.88,TRY,purchase
8158,602,33,2025-11-23,2404.25,TRY,transfer
8159,420,66,2025-03-28,4523.5,TRY,refund
8160,849,93,2025-08-17,1978.23,TRY,transfer
8161,569,88,2025-02-01,3500.45,TRY,transfer
8162,674,52,2025-11-16,5100.84,TRY,purchase
8163,254,81,2025-04-20,2447.9,TRY,refund
8164,825,41,2026-06-07,2333.53,TRY,purchase
8165,929,73,2025-04-19,5375.28,TRY,transfer
8166,653,42,2025-09-02,4638.49,TRY,transfer
8167,144,5,2026-01-06,6305.68,TRY,refund
8168,616,25,2025-08-30,4093.03,TRY,refund
8169,84,87,2026-08-01,2227.08,TRY,purchase
8170,966,53,2025-08-22,3625.6,TRY,refund
8171,918,59,2025-01-09,999.1,TRY,purchase
8172,757,60,2025-03-18,5378.74,TRY,purchase
8173,470,72,2025-10-13,1317.66,TRY,transfer
8174,917,45,2026-01-03,4783.44,TRY,refund
8175,737,44,2025-08-13,4722.91,TRY,refund
8176,290,98,2025-02-06,3162.23,TRY,transfer
8177,726,76,2026-02-28,3203.11,TRY,transfer
8178,991,65,2026-06-23,3775.57,TRY,transfer
8179,950,22,2025-05-19,6825.18,TRY,purchase
8180,781,5,2025-02-09,3199.61,TRY,purchase
8181,696,86,2025-01-10,6480.46,TRY,purchase
8182,788,97,2025-11-14,3471.54,TRY,purchase
8183,128,23,2025-10-30,2829.68,TRY,transfer
8184,455,47,2026-05-19,3771.16,TRY,purchase
8185,914,36,2025-04-08,6599.42,TRY,purchase
8186,976,89,2025-11-15,3872.62,TRY,refund
8187,496,11,2026-06-19,2940.7,TRY,refund
8188,153,56,2025-05-10,5391.74,TRY,refund
8189,844,64,2025-03-02,4876.01,TRY,transfer
8190,562,54,2026-04-27,593.51,TRY,purchase
8191,121,65,2026-04-20,3274.08,TRY,purchase
8192,237,32,2025-06-10,2297.57,TRY,purchase
8193,710,37,2025-10-28,1584.42,TRY,purchase
8194,475,32,2025-05-18,2169.55,TRY,refund
8195,676,55,2026-06-27,3972.74,TRY,transfer
8196,896,62,2025-09-20,4213.02,TRY,transfer
8197,62,97,2025-08-07,4480.83,TRY,purchase
8198,268,30,2026-06-10,6878.63,TRY,refund
8199,453,80,2026-05-28,6535.82,TRY,transfer
8200,147,34,2026-02-18,5893.54,TRY,purchase
8201,291,60,2025-01-23,1991.92,TRY,transfer
8202,125,14,2025-07-16,433.13,TRY,transfer
8203,437,99,2025-10-23,1730.53,TRY,purchase
8204,86,34,2026-01-01,4831.59,TRY,refund
8205,100,66,2025-05-08,1179.04,TRY,refund
8206,609,11,2026-05-02,416.95,TRY,purchase
8207,278,31,2026-04-17,1910.27,TRY,transfer
8208,864,20,2025-12-29,6220.33,TRY,transfer
8209,481,38,2025-01-30,6808.08,TRY,transfer
8210,339,27,2026-01-25,983.75,TRY,purchase
8211,897,84,2025-06-08,1454.42,TRY,purchase
8212,842,44,2025-09-22,782.36,TRY,purchase
8213,117,76,2025-01-28,4487.74,TRY,purchase
8214,389,2,2026-05-16,735.18,TRY,transfer
8215,412,84,2026-08-21,1443.24,TRY,purchase
8216,370,17,2025-06-30,546.2,TRY,transfer
8217,317,34,2025-06-17,4534.17,TRY,refund
8218,803,57,2025-09-08,5242.87,TRY,refund
8219,836,26,2026-07-28,1873.29,TRY,purchase
8220,324,100,2026-03-11,857.04,TRY,refund
8221,112,88,2025-11-17,4683.17,TRY,transfer
8222,585,92,2025-11-15,1905.54,TRY,purchase
8223,424,90,2025-03-29,3746.89,TRY,refund
8224,323,27,2026-03-26,5347.06,TRY,refund
8225,549,20,2026-02-16,3719.17,TRY,transfer
8226,657,80,2026-01-13,438.98,TRY,purchase
8227,277,79,2026-08-18,5722.85,TRY,transfer
8228,319,5,2025-07-07,5597.52,TRY,purchase
8229,200,45,2026-07-23,2605.66,TRY,purchase
8230,846,45,2026-06-08,410.63,TRY,purchase
8231,972,86,2025-12-08,6133.75,TRY,purchase
8232,521,67,2025-01-31,2365.72,TRY,refund
8233,324,6,2026-05-25,5018.18,TRY,transfer
8234,91,75,2026-04-07,5661.9,TRY,refund
8235,266,38,2025-05-15,2519.74,TRY,refund
8236,721,90,2026-04-30,3456.54,TRY,refund
8237,260,37,2025-10-08,3967.15,TRY,refund
8238,814,76,2025-09-09,256.79,TRY,refund
8239,290,7,2025-02-19,3054.63,TRY,refund
8240,582,69,2026-06-08,6469.02,TRY,refund
8241,305,70,2026-03-21,898.82,TRY,transfer
8242,688,59,2026-01-08,5647.47,TRY,purchase
8243,509,60,2026-08-31,1610.53,TRY,transfer
8244,361,84,2025-10-25,4579.51,TRY,refund
8245,22,75,2025-04-14,995.2,TRY,purchase
8246,908,33,2025-01-25,3285.16,TRY,refund
8247,260,46,2025-07-22,4229.3,TRY,purchase
8248,95,97,2026-03-21,441.92,TRY,transfer
8249,875,29,2025-05-25,5900.0,TRY,transfer
8250,259,60,2025-02-01,3093.71,TRY,purchase
8251,407,18,2026-01-05,4685.63,TRY,purchase
8252,724,62,2025-10-31,1425.02,TRY,transfer
8253,404,100,2025-02-28,1538.89,TRY,refund
8254,61,84,2025-08-25,5251.65,TRY,transfer
8255,796,75,2025-11-01,1740.75,TRY,transfer
8256,612,66,2026-06-28,1825.42,TRY,refund
8257,961,20,2026-04-16,3906.54,TRY,refund
8258,160,88,2025-09-06,3003.11,TRY,refund
8259,606,34,2026-08-07,2910.69,TRY,refund
8260,345,40,2025-12-29,4984.56,TRY,refund
8261,863,59,2026-06-04,6133.41,TRY,purchase
8262,460,93,2025-07-17,5085.02,TRY,refund
8263,727,37,2025-05-28,3087.35,TRY,purchase
8264,542,30,2025-05-16,5953.05,TRY,transfer
8265,287,4,2025-06-15,1508.68,TRY,purchase
8266,404,86,2025-05-13,3341.06,TRY,purchase
8267,473,53,2025-10-05,4979.23,TRY,transfer
8268,284,6,2025-10-12,5104.24,TRY,refund
8269,345,85,2026-01-11,713.11,TRY,purchase
8270,566,49,2025-08-25,3542.39,TRY,purchase
8271,988,3,2025-12-25,65.72,TRY,purchase
8272,725,17,2026-06-29,5034.84,TRY,purchase
8273,39,62,2025-10-26,4760.61,TRY,refund
8274,602,46,2025-06-23,5556.13,TRY,transfer
8275,736,18,2026-03-29,5463.31,TRY,refund
8276,503,62,2025-10-07,1294.27,TRY,transfer
8277,216,41,2025-09-29,1534.82,TRY,purchase
8278,840,82,2026-04-13,1370.81,TRY,purchase
8279,733,57,2026-06-17,6744.46,TRY,transfer
8280,429,99,2026-08-16,1326.01,TRY,refund
8281,123,6,2025-01-13,982.91,TRY,purchase
8282,502,57,2025-06-19,492.63,TRY,purchase
8283,916,81,2025-09-15,6677.24,TRY,transfer
8284,535,50,2026-08-06,4672.05,TRY,refund
8285,995,44,2025-08-10,6124.61,TRY,purchase
8286,370,46,2026-05-03,1755.41,TRY,purchase
8287,365,24,2025-01-05,3931.0,TRY,transfer
8288,200,9,2026-07-24,3183.17,TRY,purchase
8289,682,73,2026-01-06,381.14,TRY,transfer
8290,215,30,2026-04-24,3156.06,TRY,purchase
8291,108,17,2026-05-03,6922.55,TRY,refund
8292,964,11,2025-11-15,3630.02,TRY,purchase
8293,916,99,2025-06-13,4796.86,TRY,refund
8294,686,48,2025-01-28,3687.89,TRY,refund
8295,558,92,2025-01-19,21.81,TRY,purchase
8296,484,20,2025-06-26,212.08,TRY,transfer
8297,644,62,2025-03-29,6102.45,TRY,purchase
8298,535,75,2025-10-13,2443.24,TRY,purchase
8299,611,83,2025-11-28,4000.24,TRY,purchase
8300,135,31,2025-08-03,546.2,TRY,refund
8301,831,80,2026-06-13,5056.64,TRY,refund
8302,118,59,2026-01-05,3129.45,TRY,transfer
8303,31,26,2025-06-21,1392.35,TRY,transfer
8304,539,69,2025-02-28,5564.67,TRY,purchase
8305,908,78,2025-10-17,6573.93,TRY,refund
8306,345,2,2025-06-23,6684.11,TRY,transfer
8307,287,16,2025-08-15,6530.63,TRY,purchase
8308,455,66,2026-07-14,2973.91,TRY,transfer
8309,358,67,2026-05-12,2285.3,TRY,transfer
8310,555,44,2025-01-06,4122.15,TRY,transfer
8311,772,13,2025-11-07,2360.1,TRY,refund
8312,634,57,2025-06-30,6310.77,TRY,refund
8313,423,80,2025-10-26,4746.54,TRY,purchase
8314,457,23,2026-05-29,3016.15,TRY,refund
8315,107,70,2025-05-08,2030.47,TRY,transfer
8316,138,6,2025-11-12,5556.74,TRY,purchase
8317,667,71,2025-10-04,5362.72,TRY,refund
8318,936,6,2025-09-23,6348.52,TRY,purchase
8319,109,63,2026-01-31,1840.32,TRY,purchase
8320,952,38,2025-07-26,6011.03,TRY,refund
8321,110,55,2026-01-22,3154.94,TRY,purchase
8322,453,72,2026-07-28,4710.67,TRY,transfer
8323,430,73,2026-06-08,5155.72,TRY,transfer
8324,920,47,2026-06-30,2216.36,TRY,refund
8325,636,10,2025-03-30,401.12,TRY,transfer
8326,831,56,2026-04-14,4494.92,TRY,refund
8327,297,12,2026-06-01,3144.24,TRY,purchase
8328,669,75,2026-04-06,3775.07,TRY,refund
8329,222,59,2026-04-30,385.65,TRY,purchase
8330,286,74,2025-08-06,6154.13,TRY,purchase
8331,442,95,2025-09-30,2507.49,TRY,transfer
8332,612,67,2025-05-31,6485.59,TRY,refund
8333,253,57,2026-07-14,121.84,TRY,refund
8334,3,38,2025-02-10,3387.66,TRY,transfer
8335,206,50,2025-12-19,496.54,TRY,transfer
8336,859,58,2026-01-18,2769.51,TRY,transfer
8337,183,56,2026-08-27,994.14,TRY,purchase
8338,854,100,2025-08-14,4684.25,TRY,transfer
8339,163,61,2025-08-02,6748.02,TRY,refund
8340,121,19,2026-01-08,2737.96,TRY,refund
8341,190,10,2025-06-08,5971.39,TRY,purchase
8342,28,71,2025-12-16,3215.69,TRY,transfer
8343,884,74,2025-12-24,5517.95,TRY,purchase
8344,377,30,2025-05-26,4945.36,TRY,purchase
8345,349,100,2026-02-02,2676.99,TRY,purchase
8346,595,70,2025-01-01,6130.72,TRY,refund
8347,939,63,2026-07-05,1505.74,TRY,transfer
8348,621,6,2025-07-30,235.17,TRY,refund
8349,75,32,2026-02-20,2381.88,TRY,purchase
8350,129,76,2026-06-12,2275.78,TRY,transfer
8351,959,69,2025-10-01,4323.4,TRY,transfer
8352,617,57,2026-03-28,5718.24,TRY,purchase
8353,755,64,2025-02-14,2994.81,TRY,purchase
8354,511,35,2026-01-22,713.21,TRY,refund
8355,807,31,2025-09-11,6105.72,TRY,purchase
8356,53,36,2026-08-29,573.83,TRY,transfer
8357,500,40,2025-10-18,1394.89,TRY,transfer
8358,449,11,2026-01-26,1683.76,TRY,transfer
8359,470,56,2025-07-10,6127.4,TRY,refund
8360,914,62,2026-05-17,5603.94,TRY,purchase
8361,757,42,2025-09-19,6806.2,TRY,transfer
8362,448,55,2025-05-05,3674.19,TRY,refund
8363,779,70,2026-05-27,2167.09,TRY,refund
8364,175,63,2026-06-03,2543.6,TRY,purchase
8365,643,9,2025-09-14,779.61,TRY,transfer
8366,619,65,2026-05-28,3301.48,TRY,refund
8367,213,91,2025-09-22,4808.62,TRY,purchase
8368,85,82,2025-06-14,971.74,TRY,transfer
8369,225,74,2026-08-23,5844.8,TRY,transfer
8370,919,21,2025-05-06,2212.02,TRY,purchase
8371,15,60,2025-05-06,1497.12,TRY,purchase
8372,678,90,2025-01-07,2040.49,TRY,refund
8373,971,66,2025-09-22,6462.51,TRY,refund
8374,430,59,2026-05-10,516.08,TRY,transfer
8375,273,15,2026-04-21,4556.33,TRY,refund
8376,400,1,2025-10-31,2223.24,TRY,transfer
8377,604,30,2026-08-14,609.94,TRY,purchase
8378,412,88,2025-11-14,2606.67,TRY,transfer
8379,411,63,2026-04-06,5267.81,TRY,refund
8380,955,48,2026-05-01,5042.65,TRY,refund
8381,411,33,2026-05-08,6809.2,TRY,purchase
8382,576,46,2025-05-09,78.78,TRY,transfer
8383,756,44,2025-05-24,4111.09,TRY,refund
8384,338,42,2025-07-09,512.86,TRY,refund
8385,64,37,2026-08-10,4369.97,TRY,transfer
8386,507,68,2025-05-18,4161.13,TRY,transfer
8387,500,19,2026-04-25,2536.94,TRY,transfer
8388,283,19,2025-06-20,54.53,TRY,purchase
8389,704,90,2026-07-22,2545.47,TRY,purchase
8390,425,78,2025-06-24,4172.48,TRY,transfer
8391,479,87,2025-08-26,4524.58,TRY,refund
8392,804,88,2025-10-10,262.21,TRY,refund
8393,820,62,2025-05-24,2150.92,TRY,refund
8394,208,75,2025-02-08,1735.36,TRY,purchase
8395,264,32,2025-02-26,1373.98,TRY,transfer
8396,714,25,2026-08-04,5748.91,TRY,purchase
8397,248,3,2025-03-22,777.29,TRY,purchase
8398,821,66,2025-09-27,4686.72,TRY,refund
8399,363,33,2026-05-29,3731.8,TRY,refund
8400,536,64,2025-11-24,2613.28,TRY,transfer
8401,297,46,2025-06-07,3995.2,TRY,purchase
8402,352,10,2025-10-11,1366.14,TRY,transfer
8403,469,33,2025-12-21,3194.66,TRY,transfer
8404,217,41,2025-03-16,6563.47,TRY,transfer
8405,901,70,2025-07-24,4558.17,TRY,refund
8406,730,12,2025-09-05,2310.69,TRY,refund
8407,979,55,2026-03-19,6814.17,TRY,purchase
8408,673,27,2026-07-10,4990.1,TRY,transfer
8409,364,91,2026-07-05,3072.79,TRY,refund
8410,70,60,2026-07-01,6465.5,TRY,refund
8411,968,88,2026-02-01,6329.63,TRY,transfer
8412,126,77,2026-08-21,6952.44,TRY,transfer
8413,443,17,2025-09-28,6027.77,TRY,transfer
8414,314,82,2026-04-27,2957.92,TRY,purchase
8415,607,26,2026-02-07,5615.92,TRY,transfer
8416,959,69,2025-10-18,978.97,TRY,transfer
8417,881,47,2025-04-30,3407.02,TRY,transfer
8418,469,25,2026-03-21,3380.08,TRY,transfer
8419,859,78,2025-02-19,651.38,TRY,purchase
8420,135,84,2026-05-22,5696.07,TRY,transfer
8421,778,8,2025-11-17,5995.31,TRY,transfer
8422,693,17,2025-01-10,1331.35,TRY,transfer
8423,466,21,2025-04-14,6407.45,TRY,purchase
8424,795,47,2025-03-19,4013.48,TRY,transfer
8425,281,46,2026-01-27,1217.22,TRY,refund
8426,836,93,2025-10-05,2931.17,TRY,purchase
8427,155,5,2025-04-07,2746.99,TRY,refund
8428,418,28,2025-08-30,4219.35,TRY,transfer
8429,362,5,2026-06-19,1106.5,TRY,purchase
8430,750,17,2026-01-28,915.02,TRY,purchase
8431,690,69,2025-04-04,6681.78,TRY,purchase
8432,241,7,2026-05-22,2210.87,TRY,transfer
8433,775,68,2025-10-18,477.51,TRY,refund
8434,916,21,2025-03-04,1005.18,TRY,refund
8435,542,39,2025-07-14,5276.1,TRY,refund
8436,51,63,2025-10-14,2596.13,TRY,transfer
8437,615,28,2025-09-10,6592.79,TRY,transfer
8438,56,75,2026-08-02,4264.55,TRY,refund
8439,26,18,2025-09-29,1903.41,TRY,refund
8440,951,26,2025-03-30,187.86,TRY,transfer
8441,13,60,2026-05-11,691.42,TRY,transfer
8442,179,31,2025-12-03,4924.18,TRY,purchase
8443,962,17,2026-05-16,3333.51,TRY,transfer
8444,226,63,2026-03-23,2495.1,TRY,refund
8445,452,51,2025-03-08,3074.25,TRY,refund
8446,366,61,2025-08-19,2376.12,TRY,refund
8447,571,14,2025-10-23,3287.71,TRY,purchase
8448,185,50,2026-02-21,3007.37,TRY,refund
8449,913,88,2025-09-10,4069.08,TRY,transfer
8450,763,17,2025-09-30,1271.04,TRY,transfer
8451,53,18,2025-03-12,2433.31,TRY,transfer
8452,101,27,2025-09-18,5816.94,TRY,purchase
8453,652,32,2026-08-07,372.76,TRY,purchase
8454,484,80,2026-07-07,6807.58,TRY,transfer
8455,907,43,2026-06-01,1282.93,TRY,refund
8456,832,58,2026-04-30,1338.83,TRY,transfer
8457,906,73,2025-03-13,5822.8,TRY,transfer
8458,886,78,2025-02-14,1562.91,TRY,purchase
8459,706,77,2025-04-23,1053.31,TRY,refund
8460,355,77,2025-09-06,3980.17,TRY,refund
8461,323,60,2025-03-31,6643.57,TRY,purchase
8462,87,95,2025-04-02,2961.53,TRY,transfer
8463,192,23,2025-02-04,5835.97,TRY,transfer
8464,401,84,2025-11-30,4194.32,TRY,purchase
8465,4,92,2025-10-10,5842.44,TRY,purchase
8466,404,33,2025-08-09,2758.23,TRY,refund
8467,258,27,2025-06-14,5246.27,TRY,transfer
8468,828,54,2026-08-26,668.47,TRY,purchase
8469,161,89,2025-01-08,4428.15,TRY,refund
8470,645,20,2025-06-19,6440.54,TRY,refund
8471,408,92,2026-05-28,1688.06,TRY,purchase
8472,473,66,2025-02-18,5933.31,TRY,transfer
8473,925,58,2026-07-13,2250.86,TRY,refund
8474,109,8,2025-08-12,1334.72,TRY,refund
8475,224,6,2025-01-15,324.31,TRY,purchase
8476,922,8,2026-03-10,1497.71,TRY,purchase
8477,351,66,2026-03-11,4524.81,TRY,refund
8478,955,58,2025-12-05,2000.13,TRY,refund
8479,565,53,2025-05-04,3366.45,TRY,transfer
8480,674,40,2026-04-19,4586.47,TRY,purchase
8481,297,36,2026-03-08,4471.3,TRY,purchase
8482,189,92,2025-10-21,5743.92,TRY,refund
8483,665,98,2026-02-28,5992.58,TRY,transfer
8484,292,99,2025-03-08,2352.61,TRY,transfer
8485,421,95,2025-07-25,2343.62,TRY,refund
8486,321,64,2025-07-28,2208.8,TRY,purchase
8487,838,66,2026-01-11,775.41,TRY,transfer
8488,864,64,2026-02-10,3990.79,TRY,refund
8489,368,91,2026-08-03,2539.3,TRY,transfer
8490,419,42,2026-02-26,108.0,TRY,transfer
8491,944,99,2025-08-23,4943.27,TRY,refund
8492,762,41,2025-06-07,1292.72,TRY,refund
8493,755,35,2026-06-13,1808.88,TRY,purchase
8494,91,2,2026-08-01,1135.1,TRY,purchase
8495,334,12,2025-09-29,2382.81,TRY,refund
8496,940,76,2026-01-13,5877.47,TRY,purchase
8497,465,83,2025-05-14,1624.37,TRY,refund
8498,424,6,2025-10-07,509.21,TRY,purchase
8499,959,55,2025-11-11,1513.75,TRY,purchase
8500,634,61,2025-02-17,3824.96,TRY,purchase
8501,810,63,2025-06-08,1268.99,TRY,transfer
8502,147,16,2025-01-17,4347.14,TRY,purchase
8503,371,82,2025-06-02,2193.55,TRY,transfer
8504,195,78,2025-06-06,1180.05,TRY,transfer
8505,379,5,2025-03-31,5019.77,TRY,transfer
8506,684,40,2026-08-05,2770.98,TRY,purchase
8507,571,34,2025-01-27,3236.84,TRY,refund
8508,694,83,2026-08-29,5673.72,TRY,purchase
8509,618,7,2026-07-13,3285.51,TRY,purchase
8510,676,85,2025-10-29,5265.64,TRY,refund
8511,469,88,2025-01-25,371.08,TRY,refund
8512,518,20,2025-11-15,2138.07,TRY,refund
8513,402,49,2025-11-13,4821.07,TRY,purchase
8514,442,88,2025-01-05,4766.45,TRY,transfer
8515,649,40,2025-08-04,3635.92,TRY,transfer
8516,163,88,2025-12-31,6339.84,TRY,purchase
8517,543,42,2025-12-10,4063.38,TRY,refund
8518,807,82,2026-03-14,1172.87,TRY,refund
8519,812,24,2026-01-22,2674.65,TRY,purchase
8520,216,100,2025-05-27,2305.21,TRY,transfer
8521,835,21,2026-05-15,1730.43,TRY,refund
8522,736,53,2026-07-08,5743.86,TRY,transfer
8523,729,22,2026-04-30,6727.38,TRY,transfer
8524,699,35,2026-04-24,1254.31,TRY,transfer
8525,697,31,2025-09-17,4473.47,TRY,refund
8526,427,51,2025-04-18,340.89,TRY,purchase
8527,960,39,2026-01-31,626.8,TRY,purchase
8528,388,66,2026-02-10,1198.27,TRY,transfer
8529,396,97,2026-06-17,4873.87,TRY,refund
8530,966,79,2025-06-23,1917.44,TRY,refund
8531,619,33,2025-01-20,5282.3,TRY,transfer
8532,958,98,2026-01-04,602.03,TRY,refund
8533,637,91,2025-11-28,2931.27,TRY,purchase
8534,236,86,2025-11-03,1926.05,TRY,transfer
8535,999,70,2025-08-22,4873.91,TRY,purchase
8536,890,13,2026-07-12,1748.07,TRY,purchase
8537,125,51,2026-08-17,5193.59,TRY,refund
8538,481,54,2026-08-23,495.46,TRY,purchase
8539,661,27,2026-05-21,6759.58,TRY,transfer
8540,993,32,2026-07-19,5653.23,TRY,purchase
8541,795,87,2025-06-11,1136.4,TRY,purchase
8542,79,50,2025-08-09,688.69,TRY,refund
8543,185,4,2025-01-07,4397.74,TRY,purchase
8544,594,13,2026-01-08,1080.28,TRY,purchase
8545,951,25,2025-09-06,5699.55,TRY,refund
8546,653,98,2025-08-11,4758.65,TRY,refund
8547,787,1,2026-08-31,3882.13,TRY,purchase
8548,172,63,2025-02-16,1301.47,TRY,purchase
8549,563,77,2026-03-13,3397.67,TRY,purchase
8550,854,15,2025-07-07,4364.53,TRY,transfer
8551,19,32,2025-04-11,4648.34,TRY,refund
8552,498,82,2025-11-24,2803.99,TRY,transfer
8553,715,89,2025-01-15,74.46,TRY,purchase
8554,707,14,2026-08-19,4479.2,TRY,transfer
8555,82,60,2026-01-21,6084.36,TRY,purchase
8556,841,97,2025-06-28,6574.3,TRY,refund
8557,543,31,2025-09-21,6938.49,TRY,transfer
8558,932,100,2026-05-08,813.85,TRY,purchase
8559,321,37,2026-05-20,2145.03,TRY,transfer
8560,119,15,2026-04-22,6835.05,TRY,purchase
8561,920,92,2026-07-20,3176.33,TRY,purchase
8562,495,19,2026-06-30,6772.19,TRY,purchase
8563,865,33,2025-02-24,345.18,TRY,purchase
8564,673,94,2026-06-17,87.5,TRY,transfer
8565,956,94,2025-07-26,1995.56,TRY,transfer
8566,582,83,2025-04-27,1267.47,TRY,purchase
8567,172,15,2026-01-25,4669.14,TRY,purchase
8568,26,48,2025-08-08,1262.08,TRY,transfer
8569,78,70,2025-08-28,989.05,TRY,transfer
8570,773,45,2025-07-11,4985.56,TRY,refund
8571,165,47,2025-06-01,4595.67,TRY,purchase
8572,906,21,2025-04-01,1557.29,TRY,purchase
8573,448,60,2026-08-01,2437.33,TRY,refund
8574,170,68,2025-08-09,1188.91,TRY,refund
8575,506,87,2025-01-28,728.57,TRY,purchase
8576,411,58,2026-06-02,793.5,TRY,refund
8577,946,60,2026-07-04,2891.81,TRY,purchase
8578,976,77,2025-01-08,1273.04,TRY,purchase
8579,342,25,2026-06-04,2790.9,TRY,refund
8580,773,22,2026-03-19,3108.12,TRY,purchase
8581,175,22,2025-02-11,4311.25,TRY,refund
8582,86,62,2025-12-13,1476.84,TRY,purchase
8583,290,87,2025-01-13,2539.88,TRY,purchase
8584,80,78,2026-06-19,1981.46,TRY,purchase
8585,63,86,2025-12-17,211.73,TRY,refund
8586,815,41,2025-01-03,3702.77,TRY,transfer
8587,328,21,2026-07-15,2052.67,TRY,refund
8588,458,8,2025-08-27,5476.05,TRY,transfer
8589,257,56,2026-04-08,4277.6,TRY,purchase
8590,752,1,2026-07-27,4592.26,TRY,purchase
8591,25,84,2026-04-06,2761.07,TRY,transfer
8592,302,6,2025-12-14,6537.67,TRY,purchase
8593,330,42,2025-01-08,607.79,TRY,purchase
8594,453,22,2026-04-11,4495.86,TRY,refund
8595,249,93,2025-05-21,3848.52,TRY,transfer
8596,27,16,2026-07-15,6356.27,TRY,purchase
8597,12,47,2025-04-21,648.14,TRY,purchase
8598,65,25,2025-09-19,213.26,TRY,purchase
8599,871,50,2026-07-01,236.62,TRY,transfer
8600,611,6,2026-01-08,225.7,TRY,refund
8601,43,52,2025-11-19,468.23,TRY,transfer
8602,481,82,2025-10-07,5993.91,TRY,refund
8603,822,10,2025-04-01,3237.0,TRY,transfer
8604,403,35,2026-07-08,2474.47,TRY,refund
8605,581,56,2026-06-07,3901.93,TRY,purchase
8606,646,85,2025-04-02,1161.42,TRY,refund
8607,850,8,2026-04-04,5173.17,TRY,transfer
8608,26,40,2025-11-01,3810.31,TRY,purchase
8609,963,32,2026-07-10,6878.99,TRY,transfer
8610,124,74,2025-03-05,6399.12,TRY,purchase
8611,772,36,2025-12-10,4896.93,TRY,refund
8612,815,89,2026-02-16,3263.76,TRY,refund
8613,924,10,2026-08-22,6026.37,TRY,purchase
8614,275,73,2026-02-13,5169.8,TRY,purchase
8615,496,5,2026-08-05,1089.88,TRY,purchase
8616,461,55,2025-11-10,2331.12,TRY,refund
8617,891,60,2025-02-11,919.98,TRY,purchase
8618,682,27,2026-07-23,49.29,TRY,transfer
8619,359,30,2025-11-09,3175.77,TRY,purchase
8620,451,59,2025-05-20,2271.72,TRY,purchase
8621,747,20,2025-03-02,4328.54,TRY,refund
8622,652,76,2025-07-06,3734.17,TRY,transfer
8623,578,72,2026-05-01,5491.2,TRY,refund
8624,726,65,2026-05-26,1239.07,TRY,refund
8625,981,22,2025-07-14,1520.42,TRY,transfer
8626,348,90,2026-04-29,6244.41,TRY,transfer
8627,17,21,2025-09-19,229.49,TRY,transfer
8628,249,74,2026-05-31,2818.17,TRY,refund
8629,201,92,2026-06-26,2172.18,TRY,refund
8630,294,69,2025-10-20,1880.64,TRY,transfer
8631,466,32,2026-08-23,3909.51,TRY,refund
8632,741,98,2026-02-07,5576.53,TRY,refund
8633,135,91,2025-09-03,4227.62,TRY,transfer
8634,751,71,2026-03-03,4637.36,TRY,refund
8635,171,20,2026-04-30,1757.52,TRY,purchase
8636,851,31,2025-11-16,6266.78,TRY,refund
8637,646,21,2025-02-27,5967.66,TRY,refund
8638,435,25,2025-09-09,1905.78,TRY,purchase
8639,120,34,2025-05-17,661.23,TRY,refund
8640,707,26,2025-09-19,6178.03,TRY,refund
8641,182,54,2025-08-05,2820.04,TRY,transfer
8642,570,54,2025-07-06,6210.52,TRY,purchase
8643,374,59,2025-02-02,1997.52,TRY,refund
8644,373,47,2025-05-01,5186.57,TRY,transfer
8645,966,40,2025-07-28,1910.85,TRY,refund
8646,957,19,2025-03-28,560.92,TRY,refund
8647,348,34,2026-08-13,1869.54,TRY,transfer
8648,341,62,2025-10-23,1183.57,TRY,purchase
8649,647,71,2026-06-29,5035.78,TRY,purchase
8650,877,81,2025-11-04,2662.39,TRY,transfer
8651,113,47,2025-03-18,1146.71,TRY,purchase
8652,126,53,2025-10-07,5271.97,TRY,transfer
8653,626,23,2025-09-15,4631.18,TRY,refund
8654,183,76,2026-05-29,6935.07,TRY,purchase
8655,260,57,2025-07-29,2276.0,TRY,transfer
8656,930,80,2026-06-25,6177.42,TRY,refund
8657,784,83,2026-08-07,5687.64,TRY,refund
8658,246,1,2025-03-04,3263.73,TRY,purchase
8659,268,48,2025-03-19,5582.62,TRY,purchase
8660,878,36,2026-05-07,6186.43,TRY,purchase
8661,940,88,2025-08-29,360.04,TRY,refund
8662,833,72,2025-06-25,1835.33,TRY,transfer
8663,202,10,2025-01-27,5075.04,TRY,purchase
8664,144,33,2026-02-19,6858.25,TRY,purchase
8665,761,62,2026-07-02,4486.87,TRY,refund
8666,963,22,2025-11-12,1455.0,TRY,purchase
8667,838,82,2025-03-14,6447.99,TRY,transfer
8668,426,2,2026-03-12,2956.61,TRY,transfer
8669,605,50,2025-04-27,5083.25,TRY,refund
8670,829,77,2026-02-28,1711.57,TRY,refund
8671,936,40,2025-04-15,6169.05,TRY,purchase
8672,819,9,2026-06-16,6391.77,TRY,transfer
8673,979,90,2025-02-07,2712.59,TRY,purchase
8674,435,10,2025-09-30,3075.64,TRY,refund
8675,596,2,2025-04-15,770.22,TRY,purchase
8676,327,1,2025-05-23,5095.49,TRY,purchase
8677,84,54,2025-02-15,31.5,TRY,refund
8678,780,7,2025-07-11,6374.34,TRY,refund
8679,170,72,2026-07-09,2921.06,TRY,transfer
8680,986,30,2025-05-17,807.48,TRY,purchase
8681,62,71,2026-02-05,6222.18,TRY,refund
8682,766,90,2026-07-16,2081.59,TRY,refund
8683,38,60,2026-02-09,5344.76,TRY,transfer
8684,620,82,2026-04-09,3546.68,TRY,refund
8685,168,5,2025-03-05,4538.37,TRY,refund
8686,87,36,2025-10-04,972.18,TRY,refund
8687,15,83,2026-05-03,1575.41,TRY,refund
8688,174,32,2026-07-01,6423.15,TRY,purchase
8689,736,46,2026-08-16,2590.13,TRY,transfer
8690,722,42,2025-10-07,3209.56,TRY,refund
8691,676,61,2026-03-24,1509.11,TRY,refund
8692,720,98,2026-05-31,1209.65,TRY,purchase
8693,30,44,2025-11-18,3502.41,TRY,transfer
8694,481,85,2026-07-02,5943.35,TRY,purchase
8695,400,57,2026-03-21,130.77,TRY,refund
8696,738,81,2025-04-13,301.72,TRY,transfer
8697,224,78,2025-10-07,5113.75,TRY,transfer
8698,106,41,2025-01-05,5407.73,TRY,purchase
8699,584,8,2025-08-31,2400.18,TRY,refund
8700,760,4,2025-05-17,3724.56,TRY,transfer
8701,648,53,2026-01-28,2990.23,TRY,purchase
8702,876,80,2026-03-06,1496.12,TRY,refund
8703,693,60,2026-02-07,139.3,TRY,refund
8704,335,11,2025-06-25,627.77,TRY,purchase
8705,513,38,2025-05-13,2738.15,TRY,transfer
8706,141,49,2025-11-15,5872.45,TRY,refund
8707,937,14,2026-06-24,182.91,TRY,purchase
8708,876,36,2025-12-20,4085.35,TRY,purchase
8709,514,45,2025-08-28,2265.12,TRY,refund
8710,247,44,2025-06-11,5611.7,TRY,transfer
8711,251,61,2026-04-10,5351.22,TRY,transfer
8712,339,5,2026-04-03,5064.7,TRY,refund
8713,944,88,2026-01-07,5418.62,TRY,refund
8714,470,29,2026-05-13,6130.87,TRY,refund
8715,574,96,2025-12-28,5097.39,TRY,transfer
8716,159,43,2025-03-19,1209.83,TRY,refund
8717,961,96,2026-07-19,5809.56,TRY,refund
8718,469,76,2025-02-22,594.39,TRY,refund
8719,825,42,2025-06-23,5967.66,TRY,refund
8720,604,97,2025-06-29,4355.74,TRY,transfer
8721,703,98,2026-03-15,2307.73,TRY,purchase
8722,215,80,2026-02-11,3484.53,TRY,transfer
8723,895,75,2026-08-01,4323.59,TRY,purchase
8724,62,29,2026-06-14,2389.15,TRY,purchase
8725,449,1,2025-03-02,3930.69,TRY,purchase
8726,351,74,2025-03-26,6590.59,TRY,refund
8727,147,54,2026-08-01,5183.77,TRY,refund
8728,911,41,2025-08-15,5863.35,TRY,transfer
8729,349,9,2025-07-26,4736.49,TRY,transfer
8730,892,62,2026-01-20,4943.92,TRY,refund
8731,165,79,2025-10-19,2932.27,TRY,refund
8732,134,93,2026-03-21,5239.9,TRY,purchase
8733,278,8,2026-06-08,2492.09,TRY,purchase
8734,408,32,2025-07-29,1858.96,TRY,refund
8735,79,9,2026-06-24,4199.75,TRY,transfer
8736,508,25,2026-04-05,1024.58,TRY,purchase
8737,667,49,2025-12-24,6976.27,TRY,purchase
8738,675,28,2026-06-04,306.65,TRY,purchase
8739,729,79,2025-03-09,3377.12,TRY,refund
8740,50,32,2025-07-27,6898.2,TRY,transfer
8741,823,87,2025-08-25,446.86,TRY,refund
8742,299,37,2025-03-30,3713.4,TRY,refund
8743,256,54,2026-03-17,398.47,TRY,purchase
8744,694,3,2025-07-23,628.39,TRY,refund
8745,933,71,2026-07-08,356.99,TRY,purchase
8746,701,9,2025-02-02,4070.86,TRY,refund
8747,498,93,2026-02-28,3500.72,TRY,refund
8748,802,60,2026-04-11,1696.37,TRY,refund
8749,351,98,2026-04-13,2654.78,TRY,refund
8750,357,39,2025-12-05,4330.01,TRY,purchase
8751,214,33,2026-06-01,793.57,TRY,refund
8752,826,90,2025-09-14,1430.26,TRY,transfer
8753,740,15,2025-04-21,6314.16,TRY,purchase
8754,391,80,2025-07-29,4027.9,TRY,refund
8755,211,31,2025-02-20,3770.75,TRY,transfer
8756,770,18,2025-07-16,4844.21,TRY,purchase
8757,669,11,2025-07-30,2569.26,TRY,transfer
8758,72,40,2026-06-17,2218.01,TRY,transfer
8759,805,4,2026-04-21,179.41,TRY,refund
8760,257,3,2026-03-19,987.53,TRY,refund
8761,15,50,2026-03-27,1984.46,TRY,purchase
8762,328,81,2025-05-07,5229.52,TRY,refund
8763,314,65,2026-05-04,3070.12,TRY,purchase
8764,955,54,2025-10-20,3946.16,TRY,purchase
8765,753,33,2025-05-20,3183.1,TRY,transfer
8766,465,32,2025-02-25,1236.37,TRY,refund
8767,55,56,2026-08-04,2303.8,TRY,refund
8768,941,22,2025-12-20,1190.75,TRY,purchase
8769,162,30,2026-01-05,3560.59,TRY,purchase
8770,465,60,2025-04-25,1142.44,TRY,transfer
8771,186,69,2025-09-28,3724.44,TRY,transfer
8772,618,11,2026-08-29,4695.88,TRY,transfer
8773,604,39,2026-01-02,6662.86,TRY,refund
8774,695,93,2025-12-08,4382.09,TRY,purchase
8775,768,91,2026-08-21,1948.56,TRY,refund
8776,673,38,2025-11-02,3039.26,TRY,refund
8777,148,31,2026-08-22,61.22,TRY,refund
8778,75,48,2025-06-23,2136.05,TRY,purchase
8779,898,95,2026-06-23,2642.25,TRY,transfer
8780,375,43,2025-09-19,3466.1,TRY,purchase
8781,807,9,2026-05-30,4123.7,TRY,refund
8782,614,88,2025-12-21,5356.2,TRY,purchase
8783,915,88,2025-11-05,2642.74,TRY,purchase
8784,767,79,2025-08-22,2976.16,TRY,purchase
8785,777,83,2025-12-18,6327.81,TRY,transfer
8786,132,65,2025-01-29,419.92,TRY,transfer
8787,318,86,2025-03-20,3240.75,TRY,transfer
8788,34,82,2026-05-23,1704.37,TRY,transfer
8789,872,55,2025-02-13,4716.99,TRY,purchase
8790,424,13,2025-08-15,4652.09,TRY,purchase
8791,765,63,2026-08-25,4334.22,TRY,transfer
8792,764,12,2026-01-30,6198.99,TRY,refund
8793,493,42,2025-07-01,3424.81,TRY,refund
8794,664,23,2026-05-30,4987.18,TRY,transfer
8795,895,26,2025-05-09,5326.76,TRY,refund
8796,502,88,2026-05-30,2382.38,TRY,purchase
8797,983,46,2025-02-23,2971.88,TRY,refund
8798,534,66,2025-03-13,2445.73,TRY,transfer
8799,480,15,2025-11-29,2566.34,TRY,refund
8800,694,54,2025-03-24,6020.04,TRY,refund
8801,574,75,2025-11-05,6862.87,TRY,transfer
8802,246,54,2025-09-02,2728.31,TRY,refund
8803,655,2,2025-12-16,3989.35,TRY,refund
8804,322,16,2026-02-28,833.64,TRY,purchase
8805,225,27,2026-08-25,2352.86,TRY,purchase
8806,192,17,2025-09-25,6345.97,TRY,purchase
8807,524,20,2026-01-18,2776.59,TRY,refund
8808,69,76,2025-05-12,589.04,TRY,purchase
8809,657,91,2026-03-16,6326.71,TRY,refund
8810,866,95,2025-11-16,3915.14,TRY,transfer
8811,899,50,2026-08-17,3412.87,TRY,refund
8812,539,62,2026-08-08,5280.58,TRY,transfer
8813,643,78,2026-02-23,5181.89,TRY,purchase
8814,586,55,2025-08-18,428.02,TRY,purchase
8815,507,81,2025-02-22,1833.9,TRY,purchase
8816,399,74,2025-07-07,1279.41,TRY,refund
8817,834,73,2025-03-22,2965.25,TRY,purchase
8818,241,1,2025-05-04,956.32,TRY,refund
8819,416,76,2025-01-11,791.96,TRY,refund
8820,209,14,2025-04-03,4003.26,TRY,transfer
8821,883,55,2025-09-07,3277.5,TRY,transfer
8822,668,3,2026-06-21,2552.49,TRY,refund
8823,232,50,2025-01-05,2952.03,TRY,purchase
8824,178,25,2025-01-13,2904.33,TRY,refund
8825,428,61,2025-07-31,4495.39,TRY,refund
8826,503,59,2026-01-18,2753.32,TRY,transfer
8827,297,22,2026-06-18,2179.53,TRY,purchase
8828,2,39,2025-01-09,5869.91,TRY,transfer
8829,37,28,2025-06-13,3292.04,TRY,purchase
8830,224,97,2025-05-11,2173.6,TRY,transfer
8831,179,91,2026-04-01,2146.15,TRY,transfer
8832,391,27,2025-11-29,908.73,TRY,transfer
8833,235,44,2026-02-28,584.43,TRY,transfer
8834,528,89,2025-06-04,109.81,TRY,purchase
8835,855,70,2025-01-04,4813.39,TRY,refund
8836,878,87,2026-08-20,2320.02,TRY,transfer
8837,423,18,2025-03-10,3944.03,TRY,purchase
8838,941,84,2025-03-07,4976.99,TRY,purchase
8839,672,21,2026-05-30,5339.52,TRY,refund
8840,497,78,2025-01-31,5670.58,TRY,purchase
8841,653,51,2026-03-11,2706.87,TRY,purchase
8842,402,84,2025-11-08,3371.53,TRY,transfer
8843,76,84,2025-09-10,1125.39,TRY,refund
8844,596,66,2025-10-14,2367.29,TRY,purchase
8845,206,88,2026-05-19,4285.55,TRY,transfer
8846,178,86,2025-10-12,6915.47,TRY,purchase
8847,853,29,2026-05-18,2541.36,TRY,refund
8848,649,89,2025-07-22,4670.74,TRY,purchase
8849,676,26,2025-06-09,4979.25,TRY,transfer
8850,352,17,2026-04-04,6670.92,TRY,refund
8851,425,58,2025-04-11,4082.69,TRY,refund
8852,49,94,2025-09-13,400.51,TRY,refund
8853,514,59,2026-07-23,449.88,TRY,purchase
8854,129,90,2026-02-12,2321.74,TRY,refund
8855,870,80,2025-10-27,5572.47,TRY,transfer
8856,74,65,2025-12-31,1136.62,TRY,transfer
8857,614,65,2025-09-01,3563.6,TRY,purchase
8858,932,1,2025-03-17,2309.48,TRY,refund
8859,602,60,2026-03-29,3486.63,TRY,refund
8860,589,12,2025-09-09,2811.71,TRY,purchase
8861,419,46,2026-03-28,2909.24,TRY,refund
8862,141,66,2025-06-20,6712.47,TRY,transfer
8863,970,97,2026-02-01,777.48,TRY,transfer
8864,672,42,2025-10-03,4964.87,TRY,transfer
8865,683,4,2025-05-15,3947.81,TRY,transfer
8866,877,34,2026-08-18,5455.3,TRY,purchase
8867,688,96,2025-09-20,5187.67,TRY,refund
8868,470,62,2026-02-24,6046.82,TRY,purchase
8869,740,31,2026-07-10,3761.67,TRY,refund
8870,352,81,2025-12-15,134.86,TRY,transfer
8871,980,5,2026-08-20,5958.69,TRY,transfer
8872,377,77,2025-12-21,5047.44,TRY,transfer
8873,455,66,2025-07-12,1008.7,TRY,purchase
8874,578,90,2026-01-09,6715.73,TRY,transfer
8875,775,25,2026-01-28,5653.32,TRY,purchase
8876,594,100,2025-10-19,626.98,TRY,transfer
8877,471,4,2026-03-02,2692.37,TRY,transfer
8878,794,42,2025-08-24,2880.14,TRY,transfer
8879,544,64,2026-07-02,310.29,TRY,refund
8880,140,1,2025-05-24,222.89,TRY,purchase
8881,949,82,2025-08-08,3863.05,TRY,transfer
8882,103,9,2025-06-11,99.62,TRY,transfer
8883,633,55,2026-02-10,5969.94,TRY,refund
8884,226,57,2025-06-17,6610.92,TRY,purchase
8885,663,57,2025-08-17,2080.76,TRY,refund
8886,516,29,2026-01-20,2543.95,TRY,refund
8887,1,59,2025-04-14,4063.55,TRY,transfer
8888,3,45,2026-02-20,4622.28,TRY,refund
8889,503,37,2025-07-18,4130.89,TRY,refund
8890,490,5,2025-11-22,1839.27,TRY,refund
8891,207,77,2025-09-07,549.74,TRY,refund
8892,744,77,2025-01-06,4140.6,TRY,transfer
8893,350,35,2026-03-12,6261.97,TRY,transfer
8894,546,64,2025-09-04,5036.4,TRY,purchase
8895,774,46,2026-06-14,6777.38,TRY,refund
8896,547,16,2025-03-01,5951.85,TRY,refund
8897,218,13,2025-05-20,6773.93,TRY,purchase
8898,433,54,2025-05-11,2227.33,TRY,refund
8899,797,66,2025-02-19,4811.22,TRY,transfer
8900,336,67,2025-02-22,2154.87,TRY,purchase
8901,799,38,2026-01-31,872.61,TRY,refund
8902,623,60,2025-01-14,305.38,TRY,purchase
8903,939,75,2025-02-26,6763.91,TRY,purchase
8904,462,27,2026-06-16,3555.15,TRY,refund
8905,264,51,2026-03-28,6425.37,TRY,transfer
8906,238,81,2025-11-13,5104.68,TRY,refund
8907,250,52,2026-08-10,1639.2,TRY,transfer
8908,652,5,2026-07-22,4238.59,TRY,purchase
8909,216,14,2026-08-12,3727.28,TRY,transfer
8910,388,64,2025-03-11,3675.26,TRY,purchase
8911,112,26,2025-01-14,2464.07,TRY,purchase
8912,955,85,2026-07-09,4469.06,TRY,transfer
8913,812,91,2025-06-29,2522.06,TRY,purchase
8914,107,12,2026-08-20,4600.38,TRY,purchase
8915,774,46,2025-11-04,6021.54,TRY,purchase
8916,592,38,2025-06-20,4639.58,TRY,refund
8917,65,24,2025-11-18,3961.72,TRY,transfer
8918,640,95,2026-08-27,273.73,TRY,transfer
8919,234,98,2025-05-23,1743.38,TRY,transfer
8920,727,58,2026-03-05,6911.05,TRY,refund
8921,874,56,2025-02-07,6956.34,TRY,refund
8922,852,22,2026-06-21,4049.13,TRY,refund
8923,918,10,2025-07-26,5472.08,TRY,refund
8924,18,83,2025-08-06,3957.94,TRY,refund
8925,564,28,2026-07-01,3238.73,TRY,refund
8926,686,90,2025-07-19,169.0,TRY,purchase
8927,523,26,2026-02-22,1686.95,TRY,transfer
8928,775,73,2025-07-29,4442.8,TRY,transfer
8929,839,58,2025-01-09,1278.92,TRY,refund
8930,249,66,2025-06-20,6144.65,TRY,refund
8931,126,45,2025-11-13,3923.5,TRY,transfer
8932,334,16,2025-08-16,1578.38,TRY,purchase
8933,80,61,2026-06-06,2916.43,TRY,refund
8934,449,58,2026-02-20,5898.67,TRY,refund
8935,74,76,2025-05-20,6913.02,TRY,transfer
8936,573,71,2025-05-19,5347.41,TRY,purchase
8937,61,20,2026-06-28,6791.46,TRY,refund
8938,328,57,2025-10-04,253.81,TRY,transfer
8939,640,97,2025-07-10,1682.83,TRY,purchase
8940,215,54,2025-01-14,2658.94,TRY,refund
8941,543,62,2025-04-24,4170.54,TRY,transfer
8942,174,35,2026-04-29,4643.48,TRY,purchase
8943,388,42,2025-12-16,5259.53,TRY,refund
8944,66,25,2026-02-19,1986.99,TRY,refund
8945,489,34,2026-01-08,681.32,TRY,transfer
8946,317,41,2025-08-23,3179.2,TRY,purchase
8947,364,57,2025-11-04,6808.48,TRY,refund
8948,695,67,2026-06-29,1040.59,TRY,refund
8949,143,93,2026-03-06,4589.77,TRY,transfer
8950,588,7,2025-04-26,5718.28,TRY,refund
8951,972,14,2025-04-16,5736.16,TRY,refund
8952,754,56,2026-05-03,6254.22,TRY,purchase
8953,557,45,2025-03-18,2251.97,TRY,refund
8954,294,95,2026-03-07,3471.23,TRY,purchase
8955,665,48,2025-03-03,4633.91,TRY,transfer
8956,10,78,2026-07-12,1431.87,TRY,transfer
8957,215,9,2026-08-20,1578.91,TRY,refund
8958,332,90,2025-03-03,1258.79,TRY,refund
8959,328,66,2026-03-15,380.31,TRY,transfer
8960,307,96,2025-12-19,2650.22,TRY,transfer
8961,247,27,2026-07-08,4055.02,TRY,purchase
8962,308,80,2026-01-04,986.08,TRY,refund
8963,463,7,2025-12-14,558.37,TRY,refund
8964,740,61,2026-06-28,6571.2,TRY,transfer
8965,137,52,2025-07-16,3757.19,TRY,purchase
8966,844,82,2025-07-27,5632.61,TRY,refund
8967,694,95,2025-05-29,3258.63,TRY,refund
8968,113,86,2026-06-22,5237.14,TRY,refund
8969,792,21,2026-06-08,6366.74,TRY,refund
8970,594,60,2025-09-14,3380.18,TRY,transfer
8971,825,24,2025-08-09,4435.52,TRY,purchase
8972,215,88,2026-07-24,2424.91,TRY,refund
8973,481,72,2026-03-31,5269.65,TRY,transfer
8974,190,53,2026-06-24,689.96,TRY,purchase
8975,941,16,2025-06-08,1268.39,TRY,transfer
8976,975,36,2025-04-03,5407.81,TRY,transfer
8977,987,23,2025-08-17,993.7,TRY,transfer
8978,1,98,2026-02-06,1314.3,TRY,purchase
8979,702,75,2025-09-14,6075.44,TRY,purchase
8980,934,65,2026-01-05,1936.53,TRY,refund
8981,285,9,2026-07-07,4298.15,TRY,refund
8982,552,68,2025-09-02,617.06,TRY,purchase
8983,53,30,2025-12-22,2828.31,TRY,purchase
8984,208,21,2026-06-02,1071.62,TRY,refund
8985,196,42,2025-11-07,6100.13,TRY,purchase
8986,316,58,2026-08-17,5697.0,TRY,transfer
8987,975,49,2026-01-04,3112.34,TRY,refund
8988,849,65,2026-08-22,5002.27,TRY,transfer
8989,143,12,2025-07-19,1051.36,TRY,transfer
8990,813,47,2025-03-03,3681.07,TRY,purchase
8991,871,70,2026-02-22,6352.42,TRY,refund
8992,396,38,2025-08-04,2100.43,TRY,refund
8993,52,88,2026-06-21,5771.56,TRY,transfer
8994,180,27,2025-01-21,4044.81,TRY,refund
8995,558,57,2025-07-01,3654.24,TRY,transfer
8996,656,38,2026-02-09,3278.48,TRY,transfer
8997,219,51,2025-08-03,564.68,TRY,purchase
8998,250,3,2026-07-22,2068.72,TRY,purchase
8999,106,61,2025-06-11,5214.65,TRY,purchase
9000,527,99,2025-01-15,1664.6,TRY,purchase
9001,718,52,2025-11-16,4268.48,TRY,transfer
9002,846,37,2026-05-27,1983.39,TRY,purchase
9003,647,12,2026-03-20,5652.96,TRY,purchase
9004,261,84,2025-08-16,6011.96,TRY,transfer
9005,36,30,2025-04-08,446.22,TRY,transfer
9006,101,50,2026-02-26,1659.38,TRY,refund
9007,442,23,2025-05-28,3678.65,TRY,refund
9008,858,41,2025-11-10,525.15,TRY,purchase
9009,547,82,2025-12-06,3186.93,TRY,refund
9010,156,21,2026-08-12,2476.93,TRY,purchase
9011,650,1,2026-06-08,2199.15,TRY,refund
9012,82,5,2026-01-27,5123.18,TRY,refund
9013,766,6,2025-03-03,1294.94,TRY,refund
9014,913,1,2025-10-31,2943.5,TRY,purchase
9015,653,14,2026-03-29,1847.69,TRY,transfer
9016,344,26,2026-06-08,5808.59,TRY,transfer
9017,109,93,2026-01-24,6240.63,TRY,purchase
9018,924,40,2025-10-12,526.69,TRY,purchase
9019,427,50,2026-05-19,3828.91,TRY,refund
9020,328,61,2025-08-15,5941.62,TRY,purchase
9021,931,10,2026-03-17,2457.04,TRY,purchase
9022,934,88,2025-10-08,1087.08,TRY,purchase
9023,793,68,2026-08-09,1381.39,TRY,refund
9024,761,33,2025-01-15,3237.19,TRY,purchase
9025,658,2,2026-04-21,5296.53,TRY,transfer
9026,529,48,2025-01-25,1199.14,TRY,transfer
9027,675,4,2025-12-21,4478.08,TRY,transfer
9028,32,55,2026-03-21,3122.66,TRY,refund
9029,554,44,2025-08-28,6512.04,TRY,transfer
9030,204,100,2025-05-05,3507.32,TRY,purchase
9031,261,59,2026-08-12,5327.29,TRY,refund
9032,262,95,2025-03-09,1211.52,TRY,transfer
9033,712,22,2025-10-27,5281.13,TRY,transfer
9034,183,21,2025-01-06,5748.41,TRY,purchase
9035,520,86,2026-07-17,524.13,TRY,transfer
9036,186,7,2026-06-06,4113.84,TRY,transfer
9037,363,18,2025-04-24,5916.31,TRY,refund
9038,561,1,2025-05-04,6805.88,TRY,purchase
9039,428,78,2026-03-17,1180.39,TRY,purchase
9040,872,42,2025-02-28,3351.04,TRY,purchase
9041,730,18,2025-10-13,5253.85,TRY,transfer
9042,65,30,2025-10-30,1685.5,TRY,purchase
9043,838,89,2025-06-22,2570.32,TRY,transfer
9044,774,22,2026-05-14,1769.21,TRY,refund
9045,834,20,2025-09-03,3936.85,TRY,transfer
9046,984,37,2025-10-30,349.96,TRY,transfer
9047,860,30,2026-05-09,4503.66,TRY,refund
9048,264,27,2026-08-22,4151.26,TRY,purchase
9049,864,94,2026-07-30,5307.45,TRY,transfer
9050,538,3,2025-07-15,1588.86,TRY,purchase
9051,536,53,2025-09-18,5751.49,TRY,refund
9052,570,53,2025-09-09,5809.83,TRY,transfer
9053,665,6,2026-06-12,2248.88,TRY,purchase
9054,341,8,2025-10-06,6562.73,TRY,transfer
9055,876,64,2025-04-19,2355.37,TRY,purchase
9056,857,41,2025-05-01,3908.51,TRY,purchase
9057,478,63,2025-06-24,751.31,TRY,transfer
9058,54,62,2025-09-17,2036.8,TRY,refund
9059,587,89,2025-08-26,3984.64,TRY,transfer
9060,74,61,2025-05-08,3401.29,TRY,refund
9061,875,92,2025-01-11,226.35,TRY,transfer
9062,263,46,2026-02-08,3704.56,TRY,transfer
9063,705,36,2026-06-27,2784.97,TRY,transfer
9064,956,63,2025-08-02,3362.46,TRY,refund
9065,614,49,2026-02-19,2651.72,TRY,purchase
9066,454,18,2025-08-13,2768.43,TRY,transfer
9067,60,99,2025-10-27,5961.39,TRY,refund
9068,270,14,2025-06-01,66.63,TRY,purchase
9069,557,1,2025-07-17,3065.77,TRY,transfer
9070,216,65,2025-06-07,2502.02,TRY,purchase
9071,810,69,2026-08-23,4383.55,TRY,purchase
9072,314,28,2026-08-18,1744.53,TRY,refund
9073,120,52,2025-01-19,974.39,TRY,transfer
9074,793,91,2025-12-03,3392.4,TRY,refund
9075,383,17,2026-03-17,2942.78,TRY,refund
9076,970,72,2025-02-22,1534.86,TRY,transfer
9077,102,55,2025-07-21,2814.67,TRY,transfer
9078,72,59,2025-11-19,1063.3,TRY,transfer
9079,567,9,2025-09-12,2381.36,TRY,refund
9080,395,35,2025-06-10,4276.5,TRY,transfer
9081,236,97,2025-08-14,99.74,TRY,transfer
9082,782,46,2025-09-04,4203.92,TRY,purchase
9083,759,90,2026-02-11,311.53,TRY,transfer
9084,551,45,2025-07-12,1282.27,TRY,transfer
9085,857,60,2025-08-31,2046.15,TRY,purchase
9086,96,11,2025-09-18,4343.42,TRY,transfer
9087,501,93,2025-11-08,3197.97,TRY,refund
9088,279,94,2026-05-17,1427.9,TRY,transfer
9089,461,60,2025-02-07,1942.71,TRY,transfer
9090,976,79,2025-02-10,4039.95,TRY,refund
9091,470,69,2025-03-11,4230.02,TRY,refund
9092,843,50,2025-12-11,4033.25,TRY,refund
9093,239,79,2026-01-30,676.76,TRY,purchase
9094,680,26,2025-09-14,168.23,TRY,refund
9095,211,52,2026-07-09,6329.49,TRY,transfer
9096,595,13,2025-02-22,3641.84,TRY,transfer
9097,21,38,2025-04-23,4946.22,TRY,refund
9098,990,41,2026-03-16,4381.8,TRY,refund
9099,912,28,2025-02-02,3327.13,TRY,transfer
9100,934,21,2025-04-17,6286.94,TRY,transfer
9101,677,65,2026-04-13,4639.05,TRY,purchase
9102,694,93,2026-03-11,6671.16,TRY,transfer
9103,603,13,2026-02-01,2255.52,TRY,refund
9104,186,30,2026-02-25,1745.78,TRY,purchase
9105,122,5,2025-09-28,3775.44,TRY,refund
9106,451,72,2026-03-06,3155.79,TRY,purchase
9107,964,19,2026-01-30,2307.29,TRY,refund
9108,711,21,2026-07-17,5826.77,TRY,transfer
9109,993,19,2026-08-24,5883.66,TRY,purchase
9110,870,63,2026-07-30,4374.07,TRY,transfer
9111,522,47,2025-06-18,1822.62,TRY,transfer
9112,597,9,2026-02-19,200.31,TRY,transfer
9113,300,13,2025-12-23,4748.16,TRY,transfer
9114,798,43,2026-01-12,1369.24,TRY,transfer
9115,233,8,2025-10-12,1517.24,TRY,refund
9116,209,16,2026-06-27,2259.64,TRY,transfer
9117,414,64,2025-01-23,3461.49,TRY,purchase
9118,446,97,2025-09-19,1801.78,TRY,transfer
9119,945,13,2025-10-05,5253.15,TRY,purchase
9120,5,8,2025-10-06,272.74,TRY,refund
9121,379,53,2025-02-16,1060.0,TRY,purchase
9122,53,94,2026-03-09,2200.19,TRY,purchase
9123,456,99,2026-05-13,1129.17,TRY,refund
9124,537,95,2025-06-15,1251.73,TRY,transfer
9125,516,85,2025-12-05,5249.12,TRY,refund
9126,158,59,2025-07-31,5203.63,TRY,refund
9127,603,92,2026-05-13,4038.55,TRY,transfer
9128,614,20,2026-01-19,822.05,TRY,transfer
9129,942,77,2026-05-07,4833.78,TRY,refund
9130,418,81,2025-11-26,6942.68,TRY,refund
9131,751,47,2026-06-05,6311.33,TRY,refund
9132,857,72,2025-09-07,6684.15,TRY,refund
9133,932,9,2025-03-03,5879.76,TRY,refund
9134,193,76,2025-05-27,2495.15,TRY,transfer
9135,605,8,2026-03-17,4858.55,TRY,refund
9136,471,16,2026-07-26,2280.21,TRY,transfer
9137,411,1,2025-04-20,3338.74,TRY,purchase
9138,718,3,2025-09-21,447.65,TRY,purchase
9139,359,49,2025-03-02,346.25,TRY,purchase
9140,206,13,2026-02-23,4780.9,TRY,refund
9141,477,46,2025-06-01,3372.47,TRY,purchase
9142,449,15,2025-06-09,6171.8,TRY,transfer
9143,724,95,2026-04-25,736.05,TRY,refund
9144,219,95,2025-11-30,84.71,TRY,refund
9145,183,90,2026-04-15,1117.84,TRY,transfer
9146,623,4,2025-10-29,1490.4,TRY,transfer
9147,645,13,2026-05-14,6360.96,TRY,refund
9148,473,51,2025-05-19,6531.8,TRY,purchase
9149,869,57,2025-02-05,1023.98,TRY,refund
9150,320,32,2025-03-15,2785.94,TRY,purchase
9151,589,9,2025-11-23,3581.72,TRY,refund
9152,280,62,2025-05-10,2361.53,TRY,purchase
9153,846,37,2026-01-29,5652.15,TRY,transfer
9154,162,84,2025-02-15,4780.73,TRY,refund
9155,636,3,2026-02-05,4862.06,TRY,purchase
9156,328,91,2025-12-26,249.05,TRY,purchase
9157,403,9,2025-09-01,1816.42,TRY,transfer
9158,639,61,2025-08-20,673.3,TRY,purchase
9159,159,99,2025-02-26,5712.45,TRY,transfer
9160,443,50,2026-03-26,3059.28,TRY,refund
9161,294,84,2025-01-05,2283.77,TRY,transfer
9162,651,23,2025-10-12,1114.27,TRY,transfer
9163,117,89,2026-02-26,6845.3,TRY,refund
9164,227,43,2025-08-18,4914.9,TRY,transfer
9165,764,56,2025-03-17,3275.21,TRY,transfer
9166,13,47,2026-07-22,6228.48,TRY,purchase
9167,1000,67,2025-02-02,6675.93,TRY,refund
9168,230,24,2025-04-29,1580.57,TRY,refund
9169,878,72,2026-07-28,2706.25,TRY,refund
9170,341,48,2025-05-17,2873.16,TRY,refund
9171,123,4,2026-03-28,97.72,TRY,transfer
9172,357,86,2026-01-10,6872.81,TRY,purchase
9173,373,21,2026-01-18,272.1,TRY,refund
9174,545,64,2025-10-01,2039.27,TRY,purchase
9175,791,25,2025-12-18,6500.14,TRY,transfer
9176,597,90,2026-07-14,4133.5,TRY,transfer
9177,178,41,2026-07-29,2792.08,TRY,purchase
9178,896,52,2025-09-10,2209.22,TRY,purchase
9179,36,50,2025-07-11,2356.39,TRY,refund
9180,65,47,2025-03-31,3388.33,TRY,transfer
9181,894,97,2026-04-03,4869.61,TRY,refund
9182,78,75,2025-07-25,3332.86,TRY,transfer
9183,257,76,2025-12-09,1540.8,TRY,purchase
9184,466,26,2025-10-01,5361.31,TRY,refund
9185,827,43,2026-06-27,4531.63,TRY,transfer
9186,68,80,2026-05-20,2973.31,TRY,purchase
9187,115,26,2025-10-03,2929.8,TRY,purchase
9188,407,36,2026-01-21,557.08,TRY,purchase
9189,962,90,2026-03-18,5394.75,TRY,purchase
9190,155,19,2025-05-11,5931.03,TRY,refund
9191,925,100,2026-04-06,293.1,TRY,transfer
9192,523,13,2025-01-03,768.33,TRY,transfer
9193,708,14,2025-06-21,4088.35,TRY,refund
9194,75,79,2026-07-26,3756.0,TRY,purchase
9195,793,72,2025-09-15,1738.88,TRY,refund
9196,568,86,2025-05-03,5670.29,TRY,refund
9197,528,15,2026-05-15,5283.45,TRY,transfer
9198,256,2,2025-01-15,3657.95,TRY,purchase
9199,332,66,2026-07-09,5648.87,TRY,transfer
9200,894,2,2025-12-04,5972.29,TRY,transfer
9201,43,70,2025-05-04,1889.04,TRY,purchase
9202,222,37,2025-01-26,2392.62,TRY,purchase
9203,567,95,2025-04-26,4870.25,TRY,purchase
9204,348,49,2025-08-15,2402.09,TRY,transfer
9205,531,93,2026-03-19,5676.3,TRY,transfer
9206,605,5,2025-07-08,6730.78,TRY,purchase
9207,71,13,2026-02-25,4917.55,TRY,transfer
9208,311,54,2025-01-23,6230.16,TRY,transfer
9209,77,21,2025-10-25,6341.91,TRY,refund
9210,850,55,2025-09-22,1026.42,TRY,purchase
9211,153,91,2025-12-22,3970.55,TRY,purchase
9212,407,100,2025-06-12,379.99,TRY,refund
9213,637,66,2026-07-28,5488.28,TRY,refund
9214,599,89,2025-11-25,4199.75,TRY,purchase
9215,399,1,2026-08-16,1057.48,TRY,purchase
9216,230,11,2025-09-23,5220.71,TRY,refund
9217,428,88,2025-12-29,3478.15,TRY,purchase
9218,778,54,2026-02-05,2493.87,TRY,transfer
9219,647,13,2025-08-05,178.44,TRY,transfer
9220,639,45,2025-02-28,2136.38,TRY,transfer
9221,584,87,2026-02-10,2049.1,TRY,purchase
9222,408,35,2025-12-27,295.46,TRY,refund
9223,148,93,2026-08-01,6145.0,TRY,purchase
9224,814,17,2025-05-11,5932.2,TRY,purchase
9225,484,19,2025-10-05,6255.55,TRY,transfer
9226,940,63,2026-01-30,1797.62,TRY,purchase
9227,424,13,2025-08-11,4693.12,TRY,transfer
9228,373,100,2026-01-07,3440.25,TRY,refund
9229,558,51,2025-05-02,3537.82,TRY,purchase
9230,705,42,2026-06-01,1416.54,TRY,purchase
9231,320,5,2026-06-15,1550.35,TRY,refund
9232,649,36,2025-05-25,4733.8,TRY,refund
9233,528,68,2025-12-28,3960.9,TRY,transfer
9234,128,76,2025-06-26,125.94,TRY,transfer
9235,393,48,2026-01-26,4300.31,TRY,purchase
9236,380,86,2026-03-01,5675.44,TRY,refund
9237,447,89,2025-06-17,989.22,TRY,refund
9238,552,31,2025-03-26,5647.28,TRY,refund
9239,349,30,2025-09-18,876.91,TRY,purchase
9240,628,95,2025-12-19,6757.46,TRY,transfer
9241,482,72,2025-02-03,1143.77,TRY,purchase
9242,916,66,2025-01-19,633.75,TRY,refund
9243,510,11,2025-01-28,2955.05,TRY,transfer
9244,304,47,2025-01-19,951.97,TRY,refund
9245,677,98,2026-08-09,2018.12,TRY,refund
9246,229,100,2026-01-09,4675.28,TRY,refund
9247,98,83,2025-10-16,4881.69,TRY,transfer
9248,75,4,2025-08-11,1320.23,TRY,purchase
9249,754,90,2025-05-07,5792.34,TRY,refund
9250,859,85,2026-03-14,6765.0,TRY,transfer
9251,653,7,2026-03-11,2965.76,TRY,refund
9252,983,96,2025-09-21,3305.45,TRY,transfer
9253,650,18,2025-02-22,4992.76,TRY,purchase
9254,82,85,2025-03-04,2081.02,TRY,transfer
9255,236,66,2025-09-14,1743.36,TRY,refund
9256,867,72,2025-06-27,2772.08,TRY,purchase
9257,658,70,2026-04-03,3292.05,TRY,refund
9258,805,80,2025-12-21,4517.56,TRY,purchase
9259,888,96,2025-10-17,1014.42,TRY,refund
9260,217,76,2025-08-20,6589.41,TRY,purchase
9261,138,34,2025-05-12,2533.38,TRY,refund
9262,489,58,2025-07-05,3202.8,TRY,refund
9263,371,58,2025-12-14,354.35,TRY,purchase
9264,675,67,2026-06-23,6143.3,TRY,purchase
9265,96,13,2025-10-16,3693.79,TRY,refund
9266,36,30,2026-01-23,1343.44,TRY,purchase
9267,597,51,2026-07-02,3434.52,TRY,transfer
9268,895,39,2025-06-30,5683.12,TRY,purchase
9269,777,96,2025-10-20,3245.61,TRY,transfer
9270,641,89,2026-08-25,5407.57,TRY,purchase
9271,378,85,2026-05-31,5545.34,TRY,refund
9272,458,97,2026-05-02,410.72,TRY,refund
9273,591,90,2025-09-08,4783.64,TRY,purchase
9274,539,44,2025-09-05,933.0,TRY,transfer
9275,56,20,2025-11-21,2187.2,TRY,purchase
9276,873,54,2026-05-01,4152.53,TRY,refund
9277,422,96,2026-04-01,4521.02,TRY,transfer
9278,681,9,2026-06-17,6955.78,TRY,transfer
9279,530,56,2025-08-09,5028.7,TRY,transfer
9280,942,11,2025-08-19,6090.7,TRY,refund
9281,634,92,2025-10-25,5466.27,TRY,refund
9282,805,75,2025-05-19,4935.76,TRY,purchase
9283,118,92,2026-07-28,2360.51,TRY,refund
9284,178,30,2025-12-07,6729.41,TRY,purchase
9285,90,80,2025-10-15,3235.17,TRY,refund
9286,500,74,2026-03-09,980.72,TRY,transfer
9287,202,65,2026-08-21,2665.93,TRY,refund
9288,300,99,2026-07-31,6606.71,TRY,refund
9289,696,60,2026-08-07,619.54,TRY,refund
9290,568,81,2025-06-07,5674.43,TRY,purchase
9291,21,6,2026-07-18,5032.33,TRY,purchase
9292,24,4,2025-04-10,5201.64,TRY,purchase
9293,517,53,2026-03-03,4181.13,TRY,refund
9294,187,41,2025-03-29,2266.24,TRY,refund
9295,601,44,2025-04-21,1788.44,TRY,transfer
9296,786,97,2025-02-13,3964.14,TRY,refund
9297,456,13,2025-01-15,4653.32,TRY,purchase
9298,2,92,2025-09-29,4425.51,TRY,refund
9299,528,89,2026-05-11,6303.47,TRY,refund
9300,161,85,2025-06-28,3396.72,TRY,transfer
9301,922,83,2025-10-28,6138.46,TRY,transfer
9302,709,76,2026-02-08,2976.3,TRY,transfer
9303,676,17,2025-11-01,5716.46,TRY,purchase
9304,874,6,2025-12-20,822.47,TRY,purchase
9305,601,60,2025-06-09,5205.74,TRY,purchase
9306,185,84,2025-08-11,6055.22,TRY,refund
9307,211,98,2025-08-29,2306.28,TRY,refund
9308,475,48,2026-04-04,4765.32,TRY,refund
9309,455,28,2025-09-14,6324.34,TRY,purchase
9310,398,99,2025-12-09,3733.59,TRY,refund
9311,331,7,2025-07-31,4666.0,TRY,purchase
9312,307,91,2026-08-28,3074.47,TRY,purchase
9313,263,1,2026-04-27,6388.98,TRY,purchase
9314,645,88,2025-07-06,6074.81,TRY,purchase
9315,979,53,2025-03-29,6583.79,TRY,transfer
9316,611,5,2026-05-08,5899.74,TRY,refund
9317,403,91,2026-02-27,4237.65,TRY,refund
9318,853,86,2025-10-07,3332.48,TRY,transfer
9319,93,59,2025-05-03,5259.88,TRY,purchase
9320,297,99,2025-08-24,2590.4,TRY,refund
9321,513,85,2025-09-08,5482.79,TRY,transfer
9322,52,28,2025-06-07,2450.89,TRY,purchase
9323,397,74,2026-01-16,5011.6,TRY,refund
9324,334,69,2026-04-02,5098.98,TRY,refund
9325,502,27,2025-11-24,5110.48,TRY,refund
9326,993,72,2025-04-06,5227.9,TRY,transfer
9327,512,23,2026-06-20,4826.24,TRY,transfer
9328,610,39,2026-04-18,5891.14,TRY,refund
9329,971,93,2026-03-02,5249.17,TRY,purchase
9330,188,88,2026-01-23,635.41,TRY,transfer
9331,715,82,2025-07-29,4600.7,TRY,transfer
9332,955,31,2025-04-20,5401.13,TRY,refund
9333,181,57,2025-12-08,2773.35,TRY,refund
9334,262,29,2026-08-18,6075.07,TRY,purchase
9335,598,41,2025-03-07,4414.24,TRY,refund
9336,403,52,2025-08-11,6991.88,TRY,purchase
9337,668,51,2025-07-25,2742.68,TRY,transfer
9338,948,16,2025-02-25,2523.75,TRY,purchase
9339,399,34,2025-02-27,3128.43,TRY,refund
9340,892,95,2025-02-26,6100.24,TRY,transfer
9341,111,12,2025-07-29,5191.45,TRY,refund
9342,784,97,2025-07-20,6118.04,TRY,transfer
9343,747,61,2025-09-10,4238.38,TRY,refund
9344,954,21,2026-05-10,6454.96,TRY,purchase
9345,784,77,2025-11-21,4073.6,TRY,transfer
9346,402,57,2026-04-17,3292.32,TRY,purchase
9347,343,47,2025-11-02,3627.47,TRY,transfer
9348,732,99,2025-02-07,3329.94,TRY,purchase
9349,711,76,2026-01-29,4270.71,TRY,transfer
9350,953,13,2025-11-30,2061.24,TRY,transfer
9351,188,62,2025-01-10,366.39,TRY,purchase
9352,588,32,2025-08-11,5435.99,TRY,purchase
9353,218,17,2026-02-05,3575.02,TRY,purchase
9354,483,34,2026-03-07,157.59,TRY,purchase
9355,256,56,2026-07-13,5913.26,TRY,refund
9356,78,47,2026-05-27,3384.57,TRY,transfer
9357,139,95,2025-03-11,3693.58,TRY,purchase
9358,718,81,2026-01-19,460.61,TRY,transfer
9359,362,53,2025-03-29,3320.99,TRY,transfer
9360,929,47,2025-12-11,3914.67,TRY,purchase
9361,159,29,2026-01-13,2543.49,TRY,purchase
9362,708,70,2025-11-27,3903.48,TRY,transfer
9363,27,56,2025-07-19,60.08,TRY,transfer
9364,155,99,2025-06-01,3837.63,TRY,transfer
9365,182,78,2025-08-17,5585.7,TRY,refund
9366,974,19,2026-07-11,5979.95,TRY,transfer
9367,628,64,2025-04-17,2634.46,TRY,purchase
9368,360,77,2026-02-24,2116.24,TRY,purchase
9369,421,68,2025-11-14,5956.44,TRY,refund
9370,273,53,2025-10-11,4737.7,TRY,refund
9371,35,59,2025-06-04,6280.13,TRY,purchase
9372,106,98,2025-01-11,6464.64,TRY,purchase
9373,564,46,2025-02-20,3693.82,TRY,purchase
9374,958,70,2026-05-07,2226.32,TRY,transfer
9375,318,45,2025-01-27,5235.27,TRY,refund
9376,556,15,2025-01-13,2254.02,TRY,purchase
9377,112,1,2026-07-30,6333.27,TRY,transfer
9378,912,88,2026-03-07,3415.64,TRY,refund
9379,824,34,2025-09-17,3506.85,TRY,purchase
9380,603,28,2026-04-03,3729.11,TRY,transfer
9381,562,55,2026-01-21,1373.15,TRY,refund
9382,805,82,2025-10-30,2732.86,TRY,refund
9383,249,29,2025-08-28,2116.43,TRY,refund
9384,454,36,2026-08-11,2870.8,TRY,purchase
9385,204,62,2026-08-15,6261.27,TRY,purchase
9386,160,89,2026-03-17,6440.74,TRY,purchase
9387,515,15,2025-03-18,2427.6,TRY,purchase
9388,224,63,2025-10-25,1463.02,TRY,transfer
9389,511,32,2025-10-23,6908.86,TRY,purchase
9390,331,22,2025-04-29,4210.0,TRY,purchase
9391,328,82,2025-01-04,1782.44,TRY,purchase
9392,770,54,2025-01-28,4377.71,TRY,transfer
9393,578,55,2025-06-17,4174.3,TRY,refund
9394,364,76,2026-05-14,3167.26,TRY,refund
9395,387,3,2026-08-09,3737.78,TRY,transfer
9396,959,41,2026-08-18,821.66,TRY,transfer
9397,96,57,2025-11-02,3403.13,TRY,transfer
9398,238,50,2026-03-23,2566.57,TRY,transfer
9399,452,83,2026-06-26,3699.53,TRY,transfer
9400,462,39,2026-06-03,5237.61,TRY,transfer
9401,697,45,2026-01-06,3179.73,TRY,purchase
9402,116,81,2026-07-03,1787.09,TRY,refund
9403,271,93,2026-02-04,470.35,TRY,refund
9404,249,73,2025-11-24,1284.01,TRY,refund
9405,257,62,2026-05-04,3393.94,TRY,purchase
9406,450,82,2025-06-11,573.92,TRY,purchase
9407,520,36,2026-06-12,3196.61,TRY,refund
9408,393,10,2025-03-25,6495.86,TRY,transfer
9409,853,67,2026-04-26,2338.13,TRY,refund
9410,607,86,2026-07-05,5941.44,TRY,purchase
9411,130,94,2025-07-11,5701.55,TRY,purchase
9412,655,100,2025-01-30,6428.65,TRY,refund
9413,604,2,2025-11-24,2020.83,TRY,transfer
9414,117,57,2025-08-24,2670.89,TRY,transfer
9415,374,37,2025-02-03,2271.19,TRY,transfer
9416,69,74,2025-08-18,1955.2,TRY,purchase
9417,298,53,2025-05-09,6020.91,TRY,transfer
9418,891,61,2025-04-16,6865.12,TRY,purchase
9419,625,30,2025-09-10,6565.4,TRY,purchase
9420,794,98,2026-02-21,2366.92,TRY,purchase
9421,381,25,2026-01-13,4295.47,TRY,refund
9422,322,75,2026-07-09,160.55,TRY,refund
9423,831,21,2026-05-31,1317.61,TRY,transfer
9424,123,77,2026-02-18,6415.26,TRY,transfer
9425,502,72,2026-05-16,5352.07,TRY,refund
9426,649,61,2026-06-01,4568.45,TRY,transfer
9427,150,100,2026-05-03,6889.94,TRY,refund
9428,873,55,2025-09-11,350.87,TRY,refund
9429,467,29,2026-08-18,4495.76,TRY,transfer
9430,743,32,2026-03-24,5921.89,TRY,refund
9431,28,73,2026-05-27,4608.28,TRY,refund
9432,516,42,2025-12-10,6833.05,TRY,purchase
9433,703,83,2025-10-27,1956.54,TRY,refund
9434,678,6,2026-03-31,4935.71,TRY,transfer
9435,410,21,2025-01-28,4810.16,TRY,purchase
9436,952,57,2025-08-25,4980.48,TRY,transfer
9437,973,19,2026-02-19,2502.73,TRY,refund
9438,530,21,2025-12-20,2041.75,TRY,purchase
9439,17,43,2025-11-08,4701.56,TRY,transfer
9440,360,55,2026-05-27,865.05,TRY,refund
9441,453,41,2025-07-28,4096.69,TRY,transfer
9442,969,57,2025-06-18,1960.17,TRY,transfer
9443,324,71,2025-04-03,5022.41,TRY,transfer
9444,806,71,2026-04-17,4700.76,TRY,transfer
9445,688,65,2025-11-08,69.88,TRY,refund
9446,729,41,2025-07-25,4840.96,TRY,purchase
9447,374,26,2026-02-06,2384.35,TRY,transfer
9448,489,19,2026-03-24,3660.58,TRY,transfer
9449,969,48,2025-02-04,5390.58,TRY,transfer
9450,715,4,2025-12-24,592.86,TRY,purchase
9451,873,6,2026-02-23,4249.95,TRY,refund
9452,187,9,2025-05-12,3752.41,TRY,refund
9453,398,71,2025-09-06,3878.48,TRY,purchase
9454,848,24,2026-05-11,6058.07,TRY,transfer
9455,960,43,2025-08-18,3159.57,TRY,transfer
9456,790,20,2025-04-25,2035.72,TRY,transfer
9457,588,22,2025-11-14,609.61,TRY,refund
9458,106,62,2025-09-05,37.61,TRY,refund
9459,706,25,2026-08-03,266.67,TRY,transfer
9460,381,68,2025-08-09,252.71,TRY,transfer
9461,268,88,2026-05-29,1445.24,TRY,refund
9462,798,98,2026-06-13,6503.48,TRY,refund
9463,454,21,2025-07-23,3759.4,TRY,refund
9464,345,86,2026-02-28,340.58,TRY,refund
9465,487,62,2026-01-16,6969.86,TRY,refund
9466,578,46,2026-04-05,5496.94,TRY,transfer
9467,936,97,2025-12-01,2048.46,TRY,purchase
9468,327,96,2026-03-29,3380.11,TRY,transfer
9469,134,46,2025-01-13,2069.78,TRY,purchase
9470,337,89,2026-06-30,4563.89,TRY,transfer
9471,515,71,2025-03-08,200.02,TRY,transfer
9472,934,41,2025-11-30,3709.62,TRY,purchase
9473,217,44,2026-05-12,3536.88,TRY,refund
9474,804,61,2025-06-02,344.33,TRY,purchase
9475,157,37,2025-04-27,134.58,TRY,refund
9476,88,48,2025-03-02,5528.68,TRY,transfer
9477,973,98,2025-11-07,4067.38,TRY,purchase
9478,416,49,2025-01-15,3670.52,TRY,purchase
9479,439,99,2025-04-28,620.21,TRY,transfer
9480,376,81,2026-01-27,6785.06,TRY,purchase
9481,237,83,2025-10-19,136.19,TRY,refund
9482,452,85,2025-12-31,334.37,TRY,purchase
9483,893,40,2025-12-10,3872.93,TRY,purchase
9484,972,83,2026-07-22,4118.38,TRY,purchase
9485,642,62,2025-01-24,2854.84,TRY,transfer
9486,638,88,2025-02-08,6489.43,TRY,refund
9487,318,78,2025-11-12,4374.23,TRY,refund
9488,448,84,2025-12-23,5178.93,TRY,transfer
9489,845,65,2025-02-11,6443.79,TRY,purchase
9490,808,84,2026-02-08,1493.94,TRY,purchase
9491,414,38,2026-05-14,997.93,TRY,purchase
9492,312,47,2025-11-30,5403.08,TRY,transfer
9493,100,63,2025-02-09,3677.36,TRY,purchase
9494,242,45,2025-03-08,5480.79,TRY,refund
9495,893,83,2025-07-08,1839.23,TRY,transfer
9496,652,79,2026-02-21,2821.62,TRY,purchase
9497,688,78,2025-02-06,5397.49,TRY,transfer
9498,36,34,2026-01-01,1497.8,TRY,transfer
9499,562,3,2025-10-07,4916.3,TRY,transfer
9500,564,98,2026-07-11,5597.25,TRY,refund
9501,508,81,2025-06-19,5898.34,TRY,purchase
9502,309,2,2026-08-13,2647.83,TRY,transfer
9503,449,7,2026-08-02,4065.26,TRY,refund
9504,216,10,2026-05-25,5775.95,TRY,transfer
9505,514,15,2026-02-12,6788.04,TRY,transfer
9506,933,72,2025-04-16,1575.69,TRY,purchase
9507,236,81,2026-07-13,2072.52,TRY,transfer
9508,112,87,2025-07-04,3855.62,TRY,refund
9509,56,13,2026-01-26,1781.63,TRY,refund
9510,950,53,2026-01-30,6967.39,TRY,refund
9511,450,30,2025-04-25,1100.42,TRY,refund
9512,225,54,2025-04-21,908.07,TRY,refund
9513,608,65,2026-04-09,2774.74,TRY,purchase
9514,806,97,2026-08-22,2495.49,TRY,refund
9515,811,96,2026-08-22,6593.89,TRY,refund
9516,287,47,2025-02-08,3896.5,TRY,transfer
9517,578,83,2026-06-02,4325.93,TRY,refund
9518,123,60,2025-08-26,4571.16,TRY,purchase
9519,777,44,2026-05-23,676.45,TRY,refund
9520,38,36,2025-06-26,2690.93,TRY,purchase
9521,272,99,2025-09-16,3145.63,TRY,refund
9522,341,5,2025-09-29,1852.2,TRY,purchase
9523,379,24,2026-03-17,1843.43,TRY,refund
9524,699,85,2026-05-28,5184.2,TRY,purchase
9525,614,54,2025-10-20,5104.23,TRY,refund
9526,264,12,2026-08-11,5591.17,TRY,purchase
9527,856,29,2026-04-20,3912.78,TRY,refund
9528,610,65,2026-05-12,5802.87,TRY,purchase
9529,22,78,2025-07-13,5677.88,TRY,purchase
9530,455,32,2026-09-01,2757.4,TRY,refund
9531,754,22,2025-11-16,6294.7,TRY,refund
9532,687,54,2025-01-03,4941.13,TRY,refund
9533,289,85,2025-05-04,2190.73,TRY,refund
9534,866,98,2025-10-04,43.75,TRY,purchase
9535,446,89,2025-05-07,1348.54,TRY,purchase
9536,290,20,2025-11-30,2485.49,TRY,refund
9537,89,72,2025-07-22,1020.78,TRY,refund
9538,738,20,2025-04-01,1470.6,TRY,refund
9539,962,16,2026-01-04,2425.85,TRY,purchase
9540,590,86,2025-12-27,1926.73,TRY,purchase
9541,892,81,2026-01-06,5413.67,TRY,refund
9542,348,1,2026-01-12,2825.7,TRY,transfer
9543,516,82,2025-03-05,3583.66,TRY,refund
9544,663,68,2025-06-26,4885.92,TRY,refund
9545,161,61,2025-03-15,1076.05,TRY,purchase
9546,211,40,2025-02-03,4852.02,TRY,purchase
9547,673,80,2025-08-05,3431.22,TRY,purchase
9548,751,32,2025-06-05,2858.83,TRY,purchase
9549,463,32,2025-09-07,1099.46,TRY,refund
9550,129,58,2026-04-03,6412.91,TRY,refund
9551,450,38,2026-03-21,6176.98,TRY,refund
9552,934,65,2026-06-05,6022.23,TRY,transfer
9553,650,38,2026-01-30,3771.25,TRY,refund
9554,656,91,2026-04-14,5272.89,TRY,transfer
9555,703,20,2026-08-12,2040.91,TRY,transfer
9556,626,25,2025-03-16,1424.75,TRY,refund
9557,355,82,2026-05-22,1115.74,TRY,transfer
9558,769,52,2026-02-23,3542.34,TRY,transfer
9559,835,78,2025-01-05,6370.58,TRY,refund
9560,236,52,2026-03-09,6285.0,TRY,transfer
9561,514,27,2025-07-11,241.61,TRY,purchase
9562,407,16,2025-07-31,6122.58,TRY,refund
9563,461,77,2025-01-16,2403.97,TRY,refund
9564,43,27,2026-07-22,4770.51,TRY,purchase
9565,194,26,2025-04-15,4586.21,TRY,transfer
9566,964,94,2025-04-09,3594.39,TRY,purchase
9567,408,52,2025-10-14,3793.05,TRY,purchase
9568,162,32,2026-03-10,963.5,TRY,purchase
9569,890,16,2025-08-16,3515.12,TRY,transfer
9570,756,79,2026-01-10,6686.15,TRY,purchase
9571,113,46,2025-10-10,5428.76,TRY,transfer
9572,916,31,2026-07-31,3398.49,TRY,purchase
9573,369,63,2025-09-09,1835.43,TRY,purchase
9574,881,41,2026-08-17,5628.2,TRY,purchase
9575,690,49,2026-03-13,105.94,TRY,refund
9576,867,24,2025-08-30,5015.76,TRY,refund
9577,62,38,2026-02-11,284.36,TRY,purchase
9578,421,84,2025-06-28,5671.98,TRY,refund
9579,884,64,2026-07-20,4480.9,TRY,purchase
9580,149,44,2025-04-18,4475.53,TRY,transfer
9581,714,19,2026-03-13,6732.43,TRY,purchase
9582,966,100,2025-09-08,2374.71,TRY,refund
9583,129,9,2025-03-03,3714.98,TRY,purchase
9584,80,42,2026-05-07,5913.58,TRY,transfer
9585,509,84,2025-01-19,2774.89,TRY,transfer
9586,630,68,2025-03-07,279.45,TRY,transfer
9587,490,83,2025-12-29,1303.87,TRY,refund
9588,544,51,2026-03-05,6530.79,TRY,purchase
9589,547,28,2026-03-05,3875.37,TRY,refund
9590,571,87,2025-06-17,813.7,TRY,purchase
9591,454,29,2026-04-28,6899.76,TRY,purchase
9592,539,88,2026-04-10,597.64,TRY,refund
9593,773,26,2026-08-16,144.87,TRY,transfer
9594,11,78,2025-06-08,202.64,TRY,purchase
9595,350,95,2026-02-05,1256.03,TRY,purchase
9596,494,1,2025-07-01,6894.93,TRY,refund
9597,505,37,2026-06-10,5780.77,TRY,transfer
9598,460,80,2026-06-20,5019.55,TRY,transfer
9599,631,22,2025-03-06,1632.63,TRY,refund
9600,234,69,2025-05-01,6230.51,TRY,purchase
9601,157,77,2025-08-01,1226.99,TRY,transfer
9602,465,86,2025-06-28,6749.22,TRY,refund
9603,263,5,2025-04-25,2091.07,TRY,transfer
9604,874,87,2025-09-12,3863.66,TRY,refund
9605,502,99,2026-01-12,2055.65,TRY,transfer
9606,88,65,2026-07-04,2824.69,TRY,refund
9607,370,77,2025-10-02,3192.56,TRY,purchase
9608,59,61,2026-08-11,1232.42,TRY,refund
9609,772,55,2025-08-10,2810.49,TRY,transfer
9610,856,67,2025-09-05,3356.73,TRY,refund
9611,369,82,2026-01-10,4545.3,TRY,refund
9612,852,44,2026-07-12,1723.18,TRY,refund
9613,370,5,2025-01-14,6124.03,TRY,refund
9614,766,60,2025-02-02,4327.17,TRY,purchase
9615,750,25,2025-04-29,3117.73,TRY,purchase
9616,98,81,2025-03-21,5559.33,TRY,refund
9617,602,91,2026-05-28,36.51,TRY,purchase
9618,215,31,2025-04-23,5647.17,TRY,refund
9619,690,54,2026-08-18,2955.26,TRY,purchase
9620,119,7,2025-03-27,2200.43,TRY,purchase
9621,93,80,2025-07-24,6923.11,TRY,purchase
9622,335,24,2025-01-08,5947.47,TRY,refund
9623,171,23,2026-01-28,400.82,TRY,transfer
9624,213,10,2026-02-02,5207.82,TRY,purchase
9625,779,50,2026-02-13,5868.4,TRY,purchase
9626,237,15,2026-01-24,679.55,TRY,purchase
9627,926,71,2025-06-09,1348.3,TRY,purchase
9628,66,61,2025-03-29,4843.86,TRY,purchase
9629,617,75,2025-10-30,2228.72,TRY,transfer
9630,257,6,2025-12-09,5341.62,TRY,transfer
9631,682,82,2026-08-10,2546.61,TRY,transfer
9632,76,77,2025-01-12,59.64,TRY,refund
9633,423,99,2026-03-28,5589.52,TRY,purchase
9634,653,46,2025-06-11,5621.93,TRY,purchase
9635,374,77,2026-01-13,627.46,TRY,refund
9636,245,47,2025-07-06,1860.86,TRY,purchase
9637,668,4,2025-06-03,4937.6,TRY,transfer
9638,803,97,2026-01-21,3362.98,TRY,purchase
9639,56,51,2026-03-01,2299.2,TRY,refund
9640,23,22,2025-10-29,4076.21,TRY,purchase
9641,376,58,2026-03-27,3117.69,TRY,purchase
9642,681,39,2026-08-17,326.04,TRY,refund
9643,88,64,2025-12-12,1357.67,TRY,purchase
9644,731,64,2026-05-21,4864.81,TRY,transfer
9645,787,45,2025-06-17,2768.48,TRY,purchase
9646,324,68,2026-04-21,6608.27,TRY,transfer
9647,640,91,2026-06-21,4171.54,TRY,transfer
9648,119,52,2026-07-22,6035.83,TRY,purchase
9649,489,14,2025-11-21,6063.07,TRY,purchase
9650,96,9,2025-09-22,1154.12,TRY,refund
9651,119,21,2025-10-27,4918.0,TRY,transfer
9652,320,47,2025-11-09,6763.75,TRY,refund
9653,223,10,2025-07-28,3116.81,TRY,transfer
9654,482,92,2025-09-28,665.01,TRY,purchase
9655,699,53,2026-02-16,4187.84,TRY,refund
9656,927,41,2025-02-24,3808.39,TRY,refund
9657,759,1,2025-07-16,1794.08,TRY,purchase
9658,666,12,2026-05-20,2835.15,TRY,purchase
9659,473,4,2026-02-01,747.78,TRY,transfer
9660,898,5,2025-04-27,742.63,TRY,purchase
9661,463,28,2026-06-30,1567.16,TRY,purchase
9662,681,67,2025-03-31,3196.44,TRY,purchase
9663,961,32,2025-11-22,3301.5,TRY,refund
9664,367,55,2025-09-23,105.26,TRY,purchase
9665,584,9,2025-11-21,2049.57,TRY,purchase
9666,800,52,2025-02-28,4973.06,TRY,refund
9667,567,20,2025-10-25,544.34,TRY,refund
9668,891,36,2025-07-30,1913.22,TRY,transfer
9669,177,39,2025-03-13,5856.79,TRY,refund
9670,900,61,2025-11-21,6146.0,TRY,transfer
9671,406,56,2025-05-28,1937.76,TRY,transfer
9672,150,17,2025-08-23,6667.28,TRY,purchase
9673,660,55,2025-10-28,901.55,TRY,purchase
9674,816,11,2026-03-09,6445.55,TRY,refund
9675,410,8,2025-08-18,3639.27,TRY,transfer
9676,829,45,2025-04-11,4402.84,TRY,refund
9677,629,20,2025-09-01,1967.96,TRY,transfer
9678,433,51,2025-11-23,1045.1,TRY,refund
9679,294,55,2025-09-21,2286.77,TRY,purchase
9680,101,56,2025-10-04,4071.81,TRY,refund
9681,10,56,2025-02-04,5458.31,TRY,transfer
9682,842,37,2025-04-16,690.98,TRY,purchase
9683,488,84,2025-04-17,6520.81,TRY,transfer
9684,691,38,2026-03-12,5204.95,TRY,purchase
9685,648,14,2025-01-13,6626.42,TRY,transfer
9686,613,88,2025-02-16,4480.04,TRY,transfer
9687,439,74,2025-11-25,3181.03,TRY,refund
9688,55,15,2026-07-25,5609.08,TRY,transfer
9689,233,2,2025-10-08,763.21,TRY,transfer
9690,331,82,2025-10-12,4478.31,TRY,refund
9691,314,64,2025-09-04,1682.06,TRY,transfer
9692,229,48,2026-04-26,1755.29,TRY,transfer
9693,490,5,2025-04-07,4660.68,TRY,transfer
9694,791,47,2025-06-09,5855.99,TRY,refund
9695,857,31,2025-03-20,4667.01,TRY,transfer
9696,496,41,2025-02-19,1793.71,TRY,purchase
9697,815,73,2025-08-08,3326.9,TRY,purchase
9698,934,96,2025-04-29,3638.01,TRY,transfer
9699,408,72,2026-08-10,4881.79,TRY,refund
9700,660,3,2026-01-03,1200.68,TRY,purchase
9701,336,93,2025-12-29,246.91,TRY,refund
9702,495,74,2025-06-06,3525.29,TRY,transfer
9703,274,58,2025-06-06,2746.19,TRY,transfer
9704,51,51,2025-07-30,5192.25,TRY,transfer
9705,621,82,2025-06-26,2030.38,TRY,refund
9706,963,82,2025-04-08,650.89,TRY,refund
9707,883,35,2025-02-06,5691.24,TRY,transfer
9708,742,82,2026-01-26,1258.96,TRY,refund
9709,526,83,2025-01-27,3583.45,TRY,transfer
9710,754,96,2025-02-25,2768.39,TRY,purchase
9711,92,98,2025-05-06,1067.65,TRY,transfer
9712,842,16,2026-04-17,6557.13,TRY,refund
9713,618,18,2026-07-22,1056.67,TRY,purchase
9714,215,31,2025-03-25,1313.93,TRY,refund
9715,498,64,2025-05-21,2436.59,TRY,transfer
9716,726,28,2026-06-16,5962.16,TRY,refund
9717,127,55,2025-06-29,4829.69,TRY,transfer
9718,119,34,2025-04-05,1342.57,TRY,purchase
9719,509,84,2026-05-22,1336.63,TRY,purchase
9720,324,84,2026-05-19,1643.01,TRY,refund
9721,884,33,2025-07-04,6359.25,TRY,purchase
9722,693,40,2025-06-04,102.82,TRY,refund
9723,190,5,2026-03-26,4165.55,TRY,refund
9724,268,15,2026-01-14,4553.39,TRY,refund
9725,68,80,2025-10-22,1021.45,TRY,purchase
9726,881,85,2025-12-04,6974.7,TRY,purchase
9727,680,43,2025-08-20,6667.21,TRY,transfer
9728,827,1,2026-08-12,2561.67,TRY,transfer
9729,869,95,2026-07-15,3452.04,TRY,transfer
9730,820,91,2025-08-18,2779.76,TRY,transfer
9731,803,24,2026-05-16,1491.77,TRY,transfer
9732,357,59,2025-06-02,1573.24,TRY,transfer
9733,642,13,2026-03-09,6727.04,TRY,purchase
9734,131,75,2025-06-02,613.77,TRY,refund
9735,107,14,2025-03-17,1690.87,TRY,purchase
9736,52,14,2025-01-31,3338.46,TRY,purchase
9737,382,98,2025-02-15,1263.28,TRY,refund
9738,415,74,2025-10-13,6683.66,TRY,refund
9739,729,94,2025-04-17,1210.3,TRY,purchase
9740,843,94,2025-05-10,1285.89,TRY,purchase
9741,929,5,2026-07-26,3398.99,TRY,purchase
9742,537,97,2025-11-26,6207.66,TRY,refund
9743,61,99,2026-08-13,2144.76,TRY,transfer
9744,851,14,2025-09-12,3370.67,TRY,transfer
9745,999,46,2026-07-30,6148.28,TRY,transfer
9746,211,62,2025-06-23,884.78,TRY,purchase
9747,435,95,2026-07-22,1316.91,TRY,refund
9748,666,7,2026-06-13,65.54,TRY,transfer
9749,215,58,2025-03-11,2619.19,TRY,transfer
9750,238,10,2026-04-05,5900.3,TRY,refund
9751,277,92,2026-07-12,3922.6,TRY,purchase
9752,554,1,2025-07-22,3120.95,TRY,refund
9753,666,57,2025-08-25,3815.23,TRY,purchase
9754,229,27,2026-04-02,447.18,TRY,refund
9755,589,35,2026-02-10,1199.97,TRY,refund
9756,321,40,2025-02-01,3088.56,TRY,refund
9757,904,2,2025-01-16,2259.69,TRY,purchase
9758,941,46,2025-11-26,4557.08,TRY,transfer
9759,532,17,2025-07-29,6422.19,TRY,transfer
9760,741,13,2025-05-08,5457.8,TRY,purchase
9761,684,72,2025-07-03,3961.26,TRY,transfer
9762,238,67,2025-11-26,424.55,TRY,purchase
9763,747,69,2025-10-15,3455.24,TRY,transfer
9764,999,71,2025-06-19,6731.47,TRY,transfer
9765,498,95,2025-12-29,1549.89,TRY,purchase
9766,381,55,2025-10-29,720.2,TRY,purchase
9767,222,96,2025-02-04,3134.81,TRY,purchase
9768,391,53,2026-03-03,4773.82,TRY,refund
9769,63,83,2026-02-16,1507.89,TRY,purchase
9770,93,13,2026-08-10,5525.59,TRY,purchase
9771,736,56,2025-04-06,6992.32,TRY,transfer
9772,341,44,2025-08-14,198.42,TRY,purchase
9773,502,27,2025-04-27,5890.34,TRY,refund
9774,702,8,2025-08-24,3423.91,TRY,transfer
9775,80,60,2025-01-09,5422.22,TRY,purchase
9776,498,74,2025-08-05,211.82,TRY,purchase
9777,831,69,2026-08-18,977.14,TRY,purchase
9778,918,2,2025-10-21,6895.06,TRY,refund
9779,530,17,2025-02-16,3348.19,TRY,purchase
9780,401,24,2025-10-04,3152.39,TRY,transfer
9781,306,17,2025-11-02,3032.56,TRY,refund
9782,955,62,2025-09-07,1049.07,TRY,refund
9783,63,99,2026-03-11,6616.27,TRY,purchase
9784,590,85,2025-01-25,2360.31,TRY,purchase
9785,394,57,2025-05-03,923.11,TRY,refund
9786,163,96,2025-02-05,4357.36,TRY,refund
9787,562,85,2025-01-24,5932.8,TRY,refund
9788,713,90,2025-11-25,97.99,TRY,transfer
9789,102,73,2026-03-01,3786.46,TRY,transfer
9790,270,36,2025-11-26,3059.34,TRY,transfer
9791,458,96,2026-07-06,5462.94,TRY,transfer
9792,458,34,2025-10-29,6972.45,TRY,purchase
9793,994,41,2025-09-24,407.61,TRY,transfer
9794,371,11,2026-01-14,6464.22,TRY,transfer
9795,334,54,2026-05-11,5587.0,TRY,refund
9796,10,73,2025-06-28,358.55,TRY,transfer
9797,404,83,2026-05-26,5596.27,TRY,transfer
9798,754,77,2025-09-06,267.34,TRY,purchase
9799,74,29,2025-09-21,6051.38,TRY,purchase
9800,311,5,2025-12-24,5169.33,TRY,transfer
9801,54,50,2026-05-06,153.35,TRY,purchase
9802,864,33,2025-10-06,6674.96,TRY,refund
9803,317,67,2025-09-21,58.79,TRY,purchase
9804,14,6,2025-10-28,281.12,TRY,refund
9805,731,53,2025-09-18,5947.8,TRY,refund
9806,639,60,2026-01-30,3708.39,TRY,purchase
9807,303,94,2026-07-03,5671.91,TRY,refund
9808,175,47,2026-02-21,152.11,TRY,transfer
9809,595,78,2025-05-26,6020.55,TRY,refund
9810,436,18,2025-11-20,3115.51,TRY,purchase
9811,86,25,2026-06-28,295.87,TRY,refund
9812,617,43,2025-03-23,642.45,TRY,transfer
9813,115,22,2025-04-20,5552.49,TRY,refund
9814,362,23,2026-01-17,437.95,TRY,transfer
9815,121,48,2026-08-03,2322.71,TRY,purchase
9816,316,31,2025-04-22,2380.62,TRY,purchase
9817,450,10,2026-05-25,1811.93,TRY,transfer
9818,444,88,2025-10-09,3377.57,TRY,refund
9819,878,99,2026-02-01,6149.1,TRY,purchase
9820,641,6,2025-08-23,5442.72,TRY,purchase
9821,718,32,2025-05-05,4095.89,TRY,refund
9822,484,8,2025-06-16,2548.31,TRY,refund
9823,103,53,2026-06-07,1792.78,TRY,refund
9824,285,49,2026-08-31,2947.55,TRY,refund
9825,780,83,2026-06-02,4256.44,TRY,purchase
9826,258,88,2025-11-12,606.3,TRY,transfer
9827,556,30,2025-07-09,3569.25,TRY,purchase
9828,888,12,2025-09-05,6050.35,TRY,transfer
9829,131,35,2025-10-13,5376.62,TRY,transfer
9830,610,91,2025-06-10,5472.36,TRY,refund
9831,767,92,2025-11-29,6854.35,TRY,purchase
9832,735,35,2025-11-03,6800.44,TRY,transfer
9833,314,3,2025-01-06,4029.54,TRY,refund
9834,394,44,2026-07-12,1800.38,TRY,refund
9835,241,75,2025-06-08,4517.64,TRY,refund
9836,574,95,2026-05-31,3470.43,TRY,purchase
9837,660,62,2025-09-07,3359.36,TRY,transfer
9838,654,87,2026-05-04,2938.07,TRY,refund
9839,875,74,2026-04-27,6478.13,TRY,refund
9840,544,6,2025-11-26,1752.66,TRY,purchase
9841,360,15,2026-07-31,715.32,TRY,transfer
9842,466,16,2026-03-10,905.04,TRY,transfer
9843,586,58,2025-11-10,3101.95,TRY,refund
9844,443,55,2026-02-14,5279.78,TRY,transfer
9845,626,11,2026-08-26,861.03,TRY,purchase
9846,916,47,2025-06-17,2676.22,TRY,refund
9847,130,44,2026-08-14,4611.59,TRY,transfer
9848,216,15,2026-04-05,3057.89,TRY,transfer
9849,509,2,2026-06-28,5558.98,TRY,refund
9850,771,58,2025-11-23,4034.63,TRY,purchase
9851,644,48,2026-03-23,5140.94,TRY,purchase
9852,816,94,2026-08-29,4571.79,TRY,refund
9853,497,6,2025-11-07,5992.93,TRY,refund
9854,489,62,2025-04-24,1916.41,TRY,refund
9855,825,58,2026-04-25,6613.59,TRY,purchase
9856,139,47,2025-01-19,4886.54,TRY,refund
9857,378,37,2025-09-20,4331.56,TRY,purchase
9858,656,80,2026-07-06,2258.55,TRY,refund
9859,136,48,2026-02-03,6953.66,TRY,purchase
9860,503,34,2025-10-01,6537.87,TRY,transfer
9861,276,46,2025-12-11,5133.29,TRY,transfer
9862,686,84,2026-04-30,2744.83,TRY,transfer
9863,420,27,2025-09-05,5799.97,TRY,transfer
9864,279,24,2025-01-04,4965.9,TRY,refund
9865,28,73,2025-12-16,6665.06,TRY,purchase
9866,703,58,2025-06-14,3303.54,TRY,transfer
9867,482,17,2026-06-25,4382.69,TRY,transfer
9868,794,19,2026-05-02,2735.73,TRY,refund
9869,689,65,2026-07-24,3495.9,TRY,transfer
9870,569,75,2025-10-07,5893.64,TRY,purchase
9871,754,83,2026-03-13,5722.01,TRY,purchase
9872,241,53,2026-03-10,5680.48,TRY,transfer
9873,32,82,2025-07-11,5449.52,TRY,refund
9874,698,40,2025-09-28,3795.88,TRY,transfer
9875,927,99,2025-10-20,1391.89,TRY,refund
9876,48,8,2026-05-09,4230.04,TRY,refund
9877,822,14,2026-03-19,2497.11,TRY,refund
9878,508,100,2026-04-24,4771.73,TRY,refund
9879,143,36,2026-05-18,761.07,TRY,refund
9880,578,9,2026-08-24,799.64,TRY,purchase
9881,968,88,2026-03-15,4081.95,TRY,purchase
9882,876,88,2026-04-28,5623.66,TRY,refund
9883,622,23,2025-12-19,271.8,TRY,refund
9884,621,10,2025-12-24,3001.1,TRY,refund
9885,543,8,2026-05-07,4381.68,TRY,purchase
9886,214,7,2026-05-05,4695.84,TRY,purchase
9887,537,9,2025-07-21,1526.0,TRY,transfer
9888,316,95,2026-08-17,148.31,TRY,purchase
9889,970,99,2026-05-07,2111.57,TRY,purchase
9890,852,56,2026-08-11,6026.0,TRY,purchase
9891,777,100,2025-10-13,4372.15,TRY,purchase
9892,566,1,2025-04-03,4882.99,TRY,transfer
9893,592,82,2025-12-27,6355.23,TRY,transfer
9894,121,16,2025-06-28,4015.09,TRY,refund
9895,431,34,2025-02-10,1746.0,TRY,purchase
9896,556,20,2026-07-21,3245.79,TRY,transfer
9897,928,13,2025-09-27,3053.83,TRY,refund
9898,605,45,2025-04-09,6841.45,TRY,transfer
9899,149,4,2025-07-13,5788.27,TRY,transfer
9900,834,96,2025-03-02,6949.59,TRY,transfer
9901,975,50,2026-03-19,4766.23,TRY,transfer
9902,594,33,2025-06-07,1533.56,TRY,refund
9903,847,25,2026-07-26,4736.14,TRY,transfer
9904,494,46,2025-10-21,6208.57,TRY,transfer
9905,513,39,2026-01-30,1711.51,TRY,transfer
9906,491,31,2025-11-10,4402.1,TRY,transfer
9907,797,42,2025-02-24,5151.08,TRY,purchase
9908,836,94,2025-07-03,6121.92,TRY,refund
9909,810,18,2025-03-23,6968.2,TRY,transfer
9910,210,10,2026-02-15,1125.52,TRY,purchase
9911,972,43,2025-12-27,1401.12,TRY,refund
9912,455,80,2025-05-30,1959.89,TRY,transfer
9913,649,40,2026-06-08,1737.65,TRY,refund
9914,148,51,2026-07-26,5036.5,TRY,transfer
9915,500,76,2025-09-04,5141.94,TRY,transfer
9916,540,73,2025-10-02,6027.09,TRY,purchase
9917,821,22,2026-06-24,6773.31,TRY,refund
9918,170,65,2026-05-15,3371.29,TRY,refund
9919,808,69,2026-01-28,6436.88,TRY,purchase
9920,54,38,2025-01-19,3112.93,TRY,transfer
9921,893,22,2026-01-22,6066.08,TRY,refund
9922,322,24,2025-10-16,720.32,TRY,refund
9923,498,29,2025-03-18,4666.73,TRY,purchase
9924,145,3,2025-10-20,160.91,TRY,purchase
9925,722,2,2026-04-17,5643.6,TRY,transfer
9926,71,18,2025-10-14,1760.48,TRY,transfer
9927,255,59,2025-02-27,6918.88,TRY,purchase
9928,433,47,2026-03-25,3713.18,TRY,purchase
9929,299,80,2026-02-10,1569.68,TRY,refund
9930,326,4,2025-03-22,4085.43,TRY,refund
9931,215,9,2025-03-23,231.85,TRY,purchase
9932,737,42,2026-06-08,2128.96,TRY,refund
9933,454,29,2025-04-04,5692.04,TRY,refund
9934,59,89,2025-02-17,5072.82,TRY,transfer
9935,68,86,2026-04-18,1941.12,TRY,purchase
9936,95,58,2026-01-04,2915.67,TRY,purchase
9937,822,64,2025-08-27,67.55,TRY,purchase
9938,723,90,2026-04-01,1507.51,TRY,purchase
9939,242,77,2026-05-08,5682.77,TRY,transfer
9940,46,11,2025-01-06,701.99,TRY,refund
9941,580,22,2026-02-28,1112.26,TRY,transfer
9942,632,21,2025-06-13,6646.09,TRY,transfer
9943,918,34,2025-01-16,6880.12,TRY,refund
9944,80,27,2026-06-21,2681.25,TRY,refund
9945,867,89,2026-08-31,2995.97,TRY,refund
9946,55,22,2025-11-17,5989.1,TRY,refund
9947,256,44,2026-07-10,5058.63,TRY,refund
9948,849,61,2025-03-27,467.73,TRY,transfer
9949,729,4,2025-02-03,6698.84,TRY,refund
9950,54,11,2025-11-20,5229.59,TRY,purchase
9951,725,15,2026-08-09,6607.22,TRY,transfer
9952,991,81,2026-02-21,425.66,TRY,purchase
9953,494,52,2025-07-15,5595.89,TRY,transfer
9954,884,36,2026-05-22,6976.9,TRY,transfer
9955,448,54,2025-02-20,5934.48,TRY,refund
9956,935,65,2025-12-07,2644.65,TRY,refund
9957,484,45,2025-01-09,5865.0,TRY,purchase
9958,184,40,2026-02-15,6057.1,TRY,purchase
9959,397,76,2025-09-27,4647.22,TRY,transfer
9960,513,54,2025-04-23,5466.92,TRY,refund
9961,346,34,2025-04-19,5176.34,TRY,purchase
9962,511,100,2026-05-26,783.4,TRY,purchase
9963,308,72,2026-07-26,5794.81,TRY,purchase
9964,392,8,2026-01-13,6752.28,TRY,purchase
9965,970,10,2026-08-05,3504.53,TRY,refund
9966,363,63,2025-02-13,3905.47,TRY,refund
9967,504,95,2026-07-16,2682.29,TRY,refund
9968,909,6,2025-09-26,1910.41,TRY,refund
9969,94,39,2025-10-13,5231.26,TRY,transfer
9970,997,34,2025-05-29,5246.07,TRY,refund
9971,810,81,2025-01-20,3719.64,TRY,purchase
9972,717,45,2025-02-14,472.29,TRY,purchase
9973,233,57,2026-06-09,4612.32,TRY,purchase
9974,421,66,2025-09-16,6146.81,TRY,refund
9975,45,38,2025-05-27,1798.41,TRY,refund
9976,744,73,2026-06-02,832.46,TRY,purchase
9977,896,1,2026-04-01,6831.44,TRY,transfer
9978,552,11,2026-03-26,4580.6,TRY,purchase
9979,440,69,2025-03-21,6313.68,TRY,purchase
9980,437,47,2026-08-14,3317.41,TRY,transfer
9981,955,29,2026-04-24,2752.21,TRY,transfer
9982,108,88,2025-02-18,2203.97,TRY,purchase
9983,887,59,2025-03-27,2270.67,TRY,purchase
9984,816,64,2026-03-19,117.04,TRY,transfer
9985,852,59,2025-12-23,5309.25,TRY,purchase
9986,728,96,2026-07-04,6166.43,TRY,purchase
9987,921,58,2026-04-30,3884.11,TRY,purchase
9988,520,37,2026-01-12,2550.88,TRY,refund
9989,106,68,2026-03-15,6448.42,TRY,refund
9990,819,6,2026-03-20,3006.53,TRY,purchase
9991,705,12,2025-06-13,5592.7,TRY,purchase
9992,567,98,2025-08-27,2109.76,TRY,purchase
9993,266,27,2025-01-11,6655.75,TRY,transfer
9994,815,20,2025-04-24,2549.41,TRY,refund
9995,975,23,2026-01-08,4362.67,TRY,transfer
9996,228,26,2026-03-09,6677.08,TRY,refund
9997,934,36,2025-02-25,6269.24,TRY,transfer
9998,591,14,2025-06-24,4815.08,TRY,purchase
9999,354,76,2026-08-22,5662.69,TRY,refund
10000,705,60,2026-02-05,4144.46,TRY,transfer
10001,882,70,2025-01-30,652.42,TRY,transfer
10002,793,22,2025-12-17,5292.29,TRY,purchase
10003,63,69,2025-08-10,2916.29,TRY,transfer
10004,15,72,2026-07-07,287.35,TRY,refund
10005,503,85,2025-02-09,5549.05,TRY,refund
10006,896,84,2025-06-22,5029.43,TRY,transfer
10007,670,51,2025-09-04,3214.6,TRY,purchase
10008,924,48,2025-12-12,4341.0,TRY,transfer
10009,109,41,2025-05-07,2752.15,TRY,refund
10010,772,10,2026-03-23,4942.87,TRY,purchase
10011,587,52,2025-12-22,3800.98,TRY,refund
10012,946,96,2025-07-17,2712.61,TRY,purchase
10013,136,100,2026-01-04,1719.42,TRY,refund
10014,526,63,2025-07-12,6484.38,TRY,purchase
10015,634,19,2025-07-02,2297.06,TRY,refund
10016,369,6,2026-07-17,6959.31,TRY,purchase
10017,397,79,2025-10-02,148.02,TRY,refund
10018,573,60,2025-07-29,5760.05,TRY,transfer
10019,883,72,2026-05-25,6381.32,TRY,transfer
10020,937,26,2025-10-22,6246.4,TRY,purchase
10021,53,82,2025-01-05,3070.38,TRY,refund
10022,553,38,2026-06-12,2024.63,TRY,purchase
10023,873,92,2026-08-01,1635.44,TRY,purchase
10024,775,1,2025-10-11,3025.56,TRY,purchase
10025,719,41,2026-03-01,29.16,TRY,transfer
10026,624,90,2026-05-24,6215.34,TRY,refund
10027,283,73,2025-09-08,3302.77,TRY,transfer
10028,816,1,2025-10-19,1992.92,TRY,transfer
10029,53,82,2025-11-19,5238.08,TRY,purchase
10030,60,34,2026-04-27,123.0,TRY,refund
10031,671,68,2026-08-14,184.73,TRY,refund
10032,436,34,2026-01-13,812.8,TRY,purchase
10033,5,88,2025-02-18,2258.08,TRY,transfer
10034,815,7,2025-05-02,6267.26,TRY,transfer
10035,950,42,2026-05-18,2312.25,TRY,refund
10036,215,70,2026-06-05,5428.09,TRY,transfer
10037,290,24,2026-05-12,2166.05,TRY,refund
10038,164,66,2025-06-18,3519.59,TRY,purchase
10039,456,21,2025-12-19,2216.84,TRY,purchase
10040,14,48,2025-05-24,6735.15,TRY,refund
10041,75,41,2026-01-14,6290.58,TRY,purchase
10042,194,43,2025-06-10,1785.19,TRY,purchase
10043,95,57,2026-07-21,3580.81,TRY,transfer
10044,780,100,2025-12-20,113.94,TRY,refund
10045,126,27,2025-05-04,6143.14,TRY,transfer
10046,274,12,2026-06-10,191.1,TRY,transfer
10047,95,38,2025-04-15,907.69,TRY,transfer
10048,959,1,2026-05-20,1822.87,TRY,purchase
10049,282,95,2026-01-18,492.86,TRY,refund
10050,595,78,2025-08-06,1529.56,TRY,purchase
10051,485,53,2025-05-29,5496.47,TRY,refund
10052,576,74,2026-08-21,1871.29,TRY,purchase
10053,524,60,2025-07-27,313.45,TRY,purchase
10054,691,48,2025-07-02,5958.38,TRY,transfer
10055,50,49,2025-02-22,2581.43,TRY,purchase
10056,422,6,2026-03-26,585.06,TRY,refund
10057,850,16,2025-07-28,3350.73,TRY,transfer
10058,866,39,2025-03-30,975.59,TRY,refund
10059,549,9,2026-08-05,1568.36,TRY,refund
10060,399,75,2025-10-22,6090.05,TRY,refund
10061,305,27,2026-03-14,2462.61,TRY,transfer
10062,200,11,2025-11-10,6309.87,TRY,refund
10063,710,77,2025-10-14,2622.37,TRY,refund
10064,566,98,2025-05-01,2589.76,TRY,transfer
10065,598,41,2025-04-22,6414.7,TRY,refund
10066,719,30,2025-04-21,3748.09,TRY,transfer
10067,564,75,2026-05-06,6144.3,TRY,purchase
10068,246,87,2025-02-17,918.52,TRY,purchase
10069,288,20,2025-08-04,1699.92,TRY,purchase
10070,709,67,2026-06-22,4426.86,TRY,purchase
10071,107,85,2026-08-07,2718.36,TRY,purchase
10072,333,4,2025-06-07,3479.7,TRY,refund
10073,6,4,2025-11-14,1731.21,TRY,transfer
10074,939,56,2026-01-24,3012.61,TRY,refund
10075,479,6,2026-05-27,4573.17,TRY,refund
10076,44,95,2025-06-14,3259.48,TRY,refund
10077,752,65,2026-03-05,6667.5,TRY,purchase
10078,424,65,2025-01-30,2511.32,TRY,refund
10079,199,68,2025-03-01,5905.08,TRY,transfer
10080,1000,19,2025-07-26,1345.55,TRY,purchase
10081,578,59,2025-01-31,671.71,TRY,transfer
10082,556,22,2025-10-29,3259.71,TRY,purchase
10083,647,88,2026-04-23,2546.32,TRY,transfer
10084,710,51,2025-05-22,748.1,TRY,transfer
10085,520,85,2026-02-28,5879.68,TRY,refund
10086,472,68,2025-06-28,3548.29,TRY,transfer
10087,70,55,2026-07-12,6633.09,TRY,refund
10088,12,2,2026-01-23,5429.74,TRY,refund
10089,875,65,2026-06-21,461.8,TRY,purchase
10090,499,76,2025-02-18,2194.81,TRY,purchase
10091,379,22,2026-07-12,4710.45,TRY,refund
10092,331,65,2025-01-24,2967.58,TRY,purchase
10093,694,58,2025-05-18,1114.34,TRY,refund
10094,104,86,2026-04-13,6953.96,TRY,refund
10095,9,28,2025-05-07,308.19,TRY,purchase
10096,544,28,2025-09-28,3920.18,TRY,purchase
10097,633,70,2025-12-21,6197.52,TRY,refund
10098,264,68,2026-04-12,3865.84,TRY,purchase
10099,967,35,2026-07-01,1741.85,TRY,refund
10100,427,41,2026-07-07,2652.48,TRY,transfer
10101,469,95,2025-05-19,2720.49,TRY,purchase
10102,103,28,2025-03-13,4696.36,TRY,transfer
10103,705,4,2026-03-09,4928.56,TRY,transfer
10104,745,54,2025-11-01,411.67,TRY,transfer
10105,621,74,2026-05-03,4455.19,TRY,refund
10106,228,82,2025-01-25,3727.81,TRY,transfer
10107,570,2,2025-08-05,3127.02,TRY,purchase
10108,945,83,2025-12-09,4948.15,TRY,purchase
10109,450,14,2025-05-10,2939.51,TRY,transfer
10110,541,64,2025-01-24,2025.57,TRY,purchase
10111,342,41,2026-05-14,3792.78,TRY,transfer
10112,101,31,2026-03-27,1418.0,TRY,purchase
10113,291,22,2025-05-03,5888.31,TRY,transfer
10114,347,50,2025-05-21,1905.3,TRY,transfer
10115,617,36,2025-09-16,1738.84,TRY,purchase
10116,509,70,2025-06-12,3158.09,TRY,transfer
10117,827,5,2025-12-27,4551.97,TRY,transfer
10118,490,53,2026-03-22,961.34,TRY,transfer
10119,317,2,2026-03-28,3655.56,TRY,transfer
10120,938,52,2025-09-17,6280.22,TRY,purchase
10121,341,57,2026-04-05,2074.23,TRY,refund
10122,143,15,2026-05-13,3586.77,TRY,refund
10123,863,55,2025-12-18,4425.27,TRY,refund
10124,925,44,2025-11-04,1064.83,TRY,refund
10125,576,55,2026-02-16,3191.83,TRY,transfer
10126,183,74,2025-02-26,6957.95,TRY,purchase
10127,139,92,2026-03-07,3315.81,TRY,refund
10128,45,56,2025-01-25,710.27,TRY,refund
10129,107,30,2026-06-14,1162.21,TRY,transfer
10130,947,30,2026-07-25,2861.94,TRY,transfer
10131,539,28,2025-08-31,4320.71,TRY,purchase
10132,855,69,2026-06-22,2744.13,TRY,purchase
10133,367,83,2025-09-16,2973.98,TRY,transfer
10134,758,54,2025-07-11,3949.72,TRY,refund
10135,89,8,2025-08-21,2535.61,TRY,refund
10136,510,35,2026-07-22,381.6,TRY,refund
10137,206,63,2025-03-23,4948.11,TRY,transfer
10138,165,53,2025-05-30,3377.66,TRY,transfer
10139,375,1,2026-02-13,239.55,TRY,transfer
10140,80,20,2026-03-15,2899.88,TRY,refund
10141,876,50,2025-02-07,4106.59,TRY,refund
10142,78,37,2025-02-07,3974.63,TRY,purchase
10143,7,7,2025-04-19,3019.23,TRY,refund
10144,855,86,2026-08-31,6113.58,TRY,refund
10145,348,40,2025-09-12,290.43,TRY,purchase
10146,486,67,2025-10-03,5982.4,TRY,purchase
10147,671,95,2026-05-18,5095.71,TRY,transfer
10148,708,21,2025-01-05,6381.11,TRY,refund
10149,186,92,2025-05-14,2392.33,TRY,transfer
10150,564,74,2026-06-03,6538.87,TRY,refund
10151,703,26,2025-02-27,3503.54,TRY,purchase
10152,162,14,2026-02-26,6943.15,TRY,refund
10153,841,100,2026-02-14,3995.46,TRY,purchase
10154,47,96,2026-04-04,432.64,TRY,transfer
10155,696,86,2026-02-18,5262.03,TRY,purchase
10156,886,16,2026-05-22,670.58,TRY,transfer
10157,935,33,2025-01-01,4482.53,TRY,refund
10158,35,3,2026-02-21,1902.75,TRY,purchase
10159,470,54,2025-09-21,1731.49,TRY,transfer
10160,662,40,2026-02-28,2382.25,TRY,refund
10161,690,88,2025-12-31,444.89,TRY,refund
10162,997,25,2025-10-19,3503.63,TRY,refund
10163,689,34,2025-03-23,590.22,TRY,refund
10164,16,21,2026-06-05,2630.58,TRY,transfer
10165,899,46,2025-07-16,5025.0,TRY,transfer
10166,551,93,2026-05-26,2416.67,TRY,transfer
10167,655,72,2026-05-21,6462.81,TRY,transfer
10168,955,95,2025-07-11,434.15,TRY,transfer
10169,72,87,2025-12-19,6173.59,TRY,purchase
10170,986,68,2025-06-18,5343.65,TRY,purchase
10171,826,13,2026-02-13,6466.95,TRY,refund
10172,747,30,2025-01-21,6373.82,TRY,purchase
10173,643,18,2026-05-22,3216.73,TRY,refund
10174,302,83,2025-10-22,1606.3,TRY,transfer
10175,999,19,2026-08-31,4921.52,TRY,refund
10176,696,59,2026-06-22,3011.54,TRY,refund
10177,710,83,2025-10-17,6149.52,TRY,purchase
10178,303,61,2026-04-11,923.76,TRY,transfer
10179,652,98,2026-02-07,5041.22,TRY,transfer
10180,493,20,2026-06-07,1493.4,TRY,refund
10181,106,73,2025-01-11,2882.3,TRY,transfer
10182,920,85,2025-03-18,172.05,TRY,transfer
10183,587,57,2026-07-27,2055.19,TRY,purchase
10184,629,66,2025-06-19,4061.0,TRY,purchase
10185,68,49,2025-09-23,935.32,TRY,purchase
10186,515,17,2026-03-10,2501.36,TRY,refund
10187,984,78,2026-04-27,6787.88,TRY,purchase
10188,991,99,2025-07-04,2003.62,TRY,transfer
10189,74,1,2025-12-17,4509.91,TRY,refund
10190,578,74,2026-08-05,638.38,TRY,transfer
10191,762,34,2025-08-23,1866.2,TRY,refund
10192,914,49,2025-12-25,6729.58,TRY,transfer
10193,151,99,2025-08-17,2022.01,TRY,refund
10194,282,8,2026-04-24,4848.6,TRY,transfer
10195,791,3,2026-03-01,5976.17,TRY,purchase
10196,73,94,2025-09-03,4144.63,TRY,transfer
10197,665,38,2025-09-02,2272.29,TRY,refund
10198,553,96,2025-10-03,6001.04,TRY,transfer
10199,22,96,2026-04-29,1480.71,TRY,transfer
10200,746,16,2025-06-09,3670.87,TRY,purchase
10201,653,13,2025-03-15,1293.77,TRY,refund
10202,653,20,2025-04-07,6805.43,TRY,transfer
10203,81,41,2025-09-20,1852.78,TRY,refund
10204,999,71,2026-06-02,4093.7,TRY,refund
10205,651,59,2025-02-23,3423.4,TRY,refund
10206,877,4,2026-03-31,195.46,TRY,refund
10207,970,83,2025-01-21,4476.46,TRY,purchase
10208,395,86,2025-08-11,1314.81,TRY,refund
10209,184,33,2025-07-27,927.41,TRY,refund
10210,464,20,2025-01-04,6705.32,TRY,refund
10211,621,68,2025-02-23,1802.23,TRY,refund
10212,42,62,2026-06-10,4358.15,TRY,transfer
10213,869,83,2025-09-05,3097.69,TRY,transfer
10214,511,64,2025-12-03,1158.31,TRY,transfer
10215,196,80,2026-08-27,4359.57,TRY,purchase
10216,399,73,2025-04-22,5679.11,TRY,refund
10217,371,36,2025-10-02,771.25,TRY,transfer
10218,826,76,2026-07-13,4721.92,TRY,transfer
10219,937,47,2026-04-09,6812.2,TRY,transfer
10220,158,68,2025-06-19,2810.4,TRY,purchase
10221,761,78,2025-01-19,722.25,TRY,refund
10222,108,41,2026-08-15,2209.33,TRY,refund
10223,951,37,2026-04-03,5968.79,TRY,transfer
10224,852,95,2026-05-21,6705.04,TRY,refund
10225,659,43,2025-08-18,1367.61,TRY,purchase
10226,73,83,2026-04-02,4027.44,TRY,purchase
10227,73,86,2025-08-07,4495.2,TRY,refund
10228,338,50,2025-03-07,4321.5,TRY,refund
10229,768,13,2026-04-21,2668.63,TRY,transfer
10230,52,19,2025-04-26,5622.34,TRY,purchase
10231,805,6,2025-06-25,3501.01,TRY,refund
10232,316,85,2026-07-31,2510.3,TRY,transfer
10233,687,97,2026-04-21,413.68,TRY,purchase
10234,360,16,2025-05-09,6597.24,TRY,purchase
10235,526,84,2025-02-24,6124.62,TRY,refund
10236,198,13,2025-01-03,2329.72,TRY,purchase
10237,909,64,2026-01-28,6904.21,TRY,purchase
10238,175,94,2026-07-24,3284.3,TRY,transfer
10239,929,88,2025-06-21,4968.24,TRY,refund
10240,294,87,2026-01-30,5427.46,TRY,purchase
10241,405,66,2026-05-03,2234.47,TRY,purchase
10242,79,96,2025-12-23,1161.36,TRY,refund
10243,778,27,2026-07-06,3454.16,TRY,transfer
10244,27,57,2025-11-29,3133.54,TRY,purchase
10245,751,13,2025-11-14,6030.59,TRY,refund
10246,258,84,2025-10-02,5668.3,TRY,purchase
10247,608,91,2026-08-02,2641.75,TRY,refund
10248,324,87,2026-08-12,6798.96,TRY,transfer
10249,394,23,2025-09-27,4690.54,TRY,transfer
10250,285,1,2026-08-12,6636.03,TRY,transfer
10251,849,19,2026-05-20,3138.35,TRY,transfer
10252,77,46,2026-04-07,5978.99,TRY,purchase
10253,682,82,2026-02-28,3705.04,TRY,purchase
10254,663,57,2025-03-02,2257.05,TRY,purchase
10255,918,70,2025-06-09,2460.03,TRY,transfer
10256,930,16,2025-02-01,6565.14,TRY,purchase
10257,669,69,2026-03-21,3181.46,TRY,purchase
10258,489,46,2026-08-16,755.79,TRY,refund
10259,849,95,2026-01-18,2911.47,TRY,purchase
10260,635,53,2026-02-17,5102.82,TRY,transfer
10261,386,2,2025-04-05,5045.04,TRY,purchase
10262,734,35,2025-08-29,1919.33,TRY,purchase
10263,788,11,2025-01-02,6910.95,TRY,refund
10264,670,48,2025-12-17,3186.14,TRY,transfer
10265,312,60,2026-01-15,2946.39,TRY,transfer
10266,867,99,2026-02-09,2552.02,TRY,refund
10267,904,25,2025-05-23,4123.89,TRY,refund
10268,492,39,2025-03-27,5356.31,TRY,refund
10269,3,56,2026-06-17,2284.49,TRY,purchase
10270,812,97,2025-06-05,1704.29,TRY,purchase
10271,627,39,2026-03-13,5330.08,TRY,purchase
10272,121,40,2026-05-12,4462.55,TRY,refund
10273,858,13,2026-01-20,6656.39,TRY,refund
10274,226,60,2025-08-14,5857.8,TRY,purchase
10275,330,27,2025-10-31,1171.11,TRY,transfer
10276,1,63,2026-06-25,510.71,TRY,refund
10277,153,75,2025-07-27,455.62,TRY,transfer
10278,823,84,2026-01-22,797.8,TRY,purchase
10279,491,15,2025-02-21,3034.18,TRY,purchase
10280,407,78,2025-02-25,1557.37,TRY,refund
10281,60,43,2026-08-14,429.06,TRY,purchase
10282,123,59,2026-08-11,4485.7,TRY,transfer
10283,481,57,2026-03-18,4729.64,TRY,purchase
10284,609,74,2025-10-19,2898.61,TRY,purchase
10285,582,80,2026-02-01,4718.24,TRY,transfer
10286,473,35,2026-03-07,5795.23,TRY,purchase
10287,154,78,2026-06-08,1548.54,TRY,transfer
10288,686,97,2026-05-17,3796.57,TRY,refund
10289,730,61,2026-04-09,5949.6,TRY,transfer
10290,521,65,2025-06-06,1806.64,TRY,purchase
10291,467,45,2026-02-17,6903.74,TRY,transfer
10292,402,69,2026-03-18,6973.7,TRY,refund
10293,260,65,2025-07-11,6572.91,TRY,purchase
10294,13,100,2025-02-06,3997.77,TRY,refund
10295,67,42,2025-09-21,3427.13,TRY,refund
10296,605,46,2025-01-17,827.31,TRY,purchase
10297,873,98,2025-08-10,2704.82,TRY,purchase
10298,745,85,2025-03-31,478.14,TRY,refund
10299,392,58,2026-06-19,6770.09,TRY,refund
10300,19,69,2025-06-13,6345.93,TRY,purchase
10301,971,38,2026-02-20,2173.93,TRY,transfer
10302,658,16,2025-09-03,3156.67,TRY,refund
10303,812,42,2025-02-27,3983.93,TRY,transfer
10304,656,22,2025-08-10,4631.42,TRY,refund
10305,929,73,2026-02-23,4478.03,TRY,refund
10306,552,11,2025-08-17,844.77,TRY,transfer
10307,850,79,2025-03-06,2564.76,TRY,transfer
10308,745,10,2025-09-05,2680.83,TRY,transfer
10309,823,3,2025-01-27,1944.86,TRY,refund
10310,609,7,2025-11-08,3036.82,TRY,refund
10311,289,77,2025-09-26,438.68,TRY,refund
10312,699,70,2025-03-08,2313.69,TRY,transfer
10313,779,29,2025-09-19,6356.34,TRY,refund
10314,574,73,2025-04-06,6997.61,TRY,transfer
10315,641,10,2025-06-14,3049.42,TRY,transfer
10316,611,7,2025-01-22,4372.94,TRY,refund
10317,981,87,2025-02-21,4490.63,TRY,transfer
10318,75,38,2025-11-12,6023.74,TRY,refund
10319,918,82,2026-03-13,6100.19,TRY,refund
10320,99,14,2026-05-04,5319.5,TRY,transfer
10321,156,78,2025-10-12,1159.08,TRY,purchase
10322,420,61,2025-02-21,3908.7,TRY,purchase
10323,351,95,2026-06-16,5213.38,TRY,refund
10324,568,20,2025-10-14,6992.53,TRY,purchase
10325,262,80,2026-05-07,3402.0,TRY,transfer
10326,604,90,2025-11-27,4917.62,TRY,purchase
10327,292,1,2025-02-04,1628.7,TRY,purchase
10328,86,47,2025-03-08,5229.97,TRY,transfer
10329,886,53,2025-04-05,3142.32,TRY,transfer
10330,572,78,2026-03-22,1262.95,TRY,purchase
10331,703,40,2025-11-08,4443.0,TRY,refund
10332,430,34,2025-04-13,4277.95,TRY,transfer
10333,989,45,2026-06-03,6526.78,TRY,purchase
10334,372,10,2026-08-10,284.53,TRY,purchase
10335,140,52,2025-08-26,1501.52,TRY,transfer
10336,856,18,2025-05-29,3112.61,TRY,refund
10337,715,98,2026-04-30,402.96,TRY,refund
10338,592,40,2025-06-19,2970.06,TRY,purchase
10339,241,79,2026-01-05,5194.94,TRY,refund
10340,204,89,2025-10-12,1807.35,TRY,purchase
10341,94,31,2026-06-20,4442.45,TRY,purchase
10342,124,41,2025-12-14,3351.47,TRY,transfer
10343,284,100,2025-04-13,4711.96,TRY,refund
10344,891,14,2025-08-04,4365.5,TRY,refund
10345,378,32,2025-06-10,6341.52,TRY,purchase
10346,482,47,2025-01-15,3539.6,TRY,purchase
10347,625,64,2025-09-06,839.5,TRY,refund
10348,919,22,2025-11-24,1064.58,TRY,transfer
10349,226,19,2025-10-13,1658.4,TRY,transfer
10350,149,13,2025-07-29,3991.19,TRY,transfer
10351,495,74,2026-03-19,2294.75,TRY,refund
10352,170,71,2025-01-07,3446.0,TRY,purchase
10353,383,3,2025-01-13,2953.81,TRY,refund
10354,878,89,2025-11-30,5403.65,TRY,transfer
10355,536,6,2025-11-09,5477.84,TRY,purchase
10356,628,38,2025-02-12,3341.47,TRY,transfer
10357,555,21,2026-06-16,2665.72,TRY,refund
10358,753,45,2026-06-19,3095.98,TRY,purchase
10359,591,25,2026-04-08,182.62,TRY,refund
10360,898,97,2025-06-11,4417.65,TRY,refund
10361,890,65,2026-04-20,5073.16,TRY,refund
10362,20,68,2025-03-03,2582.99,TRY,transfer
10363,137,87,2025-05-20,2938.09,TRY,purchase
10364,960,91,2025-03-26,6804.28,TRY,refund
10365,383,3,2025-03-07,608.81,TRY,purchase
10366,871,18,2026-04-06,5235.91,TRY,purchase
10367,856,39,2025-04-08,5809.43,TRY,refund
10368,960,57,2026-05-04,6475.62,TRY,refund
10369,872,90,2026-07-12,3575.08,TRY,transfer
10370,432,28,2026-05-15,646.45,TRY,refund
10371,605,76,2026-07-05,3318.32,TRY,transfer
10372,32,89,2025-12-07,1752.25,TRY,purchase
10373,553,75,2026-07-18,5175.45,TRY,purchase
10374,818,23,2025-06-03,4589.92,TRY,purchase
10375,675,79,2026-02-04,5611.34,TRY,refund
10376,464,89,2026-01-08,5918.36,TRY,transfer
10377,499,98,2026-02-03,1903.41,TRY,refund
10378,341,15,2025-06-12,4391.32,TRY,refund
10379,159,22,2025-06-06,103.93,TRY,transfer
10380,211,36,2026-02-22,5821.23,TRY,transfer
10381,276,17,2026-08-26,3969.13,TRY,transfer
10382,396,16,2025-08-03,3634.29,TRY,refund
10383,77,72,2026-01-21,329.67,TRY,transfer
10384,443,73,2026-08-30,5586.17,TRY,purchase
10385,620,77,2025-09-27,2392.29,TRY,purchase
10386,974,50,2026-06-26,1413.77,TRY,transfer
10387,156,79,2025-05-25,512.81,TRY,purchase
10388,998,75,2026-06-13,6999.51,TRY,refund
10389,16,40,2025-07-09,3403.51,TRY,refund
10390,718,64,2025-04-19,5256.4,TRY,purchase
10391,432,84,2025-07-15,4445.16,TRY,refund
10392,386,77,2025-12-08,4566.36,TRY,transfer
10393,774,54,2025-06-30,2225.53,TRY,purchase
10394,704,75,2026-01-28,4302.24,TRY,purchase
10395,144,28,2025-11-23,1193.42,TRY,transfer
10396,560,79,2026-08-20,4732.28,TRY,purchase
10397,694,71,2026-06-11,5322.68,TRY,transfer
10398,959,50,2025-02-01,3686.49,TRY,purchase
10399,906,1,2026-04-17,714.25,TRY,transfer
10400,763,23,2025-07-29,4933.85,TRY,purchase
10401,251,100,2026-02-28,3589.14,TRY,transfer
10402,666,43,2026-07-26,4643.17,TRY,refund
10403,268,99,2025-10-06,1481.75,TRY,refund
10404,138,100,2025-04-26,5886.08,TRY,purchase
10405,442,92,2026-05-22,6955.19,TRY,refund
10406,218,72,2025-08-18,5434.92,TRY,purchase
10407,733,76,2025-03-19,4793.96,TRY,transfer
10408,57,39,2025-08-27,3597.09,TRY,refund
10409,716,31,2025-02-17,5402.55,TRY,refund
10410,584,63,2025-12-04,6710.71,TRY,refund
10411,525,92,2025-09-25,1252.5,TRY,transfer
10412,125,72,2025-02-03,478.63,TRY,transfer
10413,869,96,2026-04-29,1969.33,TRY,purchase
10414,613,12,2025-08-22,751.48,TRY,purchase
10415,988,50,2026-01-01,4341.44,TRY,refund
10416,317,50,2025-01-08,1536.08,TRY,purchase
10417,703,28,2025-04-20,947.86,TRY,refund
10418,541,15,2026-04-04,5510.13,TRY,purchase
10419,316,23,2025-09-08,6083.27,TRY,refund
10420,877,41,2026-06-23,3820.22,TRY,purchase
10421,894,11,2026-06-30,2235.91,TRY,purchase
10422,25,54,2025-08-12,189.66,TRY,refund
10423,120,49,2025-12-19,929.41,TRY,refund
10424,172,51,2025-04-02,3881.58,TRY,transfer
10425,106,2,2026-08-12,2421.99,TRY,purchase
10426,957,6,2025-01-20,6815.54,TRY,purchase
10427,471,78,2025-07-05,5309.01,TRY,purchase
10428,231,51,2025-06-23,1109.59,TRY,transfer
10429,668,3,2025-03-18,1523.0,TRY,refund
10430,978,5,2025-06-30,228.7,TRY,transfer
10431,669,72,2025-04-04,5830.99,TRY,refund
10432,6,10,2025-10-11,2729.41,TRY,refund
10433,85,91,2025-08-30,5715.41,TRY,purchase
10434,959,60,2026-05-23,1016.92,TRY,refund
10435,161,5,2025-10-17,2563.94,TRY,transfer
10436,731,74,2026-07-19,70.26,TRY,transfer
10437,863,27,2025-12-26,1616.26,TRY,purchase
10438,372,4,2025-04-25,6683.93,TRY,transfer
10439,192,54,2025-05-16,2291.7,TRY,purchase
10440,37,40,2026-08-14,1919.3,TRY,purchase
10441,497,32,2025-02-06,6151.83,TRY,refund
10442,682,10,2025-12-13,721.45,TRY,purchase
10443,674,17,2025-01-31,4149.94,TRY,refund
10444,208,8,2026-08-24,5847.64,TRY,purchase
10445,301,1,2026-05-05,2179.61,TRY,transfer
10446,863,26,2025-12-13,3978.1,TRY,transfer
10447,430,54,2025-12-12,1687.24,TRY,transfer
10448,52,29,2026-01-29,1592.51,TRY,transfer
10449,979,47,2026-05-08,1960.09,TRY,purchase
10450,620,13,2026-08-26,2254.19,TRY,transfer
10451,20,90,2025-01-12,213.1,TRY,transfer
10452,306,14,2026-02-06,1008.46,TRY,refund
10453,500,47,2025-02-14,665.81,TRY,refund
10454,441,67,2025-09-04,4545.73,TRY,refund
10455,401,47,2025-01-06,6756.32,TRY,purchase
10456,231,74,2025-09-19,5384.4,TRY,refund
10457,889,47,2026-06-08,5021.94,TRY,transfer
10458,736,38,2026-02-02,6025.23,TRY,refund
10459,659,21,2025-03-02,701.81,TRY,purchase
10460,782,83,2025-01-22,1000.3,TRY,purchase
10461,3,13,2026-01-20,6843.21,TRY,purchase
10462,615,67,2026-07-15,6520.6,TRY,purchase
10463,416,96,2025-01-17,5904.66,TRY,purchase
10464,873,63,2025-12-24,245.76,TRY,refund
10465,123,96,2026-08-16,6476.42,TRY,refund
10466,835,60,2026-04-30,4445.3,TRY,purchase
10467,288,52,2025-04-07,6200.07,TRY,transfer
10468,164,85,2025-05-29,4722.0,TRY,transfer
10469,643,37,2025-07-20,5138.91,TRY,transfer
10470,442,45,2026-03-12,3774.76,TRY,transfer
10471,892,82,2026-07-26,5824.74,TRY,transfer
10472,512,22,2025-01-11,1012.44,TRY,purchase
10473,264,72,2026-05-13,580.72,TRY,purchase
10474,849,30,2026-01-28,5485.3,TRY,refund
10475,233,37,2026-05-15,2648.63,TRY,refund
10476,91,33,2025-10-26,5500.66,TRY,transfer
10477,987,91,2026-04-26,822.68,TRY,transfer
10478,959,57,2025-10-30,2373.07,TRY,purchase
10479,885,38,2026-01-08,4071.67,TRY,refund
10480,16,72,2025-02-22,367.19,TRY,transfer
10481,633,3,2026-03-13,5037.92,TRY,refund
10482,313,61,2025-07-20,6817.7,TRY,refund
10483,934,33,2025-05-19,5683.92,TRY,transfer
10484,143,76,2025-09-18,1437.84,TRY,transfer
10485,96,5,2025-01-26,3967.14,TRY,purchase
10486,268,42,2025-02-28,4521.94,TRY,purchase
10487,271,91,2026-03-17,4661.8,TRY,refund
10488,43,20,2025-07-22,2940.03,TRY,refund
10489,303,15,2026-05-19,433.56,TRY,refund
10490,14,22,2025-06-27,2553.78,TRY,refund
10491,331,26,2025-03-24,1333.69,TRY,transfer
10492,96,58,2026-03-08,1321.6,TRY,purchase
10493,560,4,2026-08-13,2438.07,TRY,purchase
10494,504,48,2025-09-30,4759.19,TRY,purchase
10495,398,32,2026-04-05,4306.13,TRY,refund
10496,790,71,2025-10-02,3890.18,TRY,transfer
10497,117,58,2025-07-12,4302.68,TRY,purchase
10498,774,79,2026-02-20,4336.69,TRY,purchase
10499,27,98,2026-07-11,1162.17,TRY,transfer
10500,434,84,2025-12-29,3049.79,TRY,purchase
10501,140,8,2026-01-27,2008.54,TRY,refund
10502,739,53,2026-05-07,2644.65,TRY,refund
10503,569,46,2026-01-27,1203.62,TRY,purchase
10504,569,34,2025-12-28,424.62,TRY,transfer
10505,80,84,2025-11-10,1749.74,TRY,transfer
10506,595,73,2025-06-08,2506.15,TRY,purchase
10507,902,75,2026-08-16,6191.32,TRY,transfer
10508,443,16,2025-01-09,1026.9,TRY,refund
10509,644,43,2025-04-20,1771.17,TRY,transfer
10510,693,20,2025-11-27,4790.68,TRY,purchase
10511,12,32,2025-07-10,6573.04,TRY,transfer
10512,890,93,2026-07-09,5333.4,TRY,refund
10513,853,73,2025-05-01,3766.32,TRY,purchase
10514,882,73,2026-06-26,266.56,TRY,refund
10515,191,68,2025-07-30,5669.06,TRY,purchase
10516,871,44,2025-07-19,125.49,TRY,refund
10517,501,29,2025-01-16,5142.99,TRY,transfer
10518,231,7,2025-08-21,3942.85,TRY,transfer
10519,297,3,2025-04-18,5168.6,TRY,transfer
10520,487,60,2026-02-16,4155.45,TRY,transfer
10521,706,9,2026-08-19,6058.16,TRY,purchase
10522,753,3,2025-12-03,108.66,TRY,refund
10523,903,13,2026-08-16,3218.22,TRY,transfer
10524,363,63,2025-10-28,6801.46,TRY,refund
10525,357,91,2025-10-12,191.0,TRY,refund
10526,606,15,2025-11-13,1745.69,TRY,refund
10527,818,56,2026-04-28,1466.67,TRY,transfer
10528,313,32,2025-04-30,5406.52,TRY,transfer
10529,326,96,2026-01-17,2903.8,TRY,refund
10530,623,41,2026-04-18,4382.02,TRY,transfer
10531,387,24,2026-02-23,1601.53,TRY,transfer
10532,488,28,2025-06-21,6743.76,TRY,purchase
10533,501,97,2025-02-13,1350.77,TRY,transfer
10534,631,11,2026-08-08,4674.1,TRY,purchase
10535,335,53,2026-02-20,5358.23,TRY,transfer
10536,826,14,2025-09-29,458.98,TRY,purchase
10537,316,25,2025-01-22,6251.63,TRY,refund
10538,531,84,2025-08-25,1069.19,TRY,transfer
10539,799,65,2026-03-31,2704.86,TRY,transfer
10540,561,11,2026-03-18,253.09,TRY,refund
10541,830,93,2025-03-30,4089.43,TRY,refund
10542,812,1,2025-06-13,4771.34,TRY,purchase
10543,887,31,2026-03-15,5250.48,TRY,refund
10544,257,94,2025-08-09,3248.23,TRY,transfer
10545,47,9,2025-08-12,6790.52,TRY,transfer
10546,270,25,2025-10-22,543.99,TRY,refund
10547,881,87,2026-05-09,5015.91,TRY,refund
10548,768,72,2025-05-27,2910.1,TRY,purchase
10549,112,95,2025-10-21,3239.64,TRY,purchase
10550,26,57,2025-07-29,1802.26,TRY,transfer
10551,494,97,2025-08-23,5136.24,TRY,refund
10552,124,36,2025-11-28,6523.55,TRY,refund
10553,892,40,2026-04-08,6320.94,TRY,purchase
10554,66,84,2025-04-11,5453.51,TRY,transfer
10555,547,42,2026-08-30,1249.34,TRY,refund
10556,237,61,2025-01-20,116.28,TRY,transfer
10557,536,78,2025-10-02,1580.68,TRY,purchase
10558,47,16,2025-11-02,3838.11,TRY,refund
10559,486,65,2025-04-17,2844.11,TRY,refund
10560,11,67,2026-06-27,6776.49,TRY,transfer
10561,812,34,2025-03-12,3567.62,TRY,transfer
10562,39,97,2025-05-13,1983.49,TRY,refund
10563,826,92,2025-07-09,3899.11,TRY,purchase
10564,443,9,2026-04-24,1452.47,TRY,transfer
10565,387,5,2026-07-13,3213.43,TRY,refund
10566,855,26,2025-03-22,1848.12,TRY,purchase
10567,707,12,2026-06-13,615.98,TRY,refund
10568,933,18,2025-06-05,4134.52,TRY,purchase
10569,533,96,2025-01-08,2152.59,TRY,purchase
10570,666,30,2025-01-04,5438.09,TRY,transfer
10571,538,95,2025-08-24,1954.75,TRY,purchase
10572,671,11,2026-02-16,2017.87,TRY,refund
10573,262,75,2025-07-09,5082.98,TRY,purchase
10574,575,89,2026-02-21,3893.78,TRY,purchase
10575,209,30,2026-05-02,4549.85,TRY,transfer
10576,166,82,2026-05-15,5672.62,TRY,transfer
10577,106,72,2025-03-18,2559.18,TRY,purchase
10578,675,75,2025-07-09,2568.0,TRY,transfer
10579,548,32,2025-02-04,6529.02,TRY,purchase
10580,205,51,2026-05-14,462.95,TRY,purchase
10581,668,31,2025-09-08,3535.53,TRY,purchase
10582,936,93,2026-04-30,5319.4,TRY,refund
10583,414,2,2025-06-08,3586.08,TRY,refund
10584,613,2,2026-04-29,1135.85,TRY,transfer
10585,703,33,2026-06-28,3571.51,TRY,purchase
10586,347,89,2025-02-01,1752.3,TRY,purchase
10587,428,62,2026-07-04,540.27,TRY,transfer
10588,523,86,2025-09-07,3120.72,TRY,transfer
10589,227,78,2026-07-08,2315.97,TRY,transfer
10590,581,29,2025-03-01,5444.12,TRY,purchase
10591,989,24,2026-04-04,4530.81,TRY,transfer
10592,99,36,2026-03-12,4013.77,TRY,purchase
10593,608,41,2025-09-08,5796.2,TRY,refund
10594,605,67,2025-06-02,1715.94,TRY,purchase
10595,44,57,2025-06-21,4433.73,TRY,transfer
10596,425,13,2025-03-29,2397.81,TRY,transfer
10597,852,100,2025-06-13,1633.77,TRY,purchase
10598,838,89,2026-02-03,3498.12,TRY,purchase
10599,67,87,2026-08-13,1970.48,TRY,refund
10600,39,11,2025-10-11,4932.2,TRY,purchase
10601,870,20,2026-07-29,6213.88,TRY,purchase
10602,262,38,2026-03-25,754.25,TRY,purchase
10603,39,72,2025-07-26,5305.82,TRY,purchase
10604,292,71,2026-04-03,2166.84,TRY,refund
10605,413,24,2025-08-08,5717.62,TRY,transfer
10606,663,72,2026-03-12,4924.4,TRY,refund
10607,949,29,2025-05-14,5588.38,TRY,refund
10608,993,53,2025-01-26,4930.41,TRY,purchase
10609,626,84,2025-12-06,4491.54,TRY,transfer
10610,246,53,2026-07-25,3991.7,TRY,transfer
10611,51,55,2026-01-04,5412.78,TRY,refund
10612,77,90,2026-02-27,4163.77,TRY,refund
10613,660,29,2026-03-02,2844.57,TRY,transfer
10614,250,87,2025-09-10,3339.88,TRY,refund
10615,427,100,2025-03-29,6345.23,TRY,transfer
10616,279,46,2025-08-15,2411.72,TRY,refund
10617,494,92,2026-05-23,6226.59,TRY,refund
10618,577,18,2025-10-11,6752.48,TRY,transfer
10619,240,53,2025-03-17,3759.35,TRY,transfer
10620,952,66,2025-07-16,3089.89,TRY,refund
10621,555,73,2025-06-20,1346.96,TRY,transfer
10622,908,49,2025-02-08,1988.69,TRY,refund
10623,274,42,2025-01-05,1293.26,TRY,refund
10624,509,82,2025-03-05,1104.73,TRY,refund
10625,832,67,2025-06-27,4332.58,TRY,transfer
10626,569,70,2025-03-15,6393.71,TRY,purchase
10627,741,1,2025-08-28,3078.35,TRY,refund
10628,214,98,2025-06-15,4131.92,TRY,purchase
10629,229,66,2025-02-01,2142.06,TRY,refund
10630,262,12,2025-06-10,3070.56,TRY,transfer
10631,961,2,2026-06-09,5123.43,TRY,refund
10632,327,16,2025-01-16,3677.58,TRY,purchase
10633,630,76,2026-04-19,6427.23,TRY,purchase
10634,888,64,2026-05-30,1464.71,TRY,purchase
10635,695,11,2025-08-29,912.78,TRY,refund
10636,34,22,2026-04-28,5564.5,TRY,transfer
10637,298,24,2026-01-03,6314.42,TRY,purchase
10638,909,52,2026-01-18,3149.2,TRY,refund
10639,328,61,2025-11-05,3659.56,TRY,purchase
10640,650,20,2026-07-23,517.27,TRY,purchase
10641,702,86,2026-05-23,4694.08,TRY,purchase
10642,804,44,2026-02-08,434.04,TRY,refund
10643,323,62,2025-08-04,3673.13,TRY,transfer
10644,782,37,2025-04-29,374.54,TRY,refund
10645,7,100,2025-01-30,5229.65,TRY,refund
10646,848,15,2026-02-22,6152.65,TRY,transfer
10647,883,9,2025-12-18,1371.88,TRY,purchase
10648,452,49,2026-02-20,165.51,TRY,transfer
10649,169,38,2025-10-26,4861.46,TRY,refund
10650,616,60,2026-08-28,657.99,TRY,purchase
10651,301,28,2025-08-24,5318.85,TRY,refund
10652,888,80,2026-04-08,2310.42,TRY,refund
10653,868,47,2025-09-27,2764.53,TRY,purchase
10654,394,72,2025-07-15,1892.89,TRY,purchase
10655,428,3,2026-01-17,1376.61,TRY,transfer
10656,560,21,2025-11-14,4263.84,TRY,transfer
10657,976,56,2026-08-26,2813.79,TRY,transfer
10658,52,70,2025-04-29,3606.98,TRY,refund
10659,530,72,2025-02-07,2033.36,TRY,refund
10660,655,3,2025-07-17,2944.87,TRY,purchase
10661,961,40,2026-06-24,3125.49,TRY,refund
10662,108,18,2026-02-04,864.16,TRY,transfer
10663,901,31,2026-04-06,4295.01,TRY,purchase
10664,162,84,2025-08-02,6156.63,TRY,transfer
10665,663,89,2025-10-26,2074.26,TRY,purchase
10666,703,21,2025-03-28,5541.74,TRY,refund
10667,871,92,2025-11-28,2325.91,TRY,refund
10668,622,79,2025-02-01,6439.47,TRY,refund
10669,190,44,2026-02-15,2723.78,TRY,transfer
10670,497,17,2025-09-13,420.66,TRY,transfer
10671,215,54,2025-12-23,3138.28,TRY,transfer
10672,999,26,2026-03-29,4890.58,TRY,transfer
10673,698,48,2025-04-22,6755.1,TRY,purchase
10674,292,13,2025-08-30,2804.57,TRY,refund
10675,495,49,2026-05-14,4251.32,TRY,transfer
10676,673,89,2025-07-26,5208.81,TRY,transfer
10677,976,17,2025-10-05,6094.53,TRY,refund
10678,491,28,2026-04-25,575.36,TRY,refund
10679,483,41,2025-12-03,5460.66,TRY,transfer
10680,122,17,2025-01-31,5865.65,TRY,refund
10681,343,34,2025-01-25,6459.62,TRY,transfer
10682,722,80,2025-10-12,6317.06,TRY,purchase
10683,574,95,2026-06-26,984.97,TRY,transfer
10684,458,52,2026-08-09,1966.24,TRY,purchase
10685,242,87,2026-02-02,2720.44,TRY,refund
10686,785,70,2026-06-18,2996.51,TRY,transfer
10687,619,75,2026-02-05,4225.62,TRY,purchase
10688,532,99,2026-05-06,3637.16,TRY,purchase
10689,579,11,2025-11-01,872.97,TRY,transfer
10690,246,42,2026-08-22,286.43,TRY,transfer
10691,921,80,2025-10-20,4277.14,TRY,transfer
10692,289,38,2025-09-24,3275.92,TRY,purchase
10693,470,7,2026-04-09,981.2,TRY,refund
10694,280,44,2025-06-04,3373.35,TRY,refund
10695,66,8,2025-12-09,1782.76,TRY,transfer
10696,168,71,2026-05-02,1955.31,TRY,purchase
10697,468,41,2025-04-03,6107.15,TRY,purchase
10698,626,16,2025-09-16,2685.17,TRY,purchase
10699,245,58,2026-07-14,1195.01,TRY,transfer
10700,964,4,2025-08-22,2212.74,TRY,transfer
10701,973,77,2025-04-28,4738.23,TRY,purchase
10702,574,84,2026-01-17,3753.89,TRY,refund
10703,471,1,2026-04-26,2520.44,TRY,purchase
10704,196,74,2025-08-09,5869.51,TRY,transfer
10705,643,23,2025-11-27,2767.95,TRY,refund
10706,858,79,2026-05-05,4847.46,TRY,refund
10707,792,87,2026-02-08,5705.02,TRY,purchase
10708,782,62,2026-05-09,488.0,TRY,refund
10709,186,53,2026-02-21,5123.21,TRY,transfer
10710,784,68,2026-02-26,508.61,TRY,purchase
10711,815,29,2026-07-30,2758.45,TRY,transfer
10712,123,31,2025-01-11,6570.4,TRY,purchase
10713,763,53,2025-05-13,2135.26,TRY,transfer
10714,529,54,2025-11-07,210.04,TRY,refund
10715,413,51,2026-01-11,5667.94,TRY,refund
10716,581,63,2026-04-09,231.6,TRY,refund
10717,231,51,2025-11-01,1897.79,TRY,purchase
10718,837,33,2026-07-31,4555.88,TRY,refund
10719,106,17,2025-04-22,4576.24,TRY,refund
10720,175,7,2026-07-08,4572.0,TRY,purchase
10721,718,23,2026-06-28,4317.89,TRY,refund
10722,940,65,2025-06-17,3737.79,TRY,purchase
10723,809,87,2026-08-27,1157.04,TRY,purchase
10724,364,32,2026-01-30,2262.99,TRY,refund
10725,649,46,2026-02-13,3681.96,TRY,transfer
10726,429,77,2025-02-10,287.67,TRY,purchase
10727,616,22,2025-08-12,1333.24,TRY,refund
10728,137,39,2025-01-15,6648.17,TRY,purchase
10729,951,41,2026-04-13,2302.84,TRY,transfer
10730,274,89,2025-05-29,3245.94,TRY,transfer
10731,428,12,2025-06-28,3373.02,TRY,transfer
10732,978,74,2025-07-22,5634.21,TRY,purchase
10733,245,43,2026-03-23,6571.76,TRY,transfer
10734,319,20,2025-01-21,673.88,TRY,refund
10735,263,42,2026-04-04,2768.29,TRY,refund
10736,86,54,2025-06-29,6191.95,TRY,transfer
10737,790,47,2025-02-24,5124.88,TRY,refund
10738,67,2,2025-08-07,563.14,TRY,refund
10739,65,82,2026-05-14,6216.46,TRY,transfer
10740,185,82,2026-02-22,2592.84,TRY,purchase
10741,218,33,2026-03-15,2598.8,TRY,refund
10742,289,55,2025-03-07,909.77,TRY,transfer
10743,820,8,2025-08-14,5330.69,TRY,transfer
10744,288,95,2026-02-26,3195.63,TRY,purchase
10745,447,34,2025-11-06,4730.57,TRY,purchase
10746,894,78,2026-06-10,4331.21,TRY,transfer
10747,523,78,2025-04-28,6250.43,TRY,transfer
10748,216,43,2025-08-06,2390.76,TRY,transfer
10749,269,24,2025-12-18,4414.54,TRY,refund
10750,129,69,2026-03-09,5646.6,TRY,transfer
10751,3,64,2026-06-08,610.91,TRY,purchase
10752,801,65,2025-10-18,6782.46,TRY,refund
10753,815,43,2025-03-16,1729.15,TRY,refund
10754,794,6,2026-04-20,4715.17,TRY,transfer
10755,91,65,2025-11-21,148.82,TRY,transfer
10756,898,69,2025-05-22,4695.74,TRY,purchase
10757,777,45,2025-11-19,5386.52,TRY,refund
10758,730,45,2025-03-21,935.36,TRY,refund
10759,632,3,2026-03-18,778.37,TRY,transfer
10760,970,93,2025-12-24,5403.67,TRY,refund
10761,224,82,2026-03-27,1105.63,TRY,purchase
10762,810,1,2025-08-26,849.46,TRY,transfer
10763,280,49,2025-11-13,1610.74,TRY,transfer
10764,802,33,2025-10-05,6246.42,TRY,purchase
10765,561,3,2025-11-25,1794.14,TRY,purchase
10766,63,75,2025-06-18,5461.8,TRY,transfer
10767,773,27,2025-04-21,4033.44,TRY,purchase
10768,979,61,2026-07-28,3485.64,TRY,purchase
10769,902,44,2025-07-13,4081.17,TRY,purchase
10770,246,98,2025-10-06,4445.45,TRY,transfer
10771,215,24,2025-06-12,6161.92,TRY,purchase
10772,26,43,2026-01-09,5387.43,TRY,refund
10773,724,45,2026-01-27,5736.32,TRY,transfer
10774,309,78,2026-05-25,2612.84,TRY,refund
10775,751,57,2026-07-14,4846.27,TRY,purchase
10776,609,32,2026-08-18,5414.7,TRY,purchase
10777,74,4,2026-08-16,4780.63,TRY,purchase
10778,995,70,2026-06-01,3569.07,TRY,refund
10779,561,57,2026-06-28,6449.49,TRY,transfer
10780,963,2,2026-08-03,2393.94,TRY,purchase
10781,744,66,2025-09-06,4235.91,TRY,transfer
10782,204,2,2025-03-14,3934.76,TRY,transfer
10783,443,47,2026-08-26,6003.31,TRY,transfer
10784,536,38,2026-02-18,5295.99,TRY,transfer
10785,709,94,2025-01-19,5831.4,TRY,refund
10786,350,54,2025-06-11,4691.81,TRY,transfer
10787,765,49,2026-04-24,44.74,TRY,purchase
10788,935,21,2026-04-04,713.85,TRY,transfer
10789,827,82,2026-06-04,3141.82,TRY,transfer
10790,463,43,2025-02-24,5566.79,TRY,transfer
10791,892,5,2025-05-16,261.2,TRY,refund
10792,908,85,2025-05-10,338.61,TRY,refund
10793,813,75,2025-02-18,6208.95,TRY,refund
10794,214,75,2025-01-22,4436.86,TRY,refund
10795,942,69,2025-09-15,3370.47,TRY,refund
10796,195,79,2025-06-21,309.2,TRY,refund
10797,645,33,2025-10-03,110.95,TRY,refund
10798,242,82,2025-04-14,4027.62,TRY,purchase
10799,931,70,2025-01-01,863.13,TRY,purchase
10800,60,97,2025-07-20,5306.06,TRY,refund
10801,932,24,2025-03-15,5150.12,TRY,transfer
10802,825,81,2025-09-16,6496.12,TRY,refund
10803,85,82,2026-02-06,2917.46,TRY,refund
10804,282,62,2025-03-09,6937.26,TRY,refund
10805,712,74,2025-08-14,2439.04,TRY,refund
10806,350,54,2026-01-11,963.54,TRY,transfer
10807,725,4,2026-07-11,1750.8,TRY,transfer
10808,923,98,2025-07-17,99.83,TRY,purchase
10809,78,95,2026-01-31,578.78,TRY,transfer
10810,227,23,2025-04-03,2327.1,TRY,transfer
10811,958,6,2025-03-02,5877.07,TRY,refund
10812,303,9,2026-01-28,6136.43,TRY,transfer
10813,713,35,2025-08-04,6646.82,TRY,transfer
10814,387,4,2025-10-31,1055.6,TRY,transfer
10815,241,13,2026-02-12,3445.33,TRY,purchase
10816,134,39,2026-01-27,5860.7,TRY,refund
10817,288,61,2025-04-29,286.19,TRY,purchase
10818,810,51,2025-03-04,3021.81,TRY,transfer
10819,243,63,2026-04-10,3707.98,TRY,transfer
10820,169,10,2025-09-19,873.3,TRY,purchase
10821,41,8,2026-04-16,1143.37,TRY,transfer
10822,27,65,2025-09-21,3307.05,TRY,transfer
10823,738,6,2025-04-18,4594.01,TRY,refund
10824,63,95,2025-12-20,5376.42,TRY,refund
10825,477,82,2026-03-15,5186.59,TRY,transfer
10826,645,48,2026-04-11,5299.29,TRY,refund
10827,607,3,2025-08-19,5642.78,TRY,purchase
10828,409,81,2026-04-18,6097.38,TRY,refund
10829,649,76,2025-10-14,5382.12,TRY,transfer
10830,86,3,2026-08-21,5331.44,TRY,transfer
10831,634,75,2025-08-11,5201.15,TRY,refund
10832,542,37,2026-07-07,5019.3,TRY,refund
10833,323,21,2025-08-11,5400.97,TRY,transfer
10834,5,37,2025-11-20,5879.07,TRY,purchase
10835,271,28,2025-01-26,1860.89,TRY,transfer
10836,179,4,2026-04-20,5943.63,TRY,purchase
10837,25,20,2026-02-07,6671.67,TRY,refund
10838,358,44,2025-09-26,3137.76,TRY,purchase
10839,832,91,2026-03-21,5638.51,TRY,transfer
10840,92,55,2025-08-04,3712.44,TRY,refund
10841,83,14,2026-04-28,5979.34,TRY,purchase
10842,840,82,2025-07-27,387.83,TRY,refund
10843,520,21,2025-04-02,3333.41,TRY,purchase
10844,398,29,2025-09-12,6061.72,TRY,transfer
10845,786,7,2025-09-22,3882.66,TRY,transfer
10846,654,2,2026-07-03,6225.41,TRY,transfer
10847,731,55,2025-03-22,769.05,TRY,refund
10848,515,3,2025-11-06,2145.75,TRY,purchase
10849,62,51,2025-11-23,4776.3,TRY,refund
10850,945,62,2025-05-10,667.44,TRY,purchase
10851,456,14,2026-02-19,3625.4,TRY,purchase
10852,579,68,2025-04-08,6752.59,TRY,transfer
10853,894,59,2026-03-02,6304.1,TRY,purchase
10854,935,48,2025-05-12,615.03,TRY,purchase
10855,955,54,2026-05-11,1429.8,TRY,transfer
10856,463,15,2025-03-16,107.22,TRY,purchase
10857,959,51,2026-07-01,2884.59,TRY,transfer
10858,444,36,2026-03-06,6944.85,TRY,refund
10859,104,38,2026-04-30,6206.88,TRY,refund
10860,896,78,2025-11-15,3005.56,TRY,transfer
10861,344,25,2026-04-23,2056.9,TRY,purchase
10862,352,23,2025-11-22,3226.37,TRY,refund
10863,552,75,2026-08-07,4487.75,TRY,refund
10864,735,62,2025-08-15,4769.99,TRY,transfer
10865,383,12,2026-02-02,4392.89,TRY,refund
10866,35,29,2025-06-14,6819.67,TRY,transfer
10867,256,85,2026-05-07,5182.4,TRY,purchase
10868,103,34,2025-01-18,6175.28,TRY,refund
10869,730,83,2025-03-05,4758.62,TRY,transfer
10870,831,10,2025-12-26,4516.05,TRY,purchase
10871,636,79,2026-01-25,5104.2,TRY,transfer
10872,756,29,2025-05-25,1580.71,TRY,transfer
10873,315,63,2026-05-19,1073.61,TRY,transfer
10874,606,54,2025-03-19,4920.09,TRY,refund
10875,654,83,2025-12-19,4813.15,TRY,transfer
10876,880,30,2025-08-24,5634.37,TRY,transfer
10877,793,38,2025-04-04,2766.95,TRY,transfer
10878,836,75,2025-01-18,3052.17,TRY,transfer
10879,753,98,2026-06-06,627.88,TRY,transfer
10880,713,94,2026-02-23,2795.28,TRY,transfer
10881,849,25,2025-01-28,6793.26,TRY,transfer
10882,548,8,2025-12-26,6592.69,TRY,transfer
10883,535,28,2025-09-27,6518.78,TRY,refund
10884,836,73,2025-07-29,2863.74,TRY,refund
10885,446,68,2025-03-04,4852.84,TRY,transfer
10886,511,57,2025-09-12,2004.93,TRY,purchase
10887,302,90,2025-09-24,676.79,TRY,refund
10888,475,50,2025-05-28,678.48,TRY,transfer
10889,503,96,2025-10-25,1705.06,TRY,transfer
10890,417,37,2026-05-27,2123.92,TRY,transfer
10891,656,26,2025-05-24,2748.06,TRY,purchase
10892,747,39,2026-06-20,3391.47,TRY,transfer
10893,737,82,2025-06-26,4094.23,TRY,refund
10894,107,54,2025-06-22,3929.85,TRY,transfer
10895,42,72,2025-11-16,2452.18,TRY,transfer
10896,809,20,2026-01-22,996.19,TRY,refund
10897,928,27,2025-08-17,732.51,TRY,purchase
10898,346,67,2025-04-09,931.83,TRY,transfer
10899,934,60,2026-02-07,6879.97,TRY,purchase
10900,273,1,2025-09-20,5586.27,TRY,transfer
10901,453,96,2025-09-16,1843.42,TRY,refund
10902,436,44,2025-07-06,5951.47,TRY,purchase
10903,311,52,2026-02-15,3621.99,TRY,refund
10904,963,98,2025-04-28,2897.32,TRY,purchase
10905,69,62,2026-01-15,523.61,TRY,purchase
10906,254,48,2025-05-28,4410.3,TRY,refund
10907,336,34,2026-04-11,223.57,TRY,transfer
10908,855,42,2025-01-08,4386.8,TRY,refund
10909,825,57,2025-09-24,4786.99,TRY,transfer
10910,540,6,2026-05-12,2923.59,TRY,refund
10911,548,59,2026-06-15,2100.86,TRY,purchase
10912,559,86,2025-09-13,850.22,TRY,refund
10913,447,6,2026-05-23,3759.71,TRY,purchase
10914,202,45,2025-10-21,3793.79,TRY,transfer
10915,940,17,2025-09-20,2548.91,TRY,refund
10916,846,97,2026-07-09,3766.52,TRY,refund
10917,894,2,2025-07-13,6162.11,TRY,purchase
10918,317,14,2026-05-14,2978.95,TRY,refund
10919,319,53,2025-04-20,5655.73,TRY,purchase
10920,106,83,2026-08-16,4597.39,TRY,purchase
10921,670,13,2025-10-27,4721.61,TRY,refund
10922,886,29,2026-08-05,4493.34,TRY,transfer
10923,909,11,2025-06-23,5801.63,TRY,transfer
10924,840,84,2025-08-29,6585.77,TRY,refund
10925,533,33,2025-10-16,3929.17,TRY,transfer
10926,9,87,2025-04-12,959.99,TRY,refund
10927,76,18,2026-03-30,6857.93,TRY,transfer
10928,108,42,2026-01-30,4537.28,TRY,refund
10929,200,78,2025-01-05,5834.79,TRY,purchase
10930,698,58,2025-10-16,1914.45,TRY,transfer
10931,932,33,2025-01-15,6386.77,TRY,purchase
10932,673,25,2025-01-30,5557.46,TRY,transfer
10933,610,94,2025-06-13,1182.69,TRY,transfer
10934,46,52,2025-09-25,5800.26,TRY,transfer
10935,633,98,2026-02-03,2294.03,TRY,transfer
10936,303,5,2025-06-08,4867.85,TRY,purchase
10937,476,54,2025-09-15,2267.23,TRY,refund
10938,656,41,2026-07-23,3179.61,TRY,purchase
10939,538,2,2025-06-22,1681.26,TRY,refund
10940,328,54,2025-07-02,6935.03,TRY,purchase
10941,14,71,2025-01-09,2568.09,TRY,transfer
10942,27,86,2025-05-04,6043.8,TRY,transfer
10943,524,2,2025-01-08,4899.05,TRY,purchase
10944,1,43,2025-07-19,3203.33,TRY,purchase
10945,560,51,2026-06-21,5158.42,TRY,transfer
10946,165,93,2025-06-08,376.79,TRY,purchase
10947,11,59,2025-03-14,448.67,TRY,transfer
10948,65,98,2026-03-11,4006.3,TRY,purchase
10949,963,22,2025-07-29,6114.23,TRY,transfer
10950,479,49,2026-02-05,1188.0,TRY,refund
10951,276,9,2025-12-23,5961.52,TRY,transfer
10952,70,75,2026-07-29,435.37,TRY,purchase
10953,859,100,2025-05-10,3191.31,TRY,purchase
10954,635,85,2025-06-20,5826.11,TRY,transfer
10955,609,40,2025-06-08,4642.18,TRY,refund
10956,222,43,2026-07-05,5387.0,TRY,purchase
10957,314,75,2025-06-21,4930.35,TRY,refund
10958,206,72,2026-08-20,5404.08,TRY,transfer
10959,840,70,2026-05-15,4521.16,TRY,refund
10960,631,42,2025-12-26,4270.87,TRY,purchase
10961,625,19,2025-08-24,6582.22,TRY,refund
10962,372,68,2026-06-01,2452.1,TRY,purchase
10963,914,66,2025-08-15,1852.56,TRY,transfer
10964,221,83,2026-06-13,5715.97,TRY,purchase
10965,909,56,2025-03-25,4645.03,TRY,purchase
10966,359,42,2026-07-23,3427.98,TRY,purchase
10967,19,90,2025-06-03,4117.39,TRY,purchase
10968,279,93,2026-08-23,4218.13,TRY,purchase
10969,809,87,2025-11-01,470.1,TRY,refund
10970,580,42,2025-06-10,4571.54,TRY,purchase
10971,476,77,2026-06-05,4313.67,TRY,transfer
10972,707,13,2025-10-09,2311.52,TRY,refund
10973,945,70,2025-03-24,5670.97,TRY,transfer
10974,976,79,2025-05-04,3322.98,TRY,purchase
10975,526,36,2025-12-12,5486.75,TRY,refund
10976,549,95,2026-05-11,1907.74,TRY,refund
10977,44,6,2026-08-14,6083.87,TRY,refund
10978,189,71,2026-06-14,6791.7,TRY,refund
10979,753,70,2025-01-23,6860.76,TRY,refund
10980,673,24,2025-01-22,5801.07,TRY,transfer
10981,654,85,2025-01-24,2501.34,TRY,purchase
10982,83,73,2026-05-25,2010.87,TRY,purchase
10983,988,98,2025-11-26,3135.62,TRY,transfer
10984,151,85,2025-05-12,2324.63,TRY,transfer
10985,778,48,2026-03-08,3511.52,TRY,transfer
10986,705,71,2025-10-02,2981.95,TRY,transfer
10987,747,2,2025-01-02,745.51,TRY,transfer
10988,669,72,2025-04-24,911.44,TRY,purchase
10989,390,20,2025-10-07,4931.96,TRY,refund
10990,636,83,2025-10-20,5497.36,TRY,transfer
10991,39,1,2025-05-19,6812.19,TRY,refund
10992,119,74,2025-02-10,2764.16,TRY,transfer
10993,460,18,2025-11-12,4866.99,TRY,refund
10994,52,80,2026-01-04,5665.55,TRY,refund
10995,706,63,2025-06-13,5866.71,TRY,transfer
10996,491,63,2025-10-23,3217.39,TRY,purchase
10997,976,7,2026-06-29,1504.12,TRY,refund
10998,136,86,2026-07-04,4230.47,TRY,transfer
10999,97,87,2025-02-28,277.94,TRY,transfer
11000,850,54,2025-09-13,1883.9,TRY,refund
11001,315,81,2025-03-24,3544.13,TRY,refund
11002,911,100,2025-05-18,338.01,TRY,purchase
11003,161,25,2025-01-16,2225.9,TRY,transfer
11004,489,45,2026-04-13,1759.36,TRY,refund
11005,569,100,2025-07-11,6516.72,TRY,refund
11006,388,45,2026-04-06,2532.24,TRY,refund
11007,356,18,2025-12-06,3572.28,TRY,transfer
11008,332,50,2026-07-08,2533.43,TRY,transfer
11009,980,55,2026-01-29,1886.27,TRY,transfer
11010,489,68,2025-06-21,4611.74,TRY,refund
11011,896,66,2026-04-30,798.74,TRY,purchase
11012,53,7,2025-06-29,2416.96,TRY,refund
11013,415,83,2025-09-29,2397.19,TRY,purchase
11014,245,37,2026-04-01,4359.49,TRY,refund
11015,140,75,2025-09-29,4455.33,TRY,transfer
11016,294,37,2026-04-12,62.25,TRY,purchase
11017,706,90,2025-11-15,2615.71,TRY,refund
11018,683,96,2026-01-30,1499.82,TRY,purchase
11019,494,6,2026-03-14,4231.44,TRY,refund
11020,665,14,2025-03-09,3667.58,TRY,transfer
11021,404,83,2025-05-04,1400.81,TRY,transfer
11022,452,47,2025-12-23,2293.33,TRY,refund
11023,168,23,2026-08-12,3680.95,TRY,purchase
11024,682,25,2025-09-10,6193.83,TRY,transfer
11025,156,37,2025-03-20,4319.67,TRY,transfer
11026,472,60,2025-03-31,585.24,TRY,purchase
11027,882,14,2026-01-22,3101.58,TRY,refund
11028,302,25,2026-01-24,380.18,TRY,refund
11029,559,80,2025-01-03,6065.16,TRY,transfer
11030,340,78,2025-06-08,3080.66,TRY,refund
11031,229,88,2026-03-02,4022.62,TRY,refund
11032,482,33,2025-07-30,6785.62,TRY,refund
11033,795,62,2026-02-04,4886.75,TRY,transfer
11034,547,75,2025-08-06,5013.0,TRY,refund
11035,84,51,2025-04-03,4910.27,TRY,transfer
11036,682,62,2026-04-16,2694.03,TRY,transfer
11037,324,68,2025-02-27,3786.87,TRY,purchase
11038,84,80,2026-03-01,4448.67,TRY,purchase
11039,744,9,2026-04-03,5863.85,TRY,transfer
11040,38,82,2025-01-29,6019.6,TRY,purchase
11041,680,9,2025-05-18,6949.94,TRY,purchase
11042,380,41,2026-05-17,2108.36,TRY,purchase
11043,929,81,2026-06-29,5272.45,TRY,refund
11044,949,44,2026-01-12,3773.51,TRY,refund
11045,434,74,2025-11-25,2632.82,TRY,purchase
11046,656,22,2026-03-02,3620.64,TRY,purchase
11047,36,64,2026-06-15,1707.57,TRY,purchase
11048,112,67,2025-09-05,2452.9,TRY,refund
11049,112,22,2025-08-30,5359.17,TRY,refund
11050,336,75,2025-06-26,1428.71,TRY,refund
11051,710,67,2025-02-27,6753.05,TRY,purchase
11052,296,45,2025-11-23,5860.13,TRY,purchase
11053,940,14,2026-01-28,6956.84,TRY,transfer
11054,477,35,2025-08-01,2343.94,TRY,refund
11055,612,17,2026-06-11,5754.89,TRY,purchase
11056,138,64,2025-02-26,1093.93,TRY,purchase
11057,476,33,2025-02-04,925.38,TRY,transfer
11058,77,6,2026-01-25,40.09,TRY,transfer
11059,874,63,2026-02-02,1642.26,TRY,refund
11060,281,27,2025-08-01,1973.25,TRY,refund
11061,3,24,2026-01-20,6794.07,TRY,purchase
11062,252,93,2026-01-11,2798.59,TRY,purchase
11063,728,52,2025-07-03,4155.08,TRY,transfer
11064,680,64,2025-02-08,5684.48,TRY,refund
11065,155,13,2026-01-04,5053.23,TRY,purchase
11066,276,87,2025-08-22,6630.82,TRY,purchase
11067,487,17,2025-07-22,4686.48,TRY,transfer
11068,375,6,2025-09-27,5116.95,TRY,transfer
11069,320,69,2026-01-08,1202.92,TRY,purchase
11070,649,97,2025-05-26,5757.19,TRY,purchase
11071,342,37,2026-04-27,1093.28,TRY,purchase
11072,263,5,2025-11-24,6494.65,TRY,refund
11073,823,31,2025-02-16,5351.63,TRY,purchase
11074,985,15,2025-08-20,4297.4,TRY,purchase
11075,273,47,2026-06-28,6390.93,TRY,purchase
11076,485,47,2025-06-19,1390.32,TRY,purchase
11077,519,63,2025-02-06,5269.03,TRY,refund
11078,576,86,2025-08-19,1548.16,TRY,refund
11079,973,46,2026-02-16,1694.23,TRY,refund
11080,605,72,2025-03-06,3690.19,TRY,purchase
11081,570,34,2025-08-03,4295.42,TRY,refund
11082,305,68,2026-02-03,4067.34,TRY,purchase
11083,45,45,2026-01-04,3428.55,TRY,purchase
11084,846,26,2026-06-22,43.02,TRY,transfer
11085,997,95,2025-05-09,2854.27,TRY,refund
11086,1,74,2025-10-23,90.09,TRY,refund
11087,467,48,2025-01-27,736.08,TRY,refund
11088,16,43,2026-02-27,4762.27,TRY,refund
11089,356,42,2026-06-13,4174.87,TRY,transfer
11090,650,96,2025-02-09,4525.77,TRY,refund
11091,548,51,2026-08-28,3487.92,TRY,transfer
11092,729,92,2025-05-17,1163.36,TRY,purchase
11093,297,24,2025-02-13,1779.36,TRY,purchase
11094,63,52,2025-09-02,4837.6,TRY,transfer
11095,108,5,2026-03-16,5970.98,TRY,refund
11096,859,13,2025-09-10,2684.97,TRY,purchase
11097,349,76,2025-03-22,5337.18,TRY,purchase
11098,866,39,2025-05-31,5836.85,TRY,purchase
11099,561,51,2025-04-22,952.36,TRY,purchase
11100,222,21,2026-07-22,2889.88,TRY,purchase
11101,277,1,2025-05-15,4459.39,TRY,refund
11102,306,18,2025-05-30,1843.51,TRY,transfer
11103,160,22,2025-10-22,1694.21,TRY,purchase
11104,237,89,2025-05-15,5422.5,TRY,purchase
11105,16,4,2025-04-09,1350.96,TRY,refund
11106,540,78,2025-06-25,3821.12,TRY,transfer
11107,165,34,2025-08-30,2343.72,TRY,transfer
11108,601,63,2026-08-04,689.26,TRY,purchase
11109,344,30,2025-06-15,4237.08,TRY,refund
11110,120,82,2026-05-12,6982.0,TRY,purchase
11111,603,36,2026-06-16,1938.08,TRY,transfer
11112,500,49,2025-10-20,410.91,TRY,transfer
11113,772,77,2026-04-11,3219.44,TRY,refund
11114,221,49,2025-03-12,6337.63,TRY,purchase
11115,566,25,2025-01-01,4500.73,TRY,purchase
11116,612,7,2026-02-06,1736.97,TRY,purchase
11117,386,8,2025-05-12,3406.38,TRY,purchase
11118,932,16,2025-12-09,2973.04,TRY,transfer
11119,168,54,2025-03-12,3439.38,TRY,purchase
11120,440,24,2026-08-25,1036.15,TRY,refund
11121,832,77,2026-07-13,4013.88,TRY,transfer
11122,462,59,2025-07-20,3816.36,TRY,transfer
11123,187,89,2025-11-04,1375.83,TRY,transfer
11124,160,9,2025-10-14,3036.59,TRY,transfer
11125,164,22,2025-07-10,6941.44,TRY,transfer
11126,875,29,2025-07-21,3663.87,TRY,purchase
11127,202,65,2025-11-30,1252.68,TRY,purchase
11128,223,44,2025-01-29,2705.78,TRY,refund
11129,698,4,2026-08-18,6035.35,TRY,refund
11130,942,6,2025-04-09,6990.72,TRY,refund
11131,77,22,2025-11-15,2381.99,TRY,purchase
11132,190,76,2025-06-08,1776.45,TRY,refund
11133,398,57,2025-01-27,3666.37,TRY,transfer
11134,581,29,2026-08-13,4949.5,TRY,transfer
11135,660,45,2025-02-05,1971.2,TRY,purchase
11136,711,79,2025-07-13,1392.38,TRY,refund
11137,286,15,2025-12-27,6463.55,TRY,refund
11138,567,94,2025-08-28,1466.42,TRY,transfer
11139,458,66,2026-08-20,2569.17,TRY,transfer
11140,82,94,2025-01-23,2395.61,TRY,purchase
11141,594,82,2025-10-02,2395.14,TRY,refund
11142,371,74,2025-12-20,433.19,TRY,transfer
11143,190,45,2026-05-04,921.19,TRY,purchase
11144,759,90,2025-07-15,117.78,TRY,refund
11145,5,72,2026-03-08,6120.36,TRY,purchase
11146,571,56,2025-11-07,3530.63,TRY,refund
11147,404,88,2026-04-13,2010.2,TRY,transfer
11148,646,97,2025-12-25,1193.95,TRY,transfer
11149,101,35,2026-07-15,1762.3,TRY,refund
11150,978,83,2026-01-25,6088.68,TRY,purchase
11151,570,82,2026-01-26,4008.21,TRY,transfer
11152,859,18,2026-04-15,5914.21,TRY,transfer
11153,1,96,2025-06-26,2343.92,TRY,purchase
11154,694,88,2026-01-13,5623.88,TRY,transfer
11155,685,91,2025-09-28,6248.33,TRY,purchase
11156,816,15,2025-03-05,6247.27,TRY,refund
11157,364,95,2026-02-25,1262.02,TRY,refund
11158,74,19,2026-03-09,4624.8,TRY,refund
11159,431,83,2026-06-04,202.67,TRY,transfer
11160,957,73,2025-09-29,6648.66,TRY,transfer
11161,321,73,2026-02-16,2129.48,TRY,purchase
11162,255,26,2026-03-11,5754.03,TRY,purchase
11163,862,37,2025-11-29,5322.91,TRY,transfer
11164,160,4,2026-03-17,2254.77,TRY,transfer
11165,751,29,2025-05-24,6848.66,TRY,transfer
11166,69,38,2025-08-14,2102.63,TRY,purchase
11167,713,86,2025-08-01,3359.62,TRY,refund
11168,153,92,2025-09-30,1346.65,TRY,purchase
11169,45,78,2025-03-08,2359.34,TRY,refund
11170,547,32,2025-01-31,4341.29,TRY,transfer
11171,374,31,2025-03-21,5237.13,TRY,purchase
11172,168,47,2025-06-17,5168.64,TRY,refund
11173,283,76,2026-03-31,1986.44,TRY,transfer
11174,475,8,2026-03-22,3079.45,TRY,transfer
11175,685,49,2025-10-25,1987.03,TRY,transfer
11176,424,81,2025-08-27,278.36,TRY,transfer
11177,755,4,2026-04-17,3678.92,TRY,transfer
11178,41,94,2025-03-12,5137.47,TRY,purchase
11179,139,38,2025-10-24,3675.51,TRY,purchase
11180,381,51,2025-11-01,6598.26,TRY,purchase
11181,116,95,2026-06-06,3386.92,TRY,transfer
11182,601,84,2025-01-21,198.12,TRY,refund
11183,599,9,2025-02-25,4612.1,TRY,transfer
11184,64,57,2025-06-23,4896.45,TRY,transfer
11185,74,94,2025-10-28,6424.26,TRY,purchase
11186,32,37,2026-08-06,4214.63,TRY,purchase
11187,731,54,2025-10-24,415.06,TRY,refund
11188,88,17,2025-03-17,431.79,TRY,purchase
11189,688,36,2025-07-31,543.78,TRY,refund
11190,380,2,2025-08-11,635.39,TRY,transfer
11191,535,66,2026-04-12,3856.45,TRY,purchase
11192,397,54,2025-01-16,5399.95,TRY,refund
11193,990,46,2025-04-29,1885.57,TRY,refund
11194,535,30,2025-12-20,6561.89,TRY,refund
11195,413,3,2026-08-04,2471.24,TRY,refund
11196,737,17,2026-04-14,3329.42,TRY,transfer
11197,160,9,2025-12-17,5453.49,TRY,transfer
11198,398,15,2025-04-18,6753.01,TRY,purchase
11199,121,11,2026-03-21,1235.68,TRY,transfer
11200,483,13,2025-09-20,1470.49,TRY,refund
11201,632,25,2025-09-27,800.8,TRY,refund
11202,108,83,2026-03-08,6745.13,TRY,purchase
11203,647,33,2026-05-26,1323.69,TRY,refund
11204,357,28,2025-05-05,5948.52,TRY,purchase
11205,509,26,2026-05-27,6278.89,TRY,purchase
11206,150,1,2026-03-26,1032.32,TRY,transfer
11207,33,70,2025-11-10,2259.75,TRY,transfer
11208,766,23,2025-11-04,6486.31,TRY,transfer
11209,530,56,2025-02-05,5183.03,TRY,refund
11210,691,76,2025-05-12,2236.85,TRY,purchase
11211,833,31,2026-02-22,292.05,TRY,transfer
11212,16,75,2026-08-12,1678.11,TRY,purchase
11213,854,76,2025-04-11,6608.55,TRY,transfer
11214,858,35,2025-03-02,199.67,TRY,transfer
11215,626,88,2026-06-02,817.56,TRY,transfer
11216,883,80,2026-04-08,6591.62,TRY,purchase
11217,811,76,2025-05-19,4639.12,TRY,transfer
11218,190,67,2026-06-18,3143.3,TRY,refund
11219,751,10,2025-12-10,4975.65,TRY,refund
11220,638,20,2025-12-31,1867.53,TRY,purchase
11221,306,91,2025-12-05,5749.38,TRY,purchase
11222,415,55,2025-09-24,4520.53,TRY,refund
11223,249,69,2026-03-20,4384.95,TRY,refund
11224,861,56,2025-10-13,3849.96,TRY,purchase
11225,39,43,2025-03-13,6666.32,TRY,purchase
11226,580,82,2025-05-19,4897.9,TRY,refund
11227,152,35,2025-07-13,154.23,TRY,refund
11228,505,61,2026-05-25,4330.36,TRY,purchase
11229,680,50,2026-04-12,3222.23,TRY,purchase
11230,12,64,2025-01-04,3584.55,TRY,purchase
11231,258,7,2026-05-31,4275.56,TRY,purchase
11232,649,46,2025-03-27,5016.69,TRY,purchase
11233,196,96,2025-04-10,6953.69,TRY,refund
11234,591,23,2025-02-26,3942.25,TRY,transfer
11235,255,56,2026-01-30,605.6,TRY,transfer
11236,397,83,2025-06-17,132.74,TRY,refund
11237,847,20,2026-08-27,5684.57,TRY,refund
11238,752,15,2025-05-24,2681.87,TRY,refund
11239,60,88,2026-07-30,6415.28,TRY,refund
11240,974,76,2026-03-10,5435.68,TRY,purchase
11241,872,3,2026-07-22,1910.66,TRY,transfer
11242,246,80,2025-01-28,5201.14,TRY,purchase
11243,675,84,2026-05-04,2749.74,TRY,refund
11244,222,97,2026-02-26,164.06,TRY,transfer
11245,428,30,2025-07-31,1545.44,TRY,transfer
11246,610,83,2025-12-21,327.43,TRY,refund
11247,720,52,2026-05-21,3008.9,TRY,transfer
11248,349,46,2025-01-21,3692.36,TRY,purchase
11249,665,5,2025-12-14,5823.72,TRY,purchase
11250,696,78,2025-02-24,3847.82,TRY,purchase
11251,427,81,2025-07-11,2537.74,TRY,transfer
11252,727,76,2026-06-02,5809.57,TRY,refund
11253,1000,48,2026-03-18,6498.32,TRY,refund
11254,820,10,2026-08-23,4025.92,TRY,refund
11255,794,9,2025-05-10,1843.52,TRY,refund
11256,68,51,2025-02-19,2615.18,TRY,transfer
11257,185,77,2026-08-22,4277.94,TRY,purchase
11258,451,52,2025-04-05,4077.2,TRY,transfer
11259,517,15,2025-11-14,4286.87,TRY,transfer
11260,216,53,2026-05-21,3662.7,TRY,transfer
11261,15,31,2025-05-18,5866.35,TRY,purchase
11262,461,57,2025-10-13,3953.17,TRY,transfer
11263,96,16,2026-05-05,3059.47,TRY,refund
11264,381,3,2025-02-11,1967.95,TRY,refund
11265,348,83,2025-07-23,5169.92,TRY,purchase
11266,341,58,2025-12-29,4519.48,TRY,transfer
11267,881,17,2025-07-01,4353.15,TRY,purchase
11268,734,69,2025-09-11,5766.23,TRY,refund
11269,37,26,2026-08-21,431.04,TRY,refund
11270,508,38,2026-07-23,3016.84,TRY,refund
11271,904,51,2026-04-29,6661.58,TRY,purchase
11272,791,42,2025-03-18,6222.47,TRY,purchase
11273,265,85,2026-05-21,2005.49,TRY,transfer
11274,957,18,2026-05-24,27.25,TRY,purchase
11275,175,8,2026-04-15,3828.92,TRY,transfer
11276,27,27,2026-05-20,3787.62,TRY,purchase
11277,119,1,2025-09-13,4445.41,TRY,purchase
11278,515,20,2025-09-03,1814.44,TRY,purchase
11279,833,99,2026-02-19,87.21,TRY,transfer
11280,630,4,2026-08-14,3258.99,TRY,refund
11281,722,67,2026-07-02,5650.34,TRY,refund
11282,117,52,2026-02-13,608.89,TRY,purchase
11283,511,51,2025-09-24,2200.76,TRY,transfer
11284,50,36,2025-08-17,5492.86,TRY,refund
11285,763,86,2026-02-13,5028.3,TRY,refund
11286,982,83,2025-05-25,893.46,TRY,purchase
11287,478,89,2026-03-31,942.99,TRY,purchase
11288,20,44,2025-10-03,5468.05,TRY,purchase
11289,174,93,2026-01-26,154.91,TRY,purchase
11290,536,84,2025-11-06,5962.95,TRY,refund
11291,365,93,2025-12-06,4101.38,TRY,purchase
11292,725,68,2026-08-25,2233.1,TRY,transfer
11293,520,52,2025-09-14,6117.35,TRY,transfer
11294,590,28,2025-07-16,4687.35,TRY,refund
11295,282,46,2025-07-14,6140.23,TRY,purchase
11296,546,6,2025-06-30,1648.28,TRY,refund
11297,570,57,2026-02-25,608.12,TRY,transfer
11298,312,39,2025-09-19,1582.53,TRY,transfer
11299,868,29,2026-03-28,6329.9,TRY,refund
11300,790,83,2025-02-07,4350.95,TRY,purchase
11301,525,43,2026-03-25,2389.37,TRY,transfer
11302,480,78,2025-11-10,3110.65,TRY,purchase
11303,108,68,2025-08-12,4584.39,TRY,purchase
11304,728,74,2025-01-17,110.94,TRY,refund
11305,955,76,2025-06-19,4503.12,TRY,transfer
11306,960,44,2025-06-10,5931.7,TRY,refund
11307,410,93,2025-03-22,2235.07,TRY,purchase
11308,115,97,2026-03-13,3453.74,TRY,transfer
11309,5,67,2026-02-23,328.69,TRY,purchase
11310,388,55,2025-11-21,3549.61,TRY,transfer
11311,457,65,2025-06-13,4945.65,TRY,purchase
11312,753,48,2026-03-08,2536.52,TRY,purchase
11313,774,74,2025-08-12,3906.41,TRY,refund
11314,257,90,2025-02-12,4403.12,TRY,refund
11315,740,38,2025-12-11,143.98,TRY,purchase
11316,903,74,2026-07-18,2807.82,TRY,transfer
11317,905,26,2025-09-17,2651.53,TRY,refund
11318,618,97,2025-01-24,3671.76,TRY,refund
11319,302,78,2026-06-28,2751.29,TRY,purchase
11320,141,78,2026-02-19,5559.72,TRY,purchase
11321,188,88,2026-07-24,4973.53,TRY,purchase
11322,887,10,2025-12-19,4646.32,TRY,purchase
11323,23,62,2025-01-18,3274.74,TRY,transfer
11324,818,14,2025-02-13,5575.58,TRY,transfer
11325,540,90,2026-05-24,3624.37,TRY,purchase
11326,78,46,2025-03-05,3618.99,TRY,transfer
11327,821,29,2025-09-02,6510.73,TRY,refund
11328,829,41,2025-03-14,1271.85,TRY,transfer
11329,153,78,2025-09-15,2442.5,TRY,purchase
11330,521,27,2025-07-24,5455.6,TRY,transfer
11331,534,14,2025-11-08,4561.22,TRY,transfer
11332,315,19,2025-12-25,184.97,TRY,refund
11333,228,68,2025-05-17,339.85,TRY,purchase
11334,610,46,2025-03-02,4559.55,TRY,purchase
11335,454,66,2026-03-15,3141.72,TRY,refund
11336,343,1,2025-02-05,5445.56,TRY,purchase
11337,996,96,2025-11-23,3399.45,TRY,transfer
11338,648,50,2025-03-03,4573.13,TRY,refund
11339,880,58,2025-08-02,1536.59,TRY,refund
11340,70,35,2025-07-05,6805.24,TRY,refund
11341,288,11,2025-12-31,5356.08,TRY,purchase
11342,851,56,2025-08-18,1065.82,TRY,refund
11343,448,54,2025-03-07,4496.03,TRY,transfer
11344,903,99,2025-06-10,6725.96,TRY,refund
11345,669,31,2026-03-03,2126.1,TRY,refund
11346,77,57,2026-06-25,1150.5,TRY,refund
11347,698,47,2026-05-23,3329.03,TRY,purchase
11348,781,50,2025-03-11,1837.82,TRY,refund
11349,31,11,2026-05-20,4694.5,TRY,purchase
11350,610,49,2025-11-10,199.04,TRY,transfer
11351,62,8,2026-08-26,1102.49,TRY,refund
11352,693,66,2025-07-27,6336.38,TRY,transfer
11353,338,77,2026-03-13,5806.31,TRY,refund
11354,533,32,2026-07-25,3327.6,TRY,refund
11355,392,43,2025-09-24,21.03,TRY,purchase
11356,305,61,2025-05-05,1996.18,TRY,purchase
11357,908,25,2026-04-08,1922.37,TRY,purchase
11358,799,17,2026-06-29,4539.5,TRY,purchase
11359,429,46,2026-03-18,6749.5,TRY,purchase
11360,584,29,2026-01-21,3361.17,TRY,refund
11361,184,59,2026-01-14,5336.26,TRY,refund
11362,691,34,2025-01-15,1655.87,TRY,refund
11363,599,82,2026-06-07,5296.78,TRY,transfer
11364,253,78,2026-04-05,2541.52,TRY,refund
11365,338,31,2026-02-13,4603.78,TRY,transfer
11366,962,22,2025-07-05,4807.16,TRY,transfer
11367,269,57,2025-02-04,2335.22,TRY,refund
11368,507,51,2026-01-02,3540.2,TRY,transfer
11369,716,26,2025-01-12,495.07,TRY,transfer
11370,747,84,2026-04-25,2707.93,TRY,transfer
11371,895,78,2025-06-18,5847.05,TRY,purchase
11372,280,31,2026-06-08,3790.41,TRY,transfer
11373,151,67,2026-04-07,458.19,TRY,refund
11374,788,89,2026-06-15,1648.74,TRY,transfer
11375,996,84,2025-09-30,1588.48,TRY,purchase
11376,843,75,2026-04-23,6292.15,TRY,purchase
11377,563,41,2025-11-15,1906.81,TRY,purchase
11378,823,36,2025-03-04,1107.75,TRY,refund
11379,840,69,2025-01-08,2124.77,TRY,refund
11380,528,68,2026-01-30,4924.2,TRY,transfer
11381,635,92,2026-07-26,4461.17,TRY,purchase
11382,553,92,2026-04-08,2815.97,TRY,refund
11383,961,85,2025-06-28,3423.73,TRY,refund
11384,450,60,2025-04-17,797.8,TRY,refund
11385,564,59,2025-07-18,3373.37,TRY,transfer
11386,88,44,2026-02-21,875.71,TRY,refund
11387,161,9,2026-05-16,1497.16,TRY,refund
11388,866,11,2025-08-29,5199.53,TRY,transfer
11389,508,26,2025-03-06,2056.51,TRY,transfer
11390,656,28,2025-03-19,3992.77,TRY,purchase
11391,408,55,2026-03-02,6072.59,TRY,transfer
11392,124,55,2025-06-23,2188.79,TRY,transfer
11393,677,51,2026-07-13,3668.59,TRY,transfer
11394,659,94,2026-03-18,3367.04,TRY,refund
11395,177,95,2025-03-19,3525.41,TRY,purchase
11396,320,60,2026-08-07,6816.12,TRY,transfer
11397,186,17,2025-09-21,3468.37,TRY,transfer
11398,999,71,2026-03-10,3090.92,TRY,transfer
11399,467,14,2026-02-06,5897.88,TRY,purchase
11400,654,35,2026-06-16,4665.82,TRY,refund
11401,472,79,2025-05-25,2351.2,TRY,transfer
11402,380,89,2025-06-26,1362.12,TRY,refund
11403,155,77,2026-05-30,405.02,TRY,purchase
11404,804,80,2025-07-13,2060.35,TRY,purchase
11405,229,100,2026-03-29,1689.45,TRY,refund
11406,276,17,2025-10-20,3358.76,TRY,purchase
11407,988,9,2025-12-21,6133.13,TRY,transfer
11408,191,24,2025-03-09,3910.45,TRY,transfer
11409,342,11,2026-04-01,662.71,TRY,transfer
11410,992,1,2026-04-07,5763.4,TRY,refund
11411,468,61,2026-03-14,6826.5,TRY,transfer
11412,203,15,2025-08-03,698.39,TRY,refund
11413,924,39,2025-11-17,1721.65,TRY,purchase
11414,198,52,2025-10-31,1146.24,TRY,refund
11415,9,29,2026-01-05,1728.89,TRY,transfer
11416,941,95,2025-06-29,5711.15,TRY,purchase
11417,34,13,2025-06-14,2374.35,TRY,refund
11418,715,52,2026-04-07,2305.99,TRY,transfer
11419,71,38,2026-08-17,4129.56,TRY,transfer
11420,367,74,2026-04-05,3309.16,TRY,purchase
11421,98,90,2026-05-07,33.0,TRY,refund
11422,546,85,2025-05-09,2600.44,TRY,purchase
11423,192,6,2025-03-10,6294.82,TRY,purchase
11424,338,40,2026-01-15,2730.7,TRY,purchase
11425,805,51,2026-04-28,4320.22,TRY,transfer
11426,703,30,2026-03-24,3513.86,TRY,purchase
11427,430,81,2025-11-04,6881.13,TRY,refund
11428,737,40,2026-08-17,3564.16,TRY,purchase
11429,32,85,2026-02-18,6517.41,TRY,purchase
11430,770,17,2026-02-27,6018.86,TRY,purchase
11431,579,18,2025-01-28,2651.51,TRY,transfer
11432,804,3,2025-10-09,1001.42,TRY,transfer
11433,302,19,2025-05-24,5299.31,TRY,purchase
11434,629,23,2025-09-30,3139.35,TRY,purchase
11435,658,98,2025-12-16,369.94,TRY,transfer
11436,680,62,2026-07-09,6299.65,TRY,purchase
11437,590,75,2025-08-01,3528.42,TRY,purchase
11438,896,16,2025-04-07,986.06,TRY,purchase
11439,221,66,2025-06-04,5068.6,TRY,transfer
11440,518,25,2026-08-25,5301.8,TRY,transfer
11441,902,6,2025-04-18,2596.18,TRY,purchase
11442,800,86,2026-01-12,4359.32,TRY,refund
11443,502,55,2025-03-22,3053.34,TRY,purchase
11444,741,81,2026-02-02,3599.75,TRY,purchase
11445,40,40,2025-02-01,62.8,TRY,refund
11446,699,90,2025-10-04,6093.8,TRY,transfer
11447,18,11,2025-07-25,847.17,TRY,refund
11448,217,31,2026-03-03,26.79,TRY,refund
11449,506,34,2025-07-20,1316.64,TRY,transfer
11450,904,14,2025-05-03,6371.94,TRY,refund
11451,273,74,2025-12-07,4343.76,TRY,transfer
11452,672,83,2025-05-14,4053.92,TRY,transfer
11453,486,77,2025-04-21,4182.28,TRY,transfer
11454,819,85,2025-02-18,4223.83,TRY,purchase
11455,241,49,2025-10-27,479.03,TRY,transfer
11456,427,41,2026-08-06,919.25,TRY,refund
11457,588,39,2026-07-10,4448.66,TRY,refund
11458,26,73,2025-01-28,6231.18,TRY,purchase
11459,431,67,2025-01-14,769.75,TRY,purchase
11460,349,85,2025-08-10,6930.4,TRY,refund
11461,19,80,2026-01-30,2058.09,TRY,transfer
11462,307,47,2025-07-20,4593.45,TRY,transfer
11463,505,27,2025-05-10,430.57,TRY,transfer
11464,424,5,2025-04-30,2613.86,TRY,refund
11465,207,81,2025-01-30,2524.51,TRY,purchase
11466,814,99,2025-12-19,6757.32,TRY,transfer
11467,177,40,2026-07-29,3836.59,TRY,transfer
11468,663,89,2026-07-07,141.73,TRY,refund
11469,611,64,2025-02-14,1867.81,TRY,refund
11470,565,90,2025-12-05,2272.47,TRY,purchase
11471,700,52,2026-08-07,5130.89,TRY,purchase
11472,735,37,2025-02-02,5906.88,TRY,transfer
11473,915,58,2025-10-24,716.2,TRY,transfer
11474,580,27,2026-01-14,1409.2,TRY,purchase
11475,642,1,2025-08-29,3601.39,TRY,transfer
11476,76,89,2026-02-10,5703.98,TRY,refund
11477,510,57,2025-01-28,4378.8,TRY,transfer
11478,369,20,2025-03-16,6876.37,TRY,refund
11479,693,65,2026-01-23,3723.89,TRY,transfer
11480,44,34,2025-07-13,4250.63,TRY,purchase
11481,605,2,2025-02-03,6976.39,TRY,transfer
11482,694,85,2026-06-28,4117.06,TRY,purchase
11483,335,100,2026-07-07,5802.51,TRY,refund
11484,496,66,2025-07-24,4269.0,TRY,transfer
11485,47,25,2026-05-05,185.48,TRY,refund
11486,483,27,2025-03-26,1090.76,TRY,refund
11487,991,71,2026-07-23,2878.41,TRY,transfer
11488,705,40,2026-06-16,2496.33,TRY,transfer
11489,64,59,2025-09-16,3653.1,TRY,transfer
11490,80,25,2025-09-20,6825.88,TRY,transfer
11491,607,45,2025-05-01,6470.92,TRY,purchase
11492,328,8,2025-03-15,3883.8,TRY,purchase
11493,728,91,2026-01-31,543.26,TRY,purchase
11494,3,5,2025-10-10,3612.64,TRY,refund
11495,312,94,2025-04-22,5071.66,TRY,transfer
11496,139,88,2025-07-16,4664.78,TRY,transfer
11497,948,14,2025-01-09,6125.31,TRY,transfer
11498,292,87,2025-11-30,1174.59,TRY,refund
11499,906,32,2026-08-09,2708.61,TRY,refund
11500,863,47,2026-03-18,566.66,TRY,refund
11501,104,20,2026-08-01,3803.66,TRY,purchase
11502,65,8,2025-07-15,4636.15,TRY,purchase
11503,342,19,2026-08-26,1805.12,TRY,refund
11504,826,56,2025-04-23,792.57,TRY,refund
11505,528,30,2025-06-11,1768.46,TRY,transfer
11506,39,77,2026-02-20,5251.21,TRY,purchase
11507,954,87,2026-02-26,5697.31,TRY,purchase
11508,127,50,2026-02-27,6973.72,TRY,transfer
11509,306,67,2025-04-01,6419.74,TRY,transfer
11510,62,1,2025-03-20,468.68,TRY,transfer
11511,213,29,2025-01-24,875.49,TRY,refund
11512,594,49,2025-12-12,6872.55,TRY,transfer
11513,400,84,2026-04-21,6341.67,TRY,purchase
11514,227,71,2025-07-16,2729.85,TRY,refund
11515,102,38,2025-09-04,2164.83,TRY,refund
11516,913,22,2025-06-29,5617.64,TRY,purchase
11517,768,63,2025-09-28,4643.97,TRY,transfer
11518,58,41,2025-07-24,3596.82,TRY,transfer
11519,586,100,2025-01-14,2412.32,TRY,transfer
11520,377,1,2025-10-04,1149.44,TRY,transfer
11521,71,56,2026-07-11,1635.4,TRY,purchase
11522,340,58,2026-05-19,1270.31,TRY,purchase
11523,717,65,2026-05-18,1311.47,TRY,refund
11524,977,16,2025-02-21,5832.09,TRY,refund
11525,597,11,2025-12-25,5193.28,TRY,transfer
11526,522,96,2025-03-28,2624.42,TRY,refund
11527,94,71,2025-11-16,4158.83,TRY,transfer
11528,999,48,2025-06-21,4366.47,TRY,refund
11529,253,81,2025-11-22,1001.12,TRY,purchase
11530,496,26,2025-05-12,3870.8,TRY,purchase
11531,271,100,2026-06-22,3367.23,TRY,transfer
11532,687,22,2026-08-04,3752.49,TRY,transfer
11533,166,3,2025-06-08,4328.18,TRY,transfer
11534,952,59,2025-06-26,2700.03,TRY,purchase
11535,670,83,2025-09-07,5038.58,TRY,purchase
11536,34,40,2025-12-10,5890.24,TRY,transfer
11537,772,15,2025-09-08,764.69,TRY,refund
11538,982,98,2026-01-24,977.56,TRY,refund
11539,233,8,2025-08-12,442.03,TRY,purchase
11540,288,9,2025-08-13,129.33,TRY,purchase
11541,116,27,2025-03-09,1986.21,TRY,refund
11542,853,40,2025-07-09,603.87,TRY,purchase
11543,477,83,2026-05-05,3525.17,TRY,transfer
11544,29,48,2025-12-10,4653.26,TRY,transfer
11545,142,95,2025-05-17,6243.12,TRY,refund
11546,25,85,2025-05-10,3003.4,TRY,transfer
11547,314,73,2026-04-23,2808.52,TRY,transfer
11548,485,79,2026-08-21,5157.5,TRY,transfer
11549,960,58,2025-07-08,2473.73,TRY,transfer
11550,606,56,2025-11-10,563.44,TRY,purchase
11551,357,2,2026-04-04,4843.14,TRY,refund
11552,633,80,2026-01-25,3172.87,TRY,transfer
11553,458,91,2026-02-17,1346.2,TRY,transfer
11554,421,65,2025-01-27,6620.09,TRY,refund
11555,116,14,2025-10-17,3503.74,TRY,purchase
11556,674,100,2025-12-31,4452.28,TRY,purchase
11557,47,13,2025-03-09,1025.35,TRY,refund
11558,835,2,2025-10-16,1013.88,TRY,transfer
11559,379,73,2025-08-17,1663.58,TRY,transfer
11560,932,18,2025-08-04,5352.43,TRY,purchase
11561,828,39,2025-08-26,1501.13,TRY,refund
11562,917,10,2026-03-18,6894.18,TRY,transfer
11563,884,80,2026-04-28,2165.67,TRY,refund
11564,934,53,2026-08-20,3416.21,TRY,refund
11565,118,15,2026-06-24,5653.49,TRY,transfer
11566,339,9,2025-04-23,841.57,TRY,refund
11567,559,59,2025-05-12,1694.34,TRY,purchase
11568,936,26,2026-05-22,839.68,TRY,transfer
11569,378,67,2026-02-15,93.03,TRY,refund
11570,309,17,2025-08-04,2834.38,TRY,purchase
11571,742,39,2025-12-14,5583.0,TRY,transfer
11572,739,37,2026-01-21,5190.56,TRY,purchase
11573,457,9,2025-10-15,3242.57,TRY,transfer
11574,509,45,2025-01-27,3643.73,TRY,purchase
11575,366,83,2026-04-16,4396.96,TRY,purchase
11576,911,64,2026-06-26,1822.02,TRY,refund
11577,286,7,2025-03-03,1109.92,TRY,refund
11578,846,34,2026-06-06,4224.62,TRY,purchase
11579,283,40,2025-08-25,3102.09,TRY,purchase
11580,416,50,2026-03-15,6699.05,TRY,refund
11581,317,69,2026-02-11,5505.0,TRY,transfer
11582,470,15,2025-05-03,3779.19,TRY,purchase
11583,417,9,2026-06-23,1198.2,TRY,refund
11584,735,57,2025-08-14,2085.02,TRY,refund
11585,475,37,2026-08-26,2935.0,TRY,transfer
11586,759,38,2026-01-19,4907.82,TRY,refund
11587,918,31,2025-09-06,4502.69,TRY,transfer
11588,105,82,2026-06-13,5810.12,TRY,transfer
11589,108,41,2026-03-02,3478.64,TRY,refund
11590,124,28,2025-12-10,1955.45,TRY,transfer
11591,361,44,2026-03-25,4188.26,TRY,transfer
11592,827,4,2026-04-17,4215.87,TRY,transfer
11593,63,61,2026-03-29,4500.71,TRY,refund
11594,647,82,2026-01-18,2374.98,TRY,purchase
11595,28,3,2025-03-14,3404.84,TRY,purchase
11596,795,34,2025-04-17,1076.44,TRY,purchase
11597,985,45,2026-08-25,1244.36,TRY,transfer
11598,188,74,2026-07-22,2514.49,TRY,refund
11599,708,17,2025-09-22,384.82,TRY,refund
11600,351,83,2025-06-16,2299.08,TRY,purchase
11601,511,61,2025-10-23,4449.89,TRY,refund
11602,442,42,2025-06-09,6463.25,TRY,refund
11603,316,20,2025-10-04,1527.86,TRY,refund
11604,159,65,2025-05-19,5479.11,TRY,purchase
11605,190,17,2025-02-22,1940.9,TRY,purchase
11606,429,38,2026-08-08,2852.61,TRY,refund
11607,166,49,2025-12-15,1111.57,TRY,purchase
11608,977,88,2025-04-20,5074.78,TRY,transfer
11609,473,54,2025-02-18,4367.9,TRY,refund
11610,974,30,2026-03-26,1208.28,TRY,purchase
11611,57,74,2025-09-02,6939.38,TRY,purchase
11612,753,74,2025-12-17,2740.27,TRY,transfer
11613,200,23,2025-03-02,2633.89,TRY,purchase
11614,433,94,2025-12-22,310.9,TRY,transfer
11615,398,81,2025-04-27,4717.73,TRY,refund
11616,938,70,2026-06-17,1788.86,TRY,transfer
11617,360,17,2025-08-11,2790.5,TRY,transfer
11618,929,34,2025-03-15,742.31,TRY,transfer
11619,28,5,2025-06-24,251.65,TRY,transfer
11620,385,63,2026-02-18,5232.23,TRY,refund
11621,60,53,2025-05-28,1729.77,TRY,purchase
11622,99,47,2025-05-03,4881.76,TRY,refund
11623,323,16,2026-01-21,3319.98,TRY,purchase
11624,912,74,2026-02-22,211.69,TRY,transfer
11625,441,46,2025-08-28,582.69,TRY,refund
11626,696,28,2025-10-04,6293.79,TRY,purchase
11627,34,64,2025-02-17,6316.54,TRY,purchase
11628,81,88,2025-02-16,6523.76,TRY,refund
11629,173,22,2025-05-27,3938.28,TRY,refund
11630,633,77,2025-12-07,6389.49,TRY,transfer
11631,198,94,2026-02-14,3416.73,TRY,refund
11632,169,70,2026-02-12,250.19,TRY,refund
11633,793,51,2026-04-28,4680.4,TRY,transfer
11634,462,28,2026-05-30,5345.6,TRY,transfer
11635,59,16,2025-04-17,464.91,TRY,purchase
11636,34,84,2025-12-25,1221.43,TRY,transfer
11637,155,27,2026-06-27,1573.2,TRY,purchase
11638,152,27,2026-04-22,3466.7,TRY,purchase
11639,277,37,2026-06-21,5617.18,TRY,refund
11640,669,31,2025-07-11,1862.34,TRY,transfer
11641,698,79,2026-02-13,3851.24,TRY,refund
11642,36,36,2025-04-23,6485.35,TRY,transfer
11643,174,54,2025-04-18,2784.2,TRY,transfer
11644,376,42,2025-11-15,925.98,TRY,transfer
11645,254,26,2026-08-26,4004.22,TRY,purchase
11646,136,16,2025-11-01,4698.96,TRY,purchase
11647,760,50,2025-02-05,2196.85,TRY,transfer
11648,390,10,2025-02-21,1058.74,TRY,transfer
11649,878,55,2026-01-11,1859.49,TRY,purchase
11650,602,96,2025-02-15,5307.93,TRY,refund
11651,204,63,2026-04-22,6070.77,TRY,purchase
11652,633,85,2026-03-01,3219.65,TRY,purchase
11653,339,2,2025-07-30,2263.28,TRY,purchase
11654,244,58,2025-07-11,6862.92,TRY,refund
11655,407,86,2025-10-02,5405.92,TRY,refund
11656,10,38,2026-07-05,5325.02,TRY,refund
11657,894,12,2025-03-29,4104.33,TRY,purchase
11658,934,52,2025-11-24,5274.07,TRY,transfer
11659,241,23,2025-07-10,4719.55,TRY,refund
11660,620,10,2025-04-29,557.02,TRY,refund
11661,521,44,2025-04-27,1274.35,TRY,transfer
11662,729,22,2026-04-11,1266.25,TRY,transfer
11663,80,52,2025-10-26,6610.05,TRY,purchase
11664,134,78,2025-05-26,6469.89,TRY,purchase
11665,560,33,2025-03-14,3872.67,TRY,refund
11666,810,62,2026-02-04,624.74,TRY,refund
11667,384,87,2026-05-12,1149.34,TRY,transfer
11668,265,47,2026-06-18,6289.0,TRY,transfer
11669,884,31,2026-03-23,3041.57,TRY,refund
11670,600,72,2025-08-10,1659.6,TRY,transfer
11671,290,7,2026-06-11,1423.14,TRY,purchase
11672,484,66,2025-08-12,2758.71,TRY,transfer
11673,116,46,2026-08-14,1293.9,TRY,refund
11674,425,67,2026-02-20,2690.15,TRY,transfer
11675,25,70,2025-01-23,3379.68,TRY,refund
11676,428,43,2025-09-02,374.94,TRY,purchase
11677,191,19,2026-05-12,6991.4,TRY,purchase
11678,631,26,2026-02-23,4619.91,TRY,purchase
11679,288,61,2025-01-06,4339.17,TRY,transfer
11680,37,31,2025-08-16,3179.18,TRY,purchase
11681,272,19,2025-04-25,1527.12,TRY,refund
11682,296,58,2025-06-30,3501.77,TRY,transfer
11683,234,75,2025-06-29,4423.4,TRY,transfer
11684,418,93,2026-05-31,4362.27,TRY,transfer
11685,336,34,2025-06-11,3501.25,TRY,refund
11686,760,17,2025-09-10,5107.96,TRY,purchase
11687,963,51,2026-08-11,6107.63,TRY,transfer
11688,220,19,2025-11-13,227.86,TRY,refund
11689,179,66,2025-03-29,5478.22,TRY,transfer
11690,849,45,2026-05-30,751.62,TRY,transfer
11691,427,10,2026-05-29,197.68,TRY,transfer
11692,839,97,2025-02-01,4206.6,TRY,transfer
11693,742,8,2025-09-27,155.5,TRY,purchase
11694,237,51,2025-07-01,3074.39,TRY,refund
11695,797,39,2025-12-04,5806.86,TRY,purchase
11696,496,47,2025-09-23,969.88,TRY,refund
11697,239,18,2026-05-11,1272.55,TRY,purchase
11698,105,41,2025-12-23,1682.03,TRY,refund
11699,52,100,2025-04-09,2758.61,TRY,transfer
11700,193,100,2025-07-10,3975.55,TRY,refund
11701,260,47,2025-04-09,615.7,TRY,transfer
11702,405,44,2025-03-12,2966.14,TRY,transfer
11703,409,23,2025-10-31,5836.04,TRY,refund
11704,900,14,2025-08-19,1411.08,TRY,refund
11705,437,93,2025-01-05,6646.41,TRY,refund
11706,848,60,2025-11-28,5909.96,TRY,transfer
11707,589,52,2026-02-09,5212.22,TRY,refund
11708,68,88,2025-04-06,3594.01,TRY,purchase
11709,935,18,2025-01-04,3185.25,TRY,purchase
11710,755,74,2025-05-02,4089.0,TRY,purchase
11711,551,34,2026-02-14,2320.72,TRY,refund
11712,882,7,2026-02-25,6562.09,TRY,refund
11713,595,89,2026-06-05,2394.73,TRY,purchase
11714,994,49,2026-04-15,6178.05,TRY,refund
11715,665,47,2025-12-30,4347.96,TRY,transfer
11716,78,77,2026-01-24,6987.35,TRY,refund
11717,600,57,2026-02-20,448.87,TRY,purchase
11718,142,26,2026-01-23,1937.68,TRY,refund
11719,586,91,2026-08-11,5554.94,TRY,refund
11720,703,14,2025-10-24,1656.79,TRY,transfer
11721,5,95,2025-10-03,1395.77,TRY,transfer
11722,258,20,2025-10-31,4257.54,TRY,refund
11723,160,56,2025-07-22,855.09,TRY,refund
11724,481,98,2025-10-06,4963.25,TRY,refund
11725,152,24,2025-05-29,709.38,TRY,purchase
11726,697,39,2025-05-15,6770.1,TRY,purchase
11727,830,92,2026-08-28,5892.99,TRY,purchase
11728,997,66,2025-04-05,4683.71,TRY,transfer
11729,591,4,2025-08-27,1816.47,TRY,purchase
11730,107,59,2025-12-01,724.53,TRY,transfer
11731,181,76,2026-01-10,3792.33,TRY,transfer
11732,573,42,2025-01-16,3552.69,TRY,purchase
11733,241,22,2026-05-01,725.83,TRY,refund
11734,322,27,2025-11-27,631.29,TRY,purchase
11735,326,84,2026-03-13,5128.42,TRY,transfer
11736,726,38,2025-08-19,476.76,TRY,refund
11737,987,10,2025-03-08,6258.9,TRY,refund
11738,236,26,2025-12-23,1843.12,TRY,transfer
11739,88,90,2026-01-03,6103.99,TRY,purchase
11740,249,82,2026-06-03,6616.19,TRY,purchase
11741,332,39,2025-04-21,3403.66,TRY,refund
11742,558,74,2025-05-25,4831.58,TRY,purchase
11743,34,51,2026-07-07,948.0,TRY,transfer
11744,607,93,2025-09-18,2400.12,TRY,transfer
11745,705,6,2025-06-27,6506.16,TRY,refund
11746,355,59,2025-05-02,4726.48,TRY,refund
11747,587,88,2025-04-13,5300.56,TRY,transfer
11748,660,66,2025-03-29,3002.0,TRY,purchase
11749,379,38,2025-07-20,765.31,TRY,refund
11750,330,32,2026-03-05,2384.21,TRY,purchase
11751,223,67,2026-03-21,794.63,TRY,purchase
11752,425,60,2025-10-25,5943.95,TRY,purchase
11753,442,13,2026-03-16,5785.72,TRY,refund
11754,280,31,2025-08-20,3179.67,TRY,purchase
11755,496,97,2025-08-31,2690.22,TRY,purchase
11756,131,64,2025-09-23,3397.5,TRY,refund
11757,621,97,2026-01-19,6743.56,TRY,purchase
11758,179,14,2026-04-10,5530.26,TRY,transfer
11759,310,1,2026-02-02,4360.12,TRY,refund
11760,144,77,2026-03-13,3135.2,TRY,purchase
11761,875,7,2025-10-07,641.73,TRY,refund
11762,174,79,2025-07-20,474.98,TRY,purchase
11763,661,49,2026-03-31,3872.64,TRY,transfer
11764,464,41,2026-07-26,2708.18,TRY,refund
11765,504,34,2025-01-15,6222.78,TRY,purchase
11766,623,19,2026-01-08,2424.75,TRY,purchase
11767,464,43,2025-12-01,5598.81,TRY,refund
11768,401,14,2026-03-21,803.12,TRY,transfer
11769,240,70,2025-10-06,361.06,TRY,transfer
11770,894,60,2025-05-09,5920.87,TRY,refund
11771,345,37,2025-12-20,3091.25,TRY,transfer
11772,648,8,2026-08-19,2074.02,TRY,refund
11773,133,46,2025-03-05,4323.26,TRY,refund
11774,202,53,2025-02-27,1542.12,TRY,refund
11775,662,42,2025-06-14,3559.5,TRY,transfer
11776,191,25,2025-04-29,6585.04,TRY,purchase
11777,633,80,2026-03-14,3413.62,TRY,purchase
11778,916,40,2025-07-27,6535.67,TRY,transfer
11779,717,88,2026-01-09,4330.8,TRY,purchase
11780,893,78,2026-04-20,6176.65,TRY,refund
11781,420,32,2026-06-09,2546.57,TRY,refund
11782,721,85,2026-08-13,1053.25,TRY,refund
11783,730,83,2025-10-04,1601.54,TRY,transfer
11784,417,26,2026-03-08,2848.62,TRY,transfer
11785,510,13,2025-03-20,3240.98,TRY,purchase
11786,989,56,2026-01-15,6031.28,TRY,transfer
11787,351,77,2025-12-07,2442.73,TRY,purchase
11788,621,35,2026-01-14,5651.38,TRY,refund
11789,682,73,2026-06-18,4315.04,TRY,transfer
11790,798,85,2025-05-12,4256.28,TRY,transfer
11791,423,31,2025-03-04,4255.04,TRY,transfer
11792,473,91,2025-06-04,3653.16,TRY,refund
11793,712,81,2025-10-11,867.38,TRY,transfer
11794,210,90,2025-11-03,6388.36,TRY,purchase
11795,320,73,2025-05-02,1857.89,TRY,purchase
11796,365,33,2025-11-14,5061.03,TRY,purchase
11797,594,52,2026-04-19,5901.59,TRY,purchase
11798,319,19,2026-07-18,6678.71,TRY,refund
11799,507,34,2025-02-03,2178.48,TRY,refund
11800,163,96,2026-05-12,4463.6,TRY,refund
11801,951,3,2025-07-25,2589.9,TRY,refund
11802,442,49,2025-08-26,368.95,TRY,refund
11803,809,85,2026-03-29,4000.96,TRY,transfer
11804,501,42,2025-03-20,4676.37,TRY,purchase
11805,597,4,2026-02-09,4933.87,TRY,refund
11806,785,13,2025-10-17,181.34,TRY,purchase
11807,847,30,2025-10-15,6655.27,TRY,refund
11808,106,47,2025-02-12,1918.18,TRY,transfer
11809,759,9,2026-05-27,368.11,TRY,purchase
11810,578,20,2025-05-23,387.49,TRY,purchase
11811,843,41,2025-04-01,5304.3,TRY,purchase
11812,634,4,2025-01-05,1271.77,TRY,transfer
11813,365,6,2025-03-07,5485.67,TRY,purchase
11814,312,57,2025-09-20,6322.08,TRY,refund
11815,181,79,2026-08-09,402.6,TRY,refund
11816,380,42,2025-05-10,1699.65,TRY,transfer
11817,193,89,2025-01-29,1782.13,TRY,refund
11818,354,62,2025-10-27,2206.89,TRY,transfer
11819,290,37,2025-05-20,5776.36,TRY,purchase
11820,201,27,2025-09-09,5442.35,TRY,transfer
11821,572,70,2025-11-11,6192.52,TRY,refund
11822,351,9,2026-08-08,6434.03,TRY,purchase
11823,731,38,2026-07-29,1414.82,TRY,purchase
11824,573,18,2025-10-29,642.59,TRY,purchase
11825,121,55,2025-02-20,2851.0,TRY,refund
11826,678,95,2025-09-27,5635.71,TRY,purchase
11827,207,47,2026-08-03,1716.74,TRY,refund
11828,950,16,2026-05-12,4786.29,TRY,transfer
11829,906,81,2025-07-19,1443.15,TRY,transfer
11830,704,84,2025-08-28,6548.32,TRY,transfer
11831,646,6,2026-04-10,794.99,TRY,transfer
11832,838,20,2025-04-13,4386.36,TRY,transfer
11833,164,12,2026-01-28,4700.36,TRY,refund
11834,682,25,2026-08-06,1171.44,TRY,purchase
11835,69,68,2026-01-21,3239.91,TRY,transfer
11836,682,67,2025-04-27,4732.63,TRY,transfer
11837,825,4,2026-07-12,5620.91,TRY,purchase
11838,158,31,2026-07-09,3908.62,TRY,refund
11839,592,88,2026-05-07,6370.64,TRY,transfer
11840,144,86,2025-12-31,3159.13,TRY,refund
11841,246,46,2026-03-10,2181.07,TRY,transfer
11842,66,9,2025-07-13,2453.78,TRY,refund
11843,711,24,2026-06-20,2747.03,TRY,transfer
11844,580,90,2026-02-06,1154.54,TRY,purchase
11845,680,21,2025-08-26,3525.35,TRY,refund
11846,992,80,2025-05-28,421.91,TRY,purchase
11847,487,82,2025-12-20,4368.82,TRY,refund
11848,329,2,2025-02-15,4218.51,TRY,purchase
11849,671,25,2026-01-09,5374.39,TRY,purchase
11850,534,49,2025-09-05,4311.77,TRY,purchase
11851,591,82,2025-04-02,191.42,TRY,transfer
11852,493,29,2025-08-14,1507.23,TRY,transfer
11853,189,57,2026-01-29,6791.95,TRY,refund
11854,840,28,2025-10-30,3790.88,TRY,purchase
11855,880,23,2025-11-04,4043.85,TRY,refund
11856,534,79,2026-08-12,4936.14,TRY,purchase
11857,986,72,2026-01-06,3843.94,TRY,transfer
11858,340,95,2025-07-06,209.99,TRY,purchase
11859,697,15,2026-01-08,4756.3,TRY,refund
11860,793,40,2026-07-18,5947.54,TRY,refund
11861,609,19,2025-01-05,3137.15,TRY,purchase
11862,376,14,2026-07-17,5991.25,TRY,refund
11863,15,25,2025-05-18,1207.03,TRY,transfer
11864,668,58,2026-04-13,2310.87,TRY,transfer
11865,56,18,2025-12-19,5446.06,TRY,transfer
11866,919,81,2026-06-27,1702.89,TRY,purchase
11867,27,27,2025-06-30,63.53,TRY,refund
11868,109,93,2025-02-23,1622.27,TRY,refund
11869,135,66,2025-03-11,402.44,TRY,purchase
11870,931,97,2026-04-10,1222.81,TRY,refund
11871,838,58,2025-12-01,6955.0,TRY,purchase
11872,160,56,2025-08-08,3253.89,TRY,transfer
11873,58,64,2026-03-13,5395.47,TRY,transfer
11874,763,28,2025-08-01,4919.59,TRY,purchase
11875,163,45,2025-04-16,3279.38,TRY,refund
11876,448,69,2025-06-28,844.19,TRY,purchase
11877,501,37,2026-03-04,1139.45,TRY,purchase
11878,220,39,2026-01-09,4048.18,TRY,transfer
11879,356,72,2025-07-01,4480.12,TRY,refund
11880,986,51,2025-12-25,2796.37,TRY,purchase
11881,594,22,2025-11-30,5917.96,TRY,purchase
11882,598,94,2026-08-04,2141.54,TRY,refund
11883,77,97,2025-11-02,3499.23,TRY,purchase
11884,780,57,2026-03-14,5924.88,TRY,refund
11885,780,72,2025-06-29,2454.98,TRY,refund
11886,958,38,2026-06-05,2490.18,TRY,refund
11887,932,40,2026-05-25,3070.04,TRY,transfer
11888,367,85,2025-11-28,4745.34,TRY,refund
11889,741,1,2025-11-26,840.93,TRY,refund
11890,883,47,2025-02-23,2786.26,TRY,transfer
11891,748,100,2026-08-19,2906.64,TRY,refund
11892,886,44,2025-03-10,714.06,TRY,transfer
11893,657,1,2025-11-17,4321.39,TRY,refund
11894,423,65,2026-04-13,39.39,TRY,purchase
11895,435,34,2026-01-22,6702.84,TRY,refund
11896,633,46,2025-02-17,5939.58,TRY,transfer
11897,49,100,2025-11-03,4826.72,TRY,refund
11898,860,1,2026-02-04,1558.2,TRY,transfer
11899,801,24,2026-06-01,2611.54,TRY,transfer
11900,303,14,2026-03-04,1012.69,TRY,refund
11901,339,1,2025-06-16,212.67,TRY,transfer
11902,162,24,2025-12-09,1239.97,TRY,purchase
11903,785,100,2025-08-18,3936.32,TRY,purchase
11904,595,87,2025-10-16,1872.87,TRY,refund
11905,900,18,2026-05-20,2658.67,TRY,refund
11906,980,93,2025-04-09,6210.3,TRY,refund
11907,524,60,2025-09-27,4138.98,TRY,refund
11908,646,12,2025-11-19,4699.19,TRY,purchase
11909,690,77,2025-12-03,1945.07,TRY,transfer
11910,613,31,2026-07-14,2205.77,TRY,transfer
11911,887,30,2025-12-06,3511.56,TRY,transfer
11912,301,74,2025-03-10,3044.14,TRY,refund
11913,229,45,2025-12-14,1019.21,TRY,transfer
11914,733,61,2025-11-26,572.59,TRY,purchase
11915,586,89,2025-02-15,478.88,TRY,purchase
11916,509,86,2025-11-06,5283.37,TRY,refund
11917,256,99,2025-03-06,875.05,TRY,refund
11918,916,78,2026-03-10,1686.94,TRY,refund
11919,872,4,2026-08-02,3808.63,TRY,transfer
11920,99,7,2025-11-19,4692.77,TRY,refund
11921,689,97,2025-11-26,4244.05,TRY,refund
11922,651,14,2026-04-09,6301.09,TRY,refund
11923,64,4,2026-01-06,4326.71,TRY,refund
11924,796,67,2025-08-01,1846.84,TRY,transfer
11925,298,46,2025-10-07,1192.85,TRY,purchase
11926,734,39,2025-06-16,136.53,TRY,transfer
11927,927,38,2025-04-02,6137.38,TRY,purchase
11928,559,81,2026-02-21,2257.35,TRY,transfer
11929,37,60,2026-07-15,3111.73,TRY,refund
11930,337,5,2026-01-18,2189.61,TRY,refund
11931,909,16,2025-02-19,4024.88,TRY,refund
11932,379,58,2026-04-23,6870.05,TRY,refund
11933,849,75,2026-01-24,4608.43,TRY,purchase
11934,879,88,2026-02-16,666.88,TRY,transfer
11935,434,76,2025-10-10,806.96,TRY,refund
11936,836,13,2025-06-25,5723.68,TRY,refund
11937,808,72,2025-07-29,2671.54,TRY,transfer
11938,321,100,2026-01-04,4124.01,TRY,refund
11939,552,21,2026-05-12,3251.89,TRY,purchase
11940,710,53,2026-08-21,4343.28,TRY,purchase
11941,908,18,2026-03-02,4201.37,TRY,transfer
11942,114,48,2026-02-02,3952.21,TRY,transfer
11943,913,33,2025-01-30,3056.03,TRY,purchase
11944,872,68,2025-07-02,3491.37,TRY,purchase
11945,20,2,2025-06-23,4987.25,TRY,refund
11946,834,10,2025-05-21,209.33,TRY,transfer
11947,782,34,2026-01-10,6949.0,TRY,transfer
11948,797,50,2026-08-21,785.55,TRY,refund
11949,211,91,2025-09-25,4214.29,TRY,purchase
11950,576,45,2026-03-10,1419.06,TRY,refund
11951,368,73,2026-06-09,4871.03,TRY,refund
11952,607,89,2025-03-29,1714.34,TRY,transfer
11953,754,61,2026-06-26,3496.13,TRY,purchase
11954,116,72,2026-06-13,638.2,TRY,transfer
11955,706,91,2025-03-31,857.5,TRY,purchase
11956,240,61,2025-11-30,6144.34,TRY,purchase
11957,214,26,2025-04-07,1876.33,TRY,purchase
11958,283,11,2026-03-29,106.92,TRY,refund
11959,900,98,2025-04-11,1028.97,TRY,transfer
11960,497,99,2026-03-03,1695.13,TRY,transfer
11961,523,63,2025-02-11,5894.92,TRY,transfer
11962,71,25,2025-06-26,1225.29,TRY,purchase
11963,851,65,2025-05-26,1283.72,TRY,purchase
11964,313,37,2026-06-16,2070.31,TRY,transfer
11965,245,41,2025-04-25,4234.0,TRY,transfer
11966,795,100,2026-07-30,704.69,TRY,refund
11967,601,46,2026-05-03,797.64,TRY,purchase
11968,821,38,2025-05-25,4686.94,TRY,refund
11969,638,76,2025-01-18,123.72,TRY,transfer
11970,191,66,2025-10-29,1165.16,TRY,refund
11971,784,13,2026-05-26,325.11,TRY,purchase
11972,553,100,2025-08-17,5965.91,TRY,purchase
11973,245,64,2026-05-20,4738.23,TRY,purchase
11974,264,5,2025-08-18,6909.0,TRY,purchase
11975,860,44,2026-04-30,4026.33,TRY,refund
11976,725,82,2025-04-04,3496.15,TRY,purchase
11977,252,45,2026-06-18,824.23,TRY,refund
11978,513,21,2025-06-16,347.2,TRY,transfer
11979,900,43,2025-06-09,4300.13,TRY,transfer
11980,499,79,2026-03-05,3880.19,TRY,refund
11981,414,23,2025-03-25,665.05,TRY,refund
11982,9,82,2025-02-24,2931.09,TRY,purchase
11983,527,18,2025-04-19,5767.66,TRY,refund
11984,11,59,2026-01-22,3040.3,TRY,transfer
11985,652,82,2025-12-12,4681.37,TRY,purchase
11986,399,20,2026-08-12,912.53,TRY,transfer
11987,252,93,2025-12-07,325.91,TRY,purchase
11988,108,31,2025-10-05,1808.88,TRY,transfer
11989,387,70,2026-08-17,2297.04,TRY,transfer
11990,136,73,2025-03-26,5896.11,TRY,transfer
11991,293,66,2026-08-23,6514.18,TRY,refund
11992,365,35,2026-08-21,1960.48,TRY,transfer
11993,450,19,2025-12-27,2077.31,TRY,purchase
11994,675,98,2025-02-26,2036.13,TRY,refund
11995,806,40,2025-05-09,4758.64,TRY,refund
11996,857,47,2026-02-26,1631.91,TRY,refund
11997,601,1,2025-09-27,5696.9,TRY,refund
11998,104,37,2025-11-05,1825.0,TRY,refund
11999,711,47,2026-05-12,2180.05,TRY,purchase
12000,818,38,2025-11-22,1137.16,TRY,purchase
12001,721,66,2026-06-08,3748.31,TRY,refund
12002,306,49,2025-11-22,6054.84,TRY,transfer
12003,626,30,2025-01-26,1765.02,TRY,purchase
12004,488,72,2025-10-28,1103.68,TRY,purchase
12005,962,77,2025-04-11,1582.19,TRY,refund
12006,720,78,2026-05-27,2394.83,TRY,transfer
12007,225,79,2025-08-08,3423.98,TRY,refund
12008,917,17,2026-03-28,5169.93,TRY,refund
12009,258,20,2025-06-17,1816.55,TRY,purchase
12010,325,98,2025-01-02,5021.72,TRY,transfer
12011,694,27,2025-10-09,5305.75,TRY,purchase
12012,295,61,2025-05-21,1279.39,TRY,refund
12013,936,19,2025-02-14,3122.94,TRY,purchase
12014,614,62,2025-12-20,1531.41,TRY,refund
12015,51,87,2025-02-23,5994.17,TRY,purchase
12016,166,31,2026-07-25,4655.01,TRY,transfer
12017,925,63,2026-04-12,1483.97,TRY,refund
12018,164,13,2025-01-01,3726.23,TRY,transfer
12019,194,82,2026-04-17,2572.63,TRY,transfer
12020,952,70,2025-07-03,6786.01,TRY,purchase
12021,163,12,2026-06-25,4233.25,TRY,refund
12022,901,13,2025-03-04,3906.28,TRY,refund
12023,784,65,2026-08-01,4946.7,TRY,transfer
12024,529,91,2025-04-06,3703.83,TRY,purchase
12025,819,78,2025-10-04,1285.78,TRY,purchase
12026,509,91,2026-07-28,1661.33,TRY,purchase
12027,799,83,2025-01-03,2893.93,TRY,purchase
12028,206,85,2026-08-26,5221.55,TRY,refund
12029,348,25,2025-11-13,1384.36,TRY,refund
12030,578,87,2026-04-10,4991.76,TRY,transfer
12031,456,17,2025-01-13,1907.31,TRY,transfer
12032,692,28,2025-07-09,2051.46,TRY,refund
12033,794,26,2025-02-02,6064.03,TRY,transfer
12034,661,11,2026-04-16,1590.3,TRY,refund
12035,198,29,2025-05-17,2067.86,TRY,purchase
12036,4,85,2026-06-13,4594.23,TRY,transfer
12037,510,98,2025-06-24,2154.35,TRY,refund
12038,515,31,2026-08-10,5162.44,TRY,refund
12039,122,18,2025-03-27,6376.78,TRY,purchase
12040,375,64,2026-07-07,6598.19,TRY,refund
12041,957,77,2025-03-21,367.95,TRY,refund
12042,872,15,2026-08-06,6925.05,TRY,transfer
12043,184,61,2025-06-16,6974.82,TRY,refund
12044,668,80,2026-01-04,1251.84,TRY,purchase
12045,452,50,2026-08-08,4088.69,TRY,purchase
12046,365,19,2026-07-08,1489.32,TRY,purchase
12047,957,100,2026-08-03,3255.31,TRY,transfer
12048,591,46,2025-04-20,2995.07,TRY,refund
12049,875,8,2025-04-20,6157.01,TRY,purchase
12050,54,48,2025-10-10,2091.37,TRY,purchase
12051,770,19,2026-04-23,3074.29,TRY,purchase
12052,120,86,2025-05-10,1571.46,TRY,refund
12053,141,44,2026-04-28,2587.89,TRY,purchase
12054,35,3,2025-08-09,2713.83,TRY,refund
12055,769,69,2025-12-24,3310.91,TRY,refund
12056,245,75,2026-05-02,6956.22,TRY,purchase
12057,562,35,2026-04-07,6801.3,TRY,purchase
12058,763,89,2026-07-14,1900.99,TRY,refund
12059,515,10,2026-02-02,1603.56,TRY,purchase
12060,949,23,2025-04-20,1234.77,TRY,purchase
12061,549,21,2025-07-16,2861.19,TRY,refund
12062,996,18,2025-12-05,5781.14,TRY,purchase
12063,143,77,2026-06-18,6540.94,TRY,transfer
12064,892,27,2025-03-30,387.97,TRY,refund
12065,157,30,2026-03-28,191.91,TRY,purchase
12066,393,59,2025-10-29,3907.82,TRY,purchase
12067,693,45,2025-06-13,6049.12,TRY,purchase
12068,590,21,2025-11-30,1983.83,TRY,refund
12069,345,97,2025-10-13,3470.3,TRY,purchase
12070,832,10,2026-03-19,4221.33,TRY,refund
12071,380,46,2025-02-24,1459.99,TRY,refund
12072,231,46,2025-10-16,1126.72,TRY,purchase
12073,452,21,2025-09-19,3070.18,TRY,refund
12074,888,50,2025-05-09,1188.2,TRY,transfer
12075,494,50,2025-03-17,3461.22,TRY,transfer
12076,451,76,2025-01-13,1956.91,TRY,refund
12077,770,43,2025-06-20,5297.78,TRY,refund
12078,742,97,2025-06-24,4850.75,TRY,refund
12079,612,55,2025-09-24,6791.23,TRY,purchase
12080,376,37,2026-04-06,3736.16,TRY,refund
12081,279,30,2026-05-09,600.08,TRY,transfer
12082,950,51,2025-02-10,4868.34,TRY,purchase
12083,298,97,2026-06-08,4364.12,TRY,purchase
12084,71,14,2026-03-15,343.78,TRY,refund
12085,390,44,2025-08-29,6218.13,TRY,transfer
12086,618,48,2025-07-09,6490.33,TRY,purchase
12087,791,95,2025-11-22,1974.12,TRY,purchase
12088,262,1,2025-04-06,2444.09,TRY,transfer
12089,760,34,2025-08-07,5887.52,TRY,refund
12090,626,8,2026-06-22,2922.93,TRY,transfer
12091,28,68,2026-06-09,1701.91,TRY,transfer
12092,736,96,2026-01-14,6249.04,TRY,transfer
12093,661,29,2026-03-14,1840.81,TRY,refund
12094,649,72,2026-04-05,2623.94,TRY,transfer
12095,460,74,2026-08-02,5408.19,TRY,transfer
12096,495,34,2025-05-17,2459.1,TRY,refund
12097,945,21,2026-08-18,4542.88,TRY,purchase
12098,749,99,2025-11-07,1506.71,TRY,transfer
12099,172,62,2025-12-01,2837.03,TRY,refund
12100,600,64,2026-06-25,2308.06,TRY,transfer
12101,912,58,2026-06-20,6035.71,TRY,refund
12102,930,62,2025-07-05,5345.47,TRY,purchase
12103,59,98,2026-06-08,766.81,TRY,transfer
12104,6,70,2026-02-18,6744.64,TRY,transfer
12105,691,100,2025-09-25,2624.46,TRY,purchase
12106,867,78,2025-08-16,4761.7,TRY,purchase
12107,823,37,2026-02-27,3386.71,TRY,transfer
12108,732,83,2026-07-31,4326.03,TRY,purchase
12109,476,44,2025-06-25,1530.21,TRY,purchase
12110,21,2,2025-05-31,5102.75,TRY,transfer
12111,985,48,2026-01-30,1349.92,TRY,purchase
12112,821,99,2026-07-27,5933.86,TRY,refund
12113,464,8,2026-01-11,1443.29,TRY,purchase
12114,43,73,2025-09-09,2646.37,TRY,purchase
12115,701,81,2025-01-21,474.41,TRY,refund
12116,827,53,2025-10-08,5536.93,TRY,purchase
12117,637,62,2025-06-11,4976.11,TRY,transfer
12118,296,10,2025-02-28,1495.07,TRY,refund
12119,336,68,2025-01-15,2725.48,TRY,transfer
12120,228,20,2026-06-21,6249.36,TRY,refund
12121,41,10,2025-04-04,3203.31,TRY,purchase
12122,906,5,2025-09-12,6648.26,TRY,refund
12123,29,80,2026-04-16,727.36,TRY,refund
12124,422,59,2026-08-29,418.38,TRY,refund
12125,488,90,2025-08-28,3341.08,TRY,transfer
12126,109,54,2026-08-08,5566.69,TRY,refund
12127,354,79,2025-06-23,3442.56,TRY,refund
12128,949,7,2025-03-28,321.08,TRY,refund
12129,653,78,2026-03-30,3305.13,TRY,purchase
12130,2,77,2026-04-19,404.22,TRY,transfer
12131,221,17,2026-01-15,4415.44,TRY,transfer
12132,802,51,2026-01-26,5210.81,TRY,purchase
12133,558,2,2026-01-22,674.38,TRY,transfer
12134,933,44,2025-09-07,5679.19,TRY,purchase
12135,7,64,2025-03-05,5808.84,TRY,purchase
12136,7,20,2025-05-24,944.21,TRY,purchase
12137,174,90,2026-02-10,3926.03,TRY,purchase
12138,895,79,2025-02-12,2244.04,TRY,transfer
12139,37,16,2025-03-20,5334.36,TRY,transfer
12140,931,9,2026-01-23,3972.72,TRY,refund
12141,744,76,2025-04-25,56.23,TRY,refund
12142,938,60,2026-03-23,4319.65,TRY,refund
12143,864,9,2025-02-10,5874.82,TRY,purchase
12144,289,79,2025-11-09,573.91,TRY,refund
12145,235,23,2026-07-27,1065.74,TRY,purchase
12146,372,15,2026-08-05,2680.32,TRY,purchase
12147,934,76,2025-12-04,3557.95,TRY,refund
12148,125,56,2026-04-02,1038.06,TRY,purchase
12149,920,63,2025-01-21,6076.06,TRY,purchase
12150,833,42,2025-09-17,5979.51,TRY,transfer
12151,400,41,2025-12-01,271.51,TRY,purchase
12152,724,36,2025-06-10,6309.33,TRY,purchase
12153,865,67,2025-05-26,6413.22,TRY,refund
12154,652,68,2025-02-21,2332.72,TRY,refund
12155,971,45,2025-12-03,33.78,TRY,purchase
12156,302,19,2025-09-15,4562.92,TRY,purchase
12157,429,28,2025-09-08,6754.68,TRY,purchase
12158,233,15,2026-04-20,4412.91,TRY,refund
12159,516,57,2026-05-25,6602.31,TRY,transfer
12160,985,25,2025-06-07,36.62,TRY,purchase
12161,411,12,2025-07-31,4316.97,TRY,transfer
12162,134,2,2025-08-29,758.95,TRY,transfer
12163,426,58,2026-03-12,5825.28,TRY,refund
12164,287,40,2026-06-15,6193.23,TRY,purchase
12165,523,96,2026-05-16,3891.38,TRY,refund
12166,934,25,2025-03-05,326.4,TRY,refund
12167,627,56,2025-08-24,238.4,TRY,transfer
12168,937,50,2026-03-04,2752.02,TRY,refund
12169,776,56,2025-06-28,3982.26,TRY,purchase
12170,648,21,2026-03-21,6619.4,TRY,refund
12171,865,79,2025-03-13,6350.34,TRY,transfer
12172,43,33,2026-05-20,878.6,TRY,refund
12173,305,77,2025-12-02,6057.1,TRY,refund
12174,654,65,2025-09-29,5135.7,TRY,refund
12175,353,60,2026-04-18,5024.43,TRY,purchase
12176,252,89,2026-04-07,796.6,TRY,purchase
12177,261,22,2026-04-22,3523.86,TRY,transfer
12178,217,82,2025-06-28,3657.45,TRY,refund
12179,789,28,2025-05-30,6562.24,TRY,purchase
12180,826,60,2026-01-22,2995.22,TRY,refund
12181,264,97,2026-07-02,4428.39,TRY,purchase
12182,512,40,2026-09-01,5397.7,TRY,refund
12183,439,89,2025-11-09,2412.48,TRY,refund
12184,664,8,2025-07-13,6247.78,TRY,purchase
12185,738,4,2025-06-09,4509.54,TRY,refund
12186,240,50,2026-03-02,2297.98,TRY,transfer
12187,301,46,2025-07-26,3887.81,TRY,transfer
12188,177,28,2025-05-20,6861.94,TRY,refund
12189,809,43,2025-09-08,1544.17,TRY,refund
12190,428,66,2025-06-15,6901.21,TRY,transfer
12191,614,94,2026-03-02,5715.46,TRY,refund
12192,687,48,2025-11-07,4241.45,TRY,transfer
12193,153,86,2025-01-06,6812.9,TRY,purchase
12194,862,90,2026-07-15,25.05,TRY,purchase
12195,239,82,2026-04-23,4479.03,TRY,purchase
12196,812,79,2025-03-21,6303.37,TRY,transfer
12197,468,62,2025-01-09,713.1,TRY,refund
12198,898,12,2025-04-28,6479.02,TRY,refund
12199,767,99,2026-06-26,773.53,TRY,refund
12200,858,20,2025-08-05,502.55,TRY,purchase
12201,625,35,2025-06-14,3850.72,TRY,purchase
12202,367,70,2026-04-19,6129.62,TRY,refund
12203,346,5,2026-08-14,5434.96,TRY,refund
12204,207,77,2026-04-05,6165.8,TRY,refund
12205,24,48,2026-03-26,5745.5,TRY,transfer
12206,772,98,2025-05-21,862.95,TRY,refund
12207,66,5,2026-07-25,5809.63,TRY,purchase
12208,32,83,2026-08-16,5987.61,TRY,refund
12209,227,2,2025-02-06,991.21,TRY,refund
12210,231,18,2025-01-15,4747.8,TRY,refund
12211,407,73,2025-10-24,1039.33,TRY,transfer
12212,423,81,2025-07-13,3884.19,TRY,transfer
12213,539,23,2026-01-27,6047.28,TRY,purchase
12214,893,51,2026-04-01,2931.93,TRY,purchase
12215,712,83,2025-04-13,632.27,TRY,purchase
12216,82,96,2025-03-04,3222.38,TRY,purchase
12217,881,77,2026-05-31,6054.84,TRY,refund
12218,81,36,2025-04-22,1877.62,TRY,purchase
12219,443,93,2025-10-26,955.52,TRY,purchase
12220,32,49,2025-09-21,5119.14,TRY,purchase
12221,289,26,2026-06-03,5141.24,TRY,transfer
12222,519,96,2025-03-06,2902.95,TRY,refund
12223,726,93,2025-05-18,4839.88,TRY,transfer
12224,610,41,2025-11-15,6107.07,TRY,refund
12225,546,37,2026-05-01,1831.76,TRY,transfer
12226,810,75,2025-10-27,3430.21,TRY,refund
12227,137,66,2026-08-27,3400.57,TRY,purchase
12228,668,40,2025-12-08,5721.56,TRY,refund
12229,935,73,2026-07-24,6599.4,TRY,transfer
12230,183,24,2025-10-22,2392.27,TRY,transfer
12231,303,4,2025-10-14,1076.62,TRY,purchase
12232,10,15,2025-11-04,4460.52,TRY,transfer
12233,410,16,2025-04-23,5332.25,TRY,refund
12234,457,68,2025-11-26,5605.46,TRY,refund
12235,214,73,2025-02-02,5054.67,TRY,refund
12236,721,80,2026-07-14,2674.33,TRY,purchase
12237,1000,96,2026-03-18,4170.0,TRY,purchase
12238,243,73,2025-12-13,5612.42,TRY,transfer
12239,856,2,2025-02-03,5227.47,TRY,transfer
12240,917,17,2025-12-21,5172.87,TRY,purchase
12241,610,43,2025-07-07,6067.16,TRY,refund
12242,410,89,2025-07-31,3191.92,TRY,refund
12243,685,96,2025-08-12,756.47,TRY,refund
12244,162,40,2026-01-06,3725.23,TRY,refund
12245,827,5,2025-05-06,1561.76,TRY,purchase
12246,756,15,2025-03-06,3125.46,TRY,purchase
12247,503,31,2025-07-31,2566.58,TRY,purchase
12248,422,19,2025-10-29,5829.5,TRY,transfer
12249,181,16,2025-12-11,624.07,TRY,refund
12250,594,40,2025-11-15,1557.54,TRY,refund
12251,908,71,2026-05-03,508.02,TRY,purchase
12252,237,42,2025-08-09,2452.81,TRY,transfer
12253,686,66,2026-08-22,605.1,TRY,purchase
12254,936,45,2025-10-13,3778.85,TRY,purchase
12255,339,56,2025-06-12,5056.66,TRY,refund
12256,219,79,2026-03-11,5506.64,TRY,purchase
12257,690,100,2025-07-26,5992.32,TRY,refund
12258,85,99,2025-06-07,21.38,TRY,transfer
12259,632,19,2026-07-17,2956.48,TRY,transfer
12260,678,93,2026-05-03,3917.32,TRY,purchase
12261,683,89,2026-04-29,3380.26,TRY,purchase
12262,323,29,2026-02-11,4608.02,TRY,purchase
12263,49,89,2026-08-28,3088.3,TRY,transfer
12264,968,46,2025-02-06,5791.67,TRY,refund
12265,631,76,2025-04-17,4794.79,TRY,transfer
12266,132,94,2026-07-14,2209.83,TRY,transfer
12267,406,67,2025-12-04,3966.31,TRY,refund
12268,299,11,2026-03-07,2013.73,TRY,transfer
12269,243,27,2025-04-12,5365.68,TRY,purchase
12270,90,41,2026-01-26,5302.35,TRY,transfer
12271,555,41,2025-11-16,6750.9,TRY,purchase
12272,397,96,2025-05-09,713.7,TRY,purchase
12273,403,92,2025-01-11,5016.05,TRY,refund
12274,256,22,2025-08-25,4799.49,TRY,transfer
12275,126,71,2025-11-30,6071.44,TRY,purchase
12276,609,85,2025-04-02,3004.23,TRY,refund
12277,409,12,2025-07-24,4872.86,TRY,purchase
12278,857,57,2025-09-04,5600.54,TRY,transfer
12279,978,57,2025-03-22,4542.94,TRY,refund
12280,524,38,2025-11-26,6673.57,TRY,refund
12281,946,26,2025-01-31,47.76,TRY,transfer
12282,300,44,2026-04-07,5171.85,TRY,refund
12283,943,38,2025-05-05,4544.8,TRY,refund
12284,921,54,2025-12-21,6077.36,TRY,transfer
12285,216,13,2026-02-16,1726.51,TRY,purchase
12286,907,47,2025-08-16,6018.36,TRY,purchase
12287,723,56,2025-07-21,297.51,TRY,refund
12288,753,46,2026-04-20,4818.76,TRY,refund
12289,414,8,2026-04-10,6997.4,TRY,purchase
12290,848,44,2025-01-24,3206.26,TRY,refund
12291,438,55,2025-02-15,6555.68,TRY,transfer
12292,657,87,2026-01-01,154.58,TRY,refund
12293,729,19,2026-03-13,591.51,TRY,purchase
12294,431,66,2026-02-24,2619.72,TRY,transfer
12295,215,18,2026-01-30,5347.44,TRY,refund
12296,509,35,2025-04-20,4546.6,TRY,refund
12297,66,24,2025-10-06,117.72,TRY,refund
12298,201,73,2026-03-23,3652.3,TRY,transfer
12299,865,27,2025-11-22,4089.81,TRY,refund
12300,52,1,2025-01-06,6175.43,TRY,transfer
12301,676,88,2025-06-09,73.96,TRY,transfer
12302,500,14,2026-02-01,4432.61,TRY,transfer
12303,909,71,2025-05-05,4155.07,TRY,transfer
12304,694,75,2025-05-29,3347.75,TRY,transfer
12305,98,65,2026-08-30,4038.39,TRY,purchase
12306,573,14,2026-07-02,3355.57,TRY,transfer
12307,132,13,2026-02-28,2340.65,TRY,purchase
12308,869,68,2025-03-17,3268.19,TRY,refund
12309,468,54,2025-01-09,735.77,TRY,purchase
12310,989,67,2026-03-18,4995.3,TRY,transfer
12311,863,41,2025-05-09,900.46,TRY,purchase
12312,314,77,2025-03-30,2349.86,TRY,transfer
12313,531,79,2025-08-19,1193.03,TRY,purchase
12314,929,52,2026-03-23,2372.23,TRY,transfer
12315,83,63,2026-05-16,1422.39,TRY,purchase
12316,86,79,2026-04-17,6308.08,TRY,transfer
12317,252,15,2025-09-03,2296.57,TRY,transfer
12318,995,96,2026-05-16,4741.04,TRY,refund
12319,820,24,2025-12-19,2411.95,TRY,purchase
12320,976,63,2026-03-10,4621.49,TRY,purchase
12321,96,67,2025-05-11,2257.01,TRY,refund
12322,642,100,2025-12-12,789.55,TRY,purchase
12323,611,15,2026-04-12,1203.16,TRY,purchase
12324,786,43,2025-09-15,3752.92,TRY,purchase
12325,424,23,2026-07-02,669.15,TRY,transfer
12326,968,25,2025-10-22,867.96,TRY,refund
12327,25,25,2025-07-26,1997.09,TRY,purchase
12328,731,61,2025-11-15,6942.25,TRY,refund
12329,866,82,2026-06-02,3098.03,TRY,refund
12330,309,83,2025-10-30,3006.7,TRY,refund
12331,312,91,2025-09-17,3781.14,TRY,purchase
12332,528,63,2025-08-11,4311.24,TRY,transfer
12333,676,23,2025-04-19,5311.85,TRY,refund
12334,928,42,2026-06-07,3812.24,TRY,refund
12335,982,61,2025-10-14,5753.47,TRY,refund
12336,60,28,2025-03-08,2396.28,TRY,purchase
12337,318,98,2026-01-24,2626.45,TRY,transfer
12338,722,85,2026-03-02,2276.05,TRY,refund
12339,635,73,2026-03-16,4834.34,TRY,purchase
12340,559,63,2025-09-30,2066.22,TRY,refund
12341,81,30,2025-11-12,625.72,TRY,refund
12342,763,31,2026-06-16,5854.15,TRY,transfer
12343,255,34,2025-03-31,198.07,TRY,refund
12344,796,59,2025-05-19,4283.92,TRY,transfer
12345,998,80,2026-04-02,2962.64,TRY,refund
12346,376,54,2025-06-10,6645.73,TRY,purchase
12347,898,54,2026-05-26,4429.78,TRY,purchase
12348,914,78,2025-08-27,1513.73,TRY,refund
12349,452,88,2026-05-14,3189.94,TRY,refund
12350,868,13,2025-02-04,6039.1,TRY,transfer
12351,573,33,2025-07-27,4106.16,TRY,purchase
12352,768,99,2025-04-25,3648.01,TRY,transfer
12353,57,2,2025-08-12,4705.45,TRY,refund
12354,37,80,2025-09-09,2360.62,TRY,transfer
12355,188,62,2025-04-27,6438.17,TRY,refund
12356,203,88,2025-05-19,5712.44,TRY,purchase
12357,217,11,2025-01-12,3071.26,TRY,refund
12358,289,56,2026-01-04,693.18,TRY,transfer
12359,955,35,2026-05-02,3571.25,TRY,transfer
12360,511,92,2026-04-24,3691.15,TRY,transfer
12361,312,45,2026-05-28,4387.56,TRY,transfer
12362,504,80,2025-12-31,3267.39,TRY,transfer
12363,489,11,2025-04-12,2060.06,TRY,transfer
12364,89,59,2025-10-28,2928.82,TRY,transfer
12365,889,79,2025-02-25,6518.53,TRY,transfer
12366,726,23,2025-08-19,4477.55,TRY,transfer
12367,823,46,2025-04-09,164.84,TRY,transfer
12368,986,93,2025-07-29,6638.82,TRY,refund
12369,687,67,2026-02-12,2759.53,TRY,refund
12370,556,85,2026-08-09,3685.57,TRY,purchase
12371,19,3,2025-08-23,1327.25,TRY,refund
12372,962,43,2025-03-03,4497.51,TRY,purchase
12373,900,41,2025-05-24,1845.46,TRY,purchase
12374,280,97,2025-06-22,294.57,TRY,refund
12375,417,48,2025-04-08,6989.2,TRY,purchase
12376,222,44,2025-07-02,5877.3,TRY,refund
12377,615,48,2026-05-03,3071.95,TRY,purchase
12378,730,81,2026-08-07,2934.72,TRY,transfer
12379,73,4,2026-07-07,1907.91,TRY,transfer
12380,697,73,2025-06-18,5291.07,TRY,transfer
12381,490,7,2025-11-05,5413.95,TRY,purchase
12382,535,55,2026-07-10,3120.66,TRY,purchase
12383,147,89,2026-08-05,3151.53,TRY,refund
12384,386,20,2025-04-27,6649.85,TRY,purchase
12385,344,39,2025-11-25,2840.11,TRY,purchase
12386,288,93,2025-08-21,6910.26,TRY,purchase
12387,353,95,2025-07-22,6542.83,TRY,transfer
12388,642,25,2025-11-08,3918.14,TRY,transfer
12389,591,76,2026-01-07,1730.28,TRY,purchase
12390,183,7,2025-02-02,3648.23,TRY,refund
12391,591,6,2025-11-16,353.18,TRY,purchase
12392,889,23,2025-10-14,745.93,TRY,transfer
12393,462,5,2025-08-09,2843.08,TRY,refund
12394,188,32,2026-05-18,5065.39,TRY,purchase
12395,80,27,2025-11-03,5724.4,TRY,purchase
12396,319,9,2025-10-27,6193.38,TRY,refund
12397,127,66,2026-08-10,6292.26,TRY,refund
12398,167,10,2026-05-07,5489.98,TRY,refund
12399,621,85,2025-10-29,5098.48,TRY,transfer
12400,625,23,2025-04-11,264.74,TRY,purchase
12401,507,18,2026-05-23,6248.54,TRY,transfer
12402,786,18,2025-03-24,4965.59,TRY,purchase
12403,925,62,2025-12-12,6892.25,TRY,transfer
12404,956,63,2026-08-05,2964.38,TRY,purchase
12405,231,19,2025-10-08,4818.24,TRY,transfer
12406,888,94,2025-10-09,4115.74,TRY,purchase
12407,638,54,2025-11-23,662.61,TRY,refund
12408,402,22,2026-05-08,661.5,TRY,refund
12409,496,7,2026-03-11,2228.57,TRY,transfer
12410,545,89,2026-03-20,5456.5,TRY,refund
12411,167,99,2025-08-08,3103.07,TRY,refund
12412,714,97,2026-04-05,3248.18,TRY,transfer
12413,906,60,2025-05-06,1261.99,TRY,transfer
12414,605,74,2025-07-19,5982.8,TRY,transfer
12415,893,78,2025-03-30,3458.73,TRY,transfer
12416,761,62,2025-01-02,4667.69,TRY,refund
12417,653,2,2025-01-02,906.17,TRY,transfer
12418,450,74,2026-03-11,5428.59,TRY,transfer
12419,284,40,2025-12-11,1297.61,TRY,transfer
12420,869,38,2025-07-20,20.54,TRY,purchase
12421,225,78,2026-07-13,3488.91,TRY,transfer
12422,773,6,2026-03-07,6913.49,TRY,refund
12423,434,44,2026-08-01,2166.47,TRY,transfer
12424,90,85,2026-07-08,2913.99,TRY,transfer
12425,751,39,2026-06-08,3416.23,TRY,refund
12426,617,91,2025-07-18,4897.46,TRY,purchase
12427,215,93,2026-08-19,1005.71,TRY,refund
12428,567,52,2026-05-29,3306.24,TRY,transfer
12429,702,27,2026-04-27,2582.0,TRY,transfer
12430,812,63,2026-06-29,2588.91,TRY,refund
12431,336,62,2026-01-31,6210.04,TRY,purchase
12432,5,75,2025-05-27,1839.41,TRY,refund
12433,295,27,2025-01-19,6378.9,TRY,purchase
12434,228,17,2025-06-03,1229.66,TRY,refund
12435,380,3,2025-09-22,550.65,TRY,purchase
12436,432,51,2025-11-10,5272.2,TRY,transfer
12437,817,48,2025-01-04,4012.53,TRY,refund
12438,379,95,2026-03-31,1642.25,TRY,refund
12439,789,73,2025-06-04,4623.29,TRY,refund
12440,433,23,2025-05-29,5659.49,TRY,refund
12441,504,57,2026-03-15,37.04,TRY,transfer
12442,156,88,2026-05-30,434.53,TRY,purchase
12443,63,7,2025-05-28,1800.37,TRY,transfer
12444,792,92,2026-06-25,4745.29,TRY,refund
12445,280,15,2026-04-16,4593.59,TRY,purchase
12446,613,78,2026-02-03,4296.01,TRY,transfer
12447,251,85,2025-08-18,5295.86,TRY,transfer
12448,785,26,2025-09-09,3548.2,TRY,transfer
12449,201,68,2026-04-02,5736.18,TRY,transfer
12450,525,27,2026-07-19,5043.65,TRY,refund
12451,535,75,2026-06-27,1064.57,TRY,transfer
12452,126,58,2025-08-04,3909.87,TRY,transfer
12453,445,69,2025-04-15,6379.13,TRY,refund
12454,357,24,2025-05-26,1761.33,TRY,purchase
12455,503,82,2025-08-30,3369.86,TRY,refund
12456,239,94,2026-01-04,948.83,TRY,transfer
12457,619,67,2025-01-26,2650.77,TRY,transfer
12458,262,77,2026-02-18,232.75,TRY,purchase
12459,952,27,2025-10-24,1252.04,TRY,transfer
12460,743,45,2025-02-28,3797.45,TRY,refund
12461,158,93,2025-06-07,2870.11,TRY,transfer
12462,445,24,2026-07-02,635.47,TRY,purchase
12463,461,52,2026-03-27,3209.22,TRY,refund
12464,826,100,2026-07-06,5976.55,TRY,refund
12465,687,92,2025-08-23,4914.56,TRY,refund
12466,78,69,2025-03-11,6883.41,TRY,purchase
12467,368,84,2026-08-14,3076.18,TRY,refund
12468,514,74,2026-08-06,1609.16,TRY,purchase
12469,371,28,2026-05-13,1978.8,TRY,transfer
12470,435,21,2025-09-20,999.2,TRY,purchase
12471,57,91,2025-08-30,1706.46,TRY,refund
12472,570,89,2026-04-29,3496.72,TRY,refund
12473,359,14,2026-06-25,3765.09,TRY,transfer
12474,114,79,2026-07-04,5770.31,TRY,refund
12475,84,28,2025-05-25,4070.64,TRY,purchase
12476,410,31,2026-01-09,6802.77,TRY,purchase
12477,271,60,2026-02-17,5942.38,TRY,transfer
12478,564,45,2026-05-03,5363.04,TRY,refund
12479,677,90,2026-06-20,2273.16,TRY,purchase
12480,477,18,2026-07-21,6502.66,TRY,transfer
12481,307,30,2026-06-05,4545.39,TRY,transfer
12482,364,68,2025-01-09,208.57,TRY,transfer
12483,832,76,2026-06-08,3012.57,TRY,transfer
12484,956,90,2026-08-06,1144.1,TRY,transfer
12485,1000,35,2025-11-17,4836.8,TRY,refund
12486,67,35,2025-01-30,2187.01,TRY,refund
12487,766,29,2025-12-20,5051.43,TRY,refund
12488,384,35,2025-08-20,5857.68,TRY,refund
12489,241,49,2025-10-28,4337.98,TRY,refund
12490,103,92,2025-03-04,3421.51,TRY,transfer
12491,941,74,2026-04-01,3206.54,TRY,purchase
12492,165,19,2026-03-16,2166.18,TRY,refund
12493,748,87,2025-03-28,5298.29,TRY,refund
12494,957,31,2025-08-31,6649.63,TRY,purchase
12495,152,64,2025-01-12,967.96,TRY,refund
12496,760,8,2026-05-03,5899.75,TRY,transfer
12497,482,98,2026-03-24,4862.68,TRY,purchase
12498,877,69,2025-02-09,6281.89,TRY,purchase
12499,259,46,2025-09-04,6098.46,TRY,refund
12500,665,77,2025-01-11,836.77,TRY,refund
12501,529,10,2025-06-08,5336.48,TRY,purchase
12502,510,44,2025-01-07,401.55,TRY,refund
12503,627,99,2025-03-24,6657.47,TRY,refund
12504,543,45,2026-08-06,1548.93,TRY,transfer
12505,916,85,2025-06-10,6057.35,TRY,refund
12506,263,41,2025-12-31,6608.11,TRY,refund
12507,188,28,2025-07-05,907.64,TRY,refund
12508,761,69,2025-11-13,1971.89,TRY,purchase
12509,195,80,2026-08-09,4030.66,TRY,transfer
12510,88,58,2026-02-16,3956.78,TRY,purchase
12511,214,7,2025-09-02,3870.39,TRY,refund
12512,445,75,2025-12-01,4119.06,TRY,purchase
12513,494,2,2025-12-24,5171.3,TRY,transfer
12514,783,56,2026-01-14,4964.49,TRY,purchase
12515,860,56,2025-08-02,2890.19,TRY,purchase
12516,667,9,2025-05-24,3641.89,TRY,refund
12517,299,6,2026-05-30,4543.93,TRY,purchase
12518,465,25,2025-01-26,4814.11,TRY,transfer
12519,814,77,2025-08-23,5833.08,TRY,purchase
12520,71,36,2025-11-18,943.7,TRY,refund
12521,911,67,2026-08-20,4225.43,TRY,transfer
12522,911,73,2026-02-11,962.0,TRY,transfer
12523,985,31,2025-01-08,5470.08,TRY,purchase
12524,566,37,2025-02-27,2537.12,TRY,purchase
12525,515,46,2025-02-18,2256.52,TRY,purchase
12526,574,25,2025-04-20,4005.27,TRY,purchase
12527,669,53,2025-02-24,1853.46,TRY,transfer
12528,560,46,2026-06-25,3979.46,TRY,refund
12529,270,79,2026-07-19,494.37,TRY,refund
12530,279,2,2026-09-01,6119.75,TRY,transfer
12531,967,55,2025-12-28,6930.6,TRY,refund
12532,72,80,2025-07-11,6333.22,TRY,transfer
12533,865,7,2026-01-17,1789.34,TRY,refund
12534,314,68,2026-04-29,277.79,TRY,refund
12535,390,20,2025-08-19,211.59,TRY,transfer
12536,49,48,2026-02-06,6976.19,TRY,transfer
12537,665,40,2025-10-06,4390.5,TRY,purchase
12538,370,2,2025-04-10,986.93,TRY,transfer
12539,798,93,2025-08-15,6420.46,TRY,purchase
12540,428,51,2026-01-19,6021.09,TRY,refund
12541,857,8,2026-01-04,223.07,TRY,refund
12542,633,3,2026-06-08,5970.95,TRY,transfer
12543,382,90,2026-04-14,3008.83,TRY,refund
12544,551,74,2025-08-06,5786.04,TRY,refund
12545,587,90,2025-09-12,4093.79,TRY,transfer
12546,316,63,2025-09-30,1595.75,TRY,purchase
12547,898,73,2026-08-31,310.84,TRY,purchase
12548,334,20,2025-03-26,4863.46,TRY,transfer
12549,750,50,2025-01-19,4155.58,TRY,purchase
12550,142,59,2026-03-09,6347.5,TRY,refund
12551,510,10,2025-11-12,1327.3,TRY,transfer
12552,668,30,2025-06-22,583.0,TRY,purchase
12553,833,81,2026-08-18,363.29,TRY,refund
12554,664,54,2025-05-17,1657.19,TRY,refund
12555,197,81,2026-07-20,781.29,TRY,purchase
12556,972,32,2025-01-08,4292.26,TRY,transfer
12557,250,13,2025-09-27,2602.56,TRY,purchase
12558,256,63,2026-07-01,6451.16,TRY,purchase
12559,213,40,2026-01-31,1533.74,TRY,purchase
12560,756,24,2026-06-12,3111.96,TRY,transfer
12561,158,47,2026-03-03,2252.83,TRY,transfer
12562,403,53,2026-06-29,257.83,TRY,transfer
12563,982,43,2026-07-22,304.34,TRY,purchase
12564,733,47,2026-07-24,4038.86,TRY,refund
12565,943,90,2025-08-09,3820.44,TRY,refund
12566,481,48,2025-02-24,6391.8,TRY,refund
12567,277,29,2026-07-11,6912.59,TRY,transfer
12568,825,43,2026-04-10,3792.38,TRY,transfer
12569,651,7,2026-05-08,3189.58,TRY,transfer
12570,820,36,2025-04-20,5597.76,TRY,transfer
12571,533,15,2025-12-22,4694.55,TRY,transfer
12572,806,15,2025-10-30,1912.28,TRY,refund
12573,95,77,2026-09-01,2401.05,TRY,purchase
12574,466,12,2025-02-06,46.03,TRY,refund
12575,941,47,2026-03-01,5907.04,TRY,refund
12576,401,55,2026-07-04,3881.93,TRY,refund
12577,878,41,2025-12-07,1659.91,TRY,transfer
12578,702,52,2025-08-14,3493.43,TRY,refund
12579,436,56,2026-01-05,4239.34,TRY,refund
12580,634,77,2025-02-16,1197.41,TRY,purchase
12581,283,37,2025-05-16,1646.28,TRY,transfer
12582,105,55,2025-07-05,1308.15,TRY,refund
12583,996,35,2026-06-07,5926.96,TRY,transfer
12584,662,14,2026-06-24,4543.94,TRY,purchase
12585,320,50,2025-06-14,3849.7,TRY,purchase
12586,414,28,2025-12-10,3771.73,TRY,purchase
12587,676,48,2025-07-31,1421.33,TRY,transfer
12588,370,11,2025-07-24,559.08,TRY,purchase
12589,354,56,2025-04-27,5710.31,TRY,refund
12590,919,1,2025-06-17,3406.32,TRY,refund
12591,487,25,2025-11-01,2160.89,TRY,transfer
12592,808,25,2026-04-02,1212.26,TRY,purchase
12593,233,99,2025-04-23,3388.45,TRY,refund
12594,78,79,2026-02-22,3911.8,TRY,purchase
12595,355,67,2026-07-14,2401.05,TRY,transfer
12596,971,35,2025-07-21,858.44,TRY,transfer
12597,723,97,2025-11-18,4879.6,TRY,transfer
12598,508,39,2025-01-16,3703.51,TRY,refund
12599,458,36,2025-01-29,6059.49,TRY,purchase
12600,625,62,2025-06-05,4031.45,TRY,refund
12601,107,96,2026-05-14,2443.55,TRY,refund
12602,450,63,2026-08-27,4010.73,TRY,purchase
12603,395,16,2026-06-03,6289.51,TRY,transfer
12604,297,34,2025-06-02,2315.04,TRY,purchase
12605,519,5,2025-11-20,1839.69,TRY,refund
12606,80,75,2025-05-10,2039.96,TRY,refund
12607,945,17,2026-06-11,6708.17,TRY,purchase
12608,319,71,2025-09-15,62.33,TRY,refund
12609,866,99,2025-03-31,4702.48,TRY,purchase
12610,913,84,2026-01-25,1778.4,TRY,purchase
12611,312,40,2025-11-30,1502.17,TRY,purchase
12612,505,89,2025-12-24,5905.18,TRY,purchase
12613,99,47,2026-01-26,4298.9,TRY,refund
12614,446,87,2025-04-22,2669.6,TRY,refund
12615,79,45,2026-05-01,1610.74,TRY,refund
12616,436,67,2025-10-04,70.3,TRY,transfer
12617,91,26,2025-10-01,520.48,TRY,refund
12618,519,9,2025-01-16,4338.16,TRY,refund
12619,114,74,2026-01-19,3383.82,TRY,purchase
12620,673,39,2025-12-20,729.61,TRY,transfer
12621,368,13,2025-10-14,4085.29,TRY,transfer
12622,668,46,2025-12-01,3734.87,TRY,purchase
12623,556,63,2025-08-06,2697.95,TRY,purchase
12624,979,60,2025-06-29,4171.47,TRY,refund
12625,744,10,2026-06-14,366.3,TRY,refund
12626,248,67,2026-06-16,6196.65,TRY,refund
12627,848,70,2025-11-15,3715.65,TRY,refund
12628,731,22,2025-07-20,4571.94,TRY,purchase
12629,843,77,2025-02-02,3200.61,TRY,purchase
12630,807,40,2026-01-30,1942.81,TRY,refund
12631,4,31,2025-01-23,4647.72,TRY,refund
12632,688,1,2025-09-25,2516.17,TRY,transfer
12633,128,87,2025-02-18,3591.15,TRY,transfer
12634,491,30,2025-08-05,388.26,TRY,purchase
12635,505,82,2026-01-22,1689.33,TRY,purchase
12636,828,59,2025-07-07,1180.97,TRY,refund
12637,228,55,2025-11-28,433.57,TRY,purchase
12638,150,84,2026-01-31,6236.43,TRY,refund
12639,600,7,2025-09-24,3261.0,TRY,refund
12640,216,42,2025-05-25,1166.85,TRY,transfer
12641,933,47,2025-09-24,4136.14,TRY,purchase
12642,989,98,2025-12-19,6031.28,TRY,transfer
12643,480,25,2025-11-09,5907.41,TRY,purchase
12644,200,87,2025-12-22,5669.28,TRY,transfer
12645,445,38,2025-05-29,2957.25,TRY,transfer
12646,389,8,2025-01-27,4278.24,TRY,transfer
12647,724,59,2025-06-10,3280.02,TRY,purchase
12648,718,41,2025-04-02,1823.39,TRY,transfer
12649,249,15,2026-02-01,2050.9,TRY,purchase
12650,623,79,2025-04-02,4914.4,TRY,refund
12651,376,54,2025-11-14,5025.95,TRY,transfer
12652,780,21,2026-01-05,6470.98,TRY,purchase
12653,439,6,2025-02-13,2900.92,TRY,transfer
12654,771,83,2026-08-12,4619.03,TRY,purchase
12655,194,67,2025-09-23,1441.45,TRY,refund
12656,624,79,2025-07-12,3773.66,TRY,transfer
12657,327,74,2025-11-04,2583.63,TRY,transfer
12658,579,22,2025-06-09,2295.75,TRY,transfer
12659,495,36,2026-05-13,2268.13,TRY,transfer
12660,278,80,2026-04-01,3219.77,TRY,refund
12661,376,41,2025-04-15,1153.51,TRY,transfer
12662,690,80,2025-12-08,6966.78,TRY,purchase
12663,549,25,2026-03-15,3443.36,TRY,refund
12664,356,99,2026-04-10,426.43,TRY,purchase
12665,753,1,2025-03-22,1190.21,TRY,transfer
12666,74,32,2025-08-18,4515.18,TRY,transfer
12667,989,67,2026-05-20,2507.93,TRY,purchase
12668,657,100,2025-09-26,1266.31,TRY,refund
12669,295,95,2026-06-08,1517.08,TRY,refund
12670,296,87,2025-12-06,5286.57,TRY,refund
12671,296,73,2026-06-03,3694.12,TRY,transfer
12672,237,80,2026-03-12,6201.28,TRY,purchase
12673,576,89,2025-05-11,2546.88,TRY,refund
12674,889,37,2025-08-09,270.71,TRY,purchase
12675,961,44,2025-09-12,6525.14,TRY,refund
12676,178,9,2025-12-27,460.94,TRY,purchase
12677,697,37,2026-01-24,2951.44,TRY,purchase
12678,963,56,2026-06-30,5071.83,TRY,transfer
12679,579,92,2025-06-05,6805.42,TRY,refund
12680,482,14,2026-01-02,3341.25,TRY,refund
12681,426,14,2025-01-18,3827.89,TRY,transfer
12682,932,10,2025-02-09,5609.74,TRY,purchase
12683,167,23,2025-04-16,5015.87,TRY,purchase
12684,597,44,2026-01-08,764.13,TRY,purchase
12685,881,54,2026-06-09,1586.73,TRY,purchase
12686,157,72,2025-12-30,6380.33,TRY,purchase
12687,269,17,2025-06-18,2876.8,TRY,purchase
12688,643,18,2026-02-27,5211.87,TRY,transfer
12689,131,15,2025-10-30,1863.29,TRY,purchase
12690,931,61,2025-04-19,2365.81,TRY,purchase
12691,274,42,2025-05-08,5846.48,TRY,refund
12692,501,70,2026-03-28,3466.32,TRY,transfer
12693,830,5,2025-03-22,4759.38,TRY,transfer
12694,362,98,2025-04-13,1472.22,TRY,refund
12695,550,39,2025-07-10,1385.93,TRY,purchase
12696,724,88,2026-02-07,1347.41,TRY,refund
12697,813,35,2026-03-01,4283.59,TRY,purchase
12698,213,25,2026-02-01,5760.69,TRY,transfer
12699,723,25,2025-03-30,264.98,TRY,refund
12700,456,11,2026-08-05,3195.85,TRY,purchase
12701,206,91,2026-07-16,719.37,TRY,refund
12702,349,44,2025-05-21,3189.41,TRY,transfer
12703,748,61,2026-03-24,4479.11,TRY,purchase
12704,646,49,2025-01-07,6158.76,TRY,purchase
12705,338,55,2025-10-19,172.87,TRY,transfer
12706,598,30,2025-01-15,4365.29,TRY,transfer
12707,547,56,2026-06-06,4257.1,TRY,purchase
12708,615,93,2026-01-18,106.91,TRY,transfer
12709,575,56,2026-05-23,6567.18,TRY,refund
12710,584,74,2026-08-03,1536.93,TRY,transfer
12711,974,14,2026-08-07,6987.36,TRY,purchase
12712,909,81,2026-08-05,2046.94,TRY,transfer
12713,472,35,2026-02-03,841.61,TRY,purchase
12714,987,85,2025-03-27,4198.4,TRY,transfer
12715,9,5,2025-05-26,2037.73,TRY,refund
12716,345,15,2026-05-22,5939.64,TRY,refund
12717,533,98,2026-02-10,6344.1,TRY,refund
12718,216,43,2025-07-29,1434.85,TRY,refund
12719,36,17,2026-06-01,5430.75,TRY,transfer
12720,620,52,2026-02-23,6740.3,TRY,transfer
12721,444,69,2026-01-13,5697.93,TRY,transfer
12722,276,28,2025-03-13,640.48,TRY,purchase
12723,936,9,2025-03-02,4992.49,TRY,transfer
12724,415,46,2025-03-28,2146.78,TRY,transfer
12725,260,60,2025-07-31,5513.69,TRY,refund
12726,752,47,2025-10-25,5248.38,TRY,purchase
12727,19,44,2025-12-29,3083.85,TRY,purchase
12728,679,6,2025-07-29,4768.67,TRY,transfer
12729,792,19,2026-04-18,2327.14,TRY,refund
12730,43,72,2026-07-13,6928.03,TRY,refund
12731,562,50,2026-04-08,4263.16,TRY,refund
12732,889,67,2025-11-03,1442.59,TRY,purchase
12733,193,13,2025-09-26,3980.26,TRY,refund
12734,172,95,2025-04-14,1198.38,TRY,transfer
12735,891,71,2026-03-20,336.71,TRY,purchase
12736,659,98,2025-01-06,5301.03,TRY,transfer
12737,111,71,2025-02-15,4781.26,TRY,purchase
12738,669,74,2026-08-22,825.73,TRY,purchase
12739,818,39,2025-04-17,2056.84,TRY,refund
12740,807,8,2026-07-26,2453.63,TRY,transfer
12741,82,91,2025-09-05,4728.01,TRY,refund
12742,645,35,2025-06-15,6792.53,TRY,transfer
12743,412,29,2026-03-01,1797.51,TRY,purchase
12744,176,53,2025-11-07,3176.6,TRY,refund
12745,709,35,2025-08-13,4901.54,TRY,transfer
12746,884,23,2025-10-20,2397.19,TRY,transfer
12747,951,93,2026-02-12,111.52,TRY,refund
12748,130,33,2025-01-27,3767.34,TRY,purchase
12749,465,37,2025-10-11,984.86,TRY,transfer
12750,243,74,2026-02-14,3704.9,TRY,refund
12751,770,81,2025-07-10,3176.39,TRY,refund
12752,516,23,2025-01-20,3987.37,TRY,transfer
12753,664,71,2025-04-15,1174.93,TRY,refund
12754,803,99,2026-01-29,2740.82,TRY,refund
12755,905,21,2026-07-04,293.09,TRY,refund
12756,2,21,2025-01-09,4263.7,TRY,refund
12757,602,91,2025-01-16,4259.62,TRY,transfer
12758,253,46,2025-04-14,5820.51,TRY,transfer
12759,326,80,2025-03-21,542.11,TRY,refund
12760,665,28,2025-08-30,838.74,TRY,purchase
12761,139,86,2025-12-25,6269.27,TRY,purchase
12762,511,77,2026-05-01,31.9,TRY,refund
12763,53,40,2025-08-30,3284.63,TRY,refund
12764,944,45,2026-07-18,3236.1,TRY,refund
12765,204,60,2025-03-30,3456.55,TRY,purchase
12766,702,15,2025-11-28,1628.31,TRY,purchase
12767,26,1,2025-07-24,6476.22,TRY,purchase
12768,345,49,2026-08-13,6390.84,TRY,refund
12769,279,57,2025-09-15,6415.08,TRY,purchase
12770,196,31,2025-03-13,6462.33,TRY,refund
12771,94,77,2026-03-01,3532.01,TRY,transfer
12772,298,70,2025-11-05,1122.03,TRY,refund
12773,672,56,2025-07-22,626.65,TRY,refund
12774,905,28,2025-01-19,4159.19,TRY,transfer
12775,31,27,2025-11-15,4846.12,TRY,purchase
12776,253,10,2025-12-31,5750.3,TRY,transfer
12777,351,26,2026-01-24,3036.08,TRY,purchase
12778,213,52,2025-11-10,2942.62,TRY,transfer
12779,201,43,2025-03-27,5233.28,TRY,refund
12780,333,22,2025-07-08,3614.96,TRY,transfer
12781,139,28,2025-05-23,6171.84,TRY,transfer
12782,222,40,2026-06-08,4626.44,TRY,transfer
12783,192,92,2026-04-03,5340.49,TRY,transfer
12784,217,92,2025-09-19,4180.7,TRY,refund
12785,364,57,2026-04-13,2220.68,TRY,purchase
12786,657,29,2025-12-21,1250.46,TRY,transfer
12787,623,64,2025-01-01,6855.41,TRY,refund
12788,302,1,2026-03-20,2033.2,TRY,purchase
12789,201,89,2025-03-20,2277.78,TRY,purchase
12790,160,40,2025-09-25,6860.12,TRY,transfer
12791,210,2,2026-04-09,6232.02,TRY,purchase
12792,110,52,2025-07-21,1009.34,TRY,transfer
12793,22,25,2025-10-03,4006.44,TRY,refund
12794,105,3,2025-12-21,895.08,TRY,transfer
12795,644,51,2025-07-25,5751.51,TRY,refund
12796,957,39,2025-06-21,3261.92,TRY,purchase
12797,748,10,2025-07-11,6380.27,TRY,refund
12798,970,34,2025-11-17,6589.18,TRY,purchase
12799,397,63,2026-03-05,3577.5,TRY,refund
12800,626,56,2026-05-06,4620.62,TRY,refund
12801,491,81,2025-07-10,2717.08,TRY,transfer
12802,419,91,2025-07-19,53.27,TRY,purchase
12803,708,30,2025-07-31,1559.78,TRY,refund
12804,630,100,2026-07-29,5161.81,TRY,transfer
12805,564,18,2025-04-07,5812.43,TRY,purchase
12806,176,83,2026-03-04,4670.69,TRY,refund
12807,124,78,2026-08-04,2705.96,TRY,refund
12808,878,78,2025-10-17,4369.18,TRY,transfer
12809,361,16,2025-11-12,5148.5,TRY,refund
12810,433,16,2026-03-02,5178.33,TRY,purchase
12811,558,37,2026-08-21,6640.87,TRY,transfer
12812,154,51,2025-01-30,5737.51,TRY,transfer
12813,902,24,2025-06-11,6795.43,TRY,refund
12814,580,41,2026-02-18,519.99,TRY,purchase
12815,772,2,2026-08-03,6396.93,TRY,refund
12816,72,87,2026-01-13,4312.79,TRY,transfer
12817,902,25,2025-06-11,5127.39,TRY,refund
12818,541,77,2025-02-17,6379.48,TRY,transfer
12819,344,6,2026-03-10,3987.81,TRY,purchase
12820,57,91,2025-08-16,2013.51,TRY,transfer
12821,979,62,2025-03-14,566.89,TRY,purchase
12822,141,61,2025-08-06,191.13,TRY,transfer
12823,143,30,2026-06-25,4384.77,TRY,refund
12824,654,74,2025-12-05,4921.57,TRY,purchase
12825,711,88,2025-05-23,4155.93,TRY,purchase
12826,976,5,2026-04-21,1084.1,TRY,purchase
12827,47,27,2025-09-06,2614.43,TRY,transfer
12828,154,29,2025-08-18,4042.89,TRY,transfer
12829,692,46,2025-03-11,756.84,TRY,purchase
12830,981,31,2026-08-20,3489.93,TRY,transfer
12831,481,32,2026-07-09,5769.47,TRY,refund
12832,617,21,2026-03-26,3868.04,TRY,refund
12833,400,57,2026-07-01,5754.94,TRY,purchase
12834,401,1,2026-07-19,5005.65,TRY,purchase
12835,134,76,2026-01-28,5672.46,TRY,refund
12836,337,14,2025-11-08,1805.01,TRY,refund
12837,816,66,2026-01-21,2384.88,TRY,refund
12838,203,4,2026-02-17,1103.47,TRY,purchase
12839,392,68,2025-03-08,2179.78,TRY,transfer
12840,997,72,2025-11-02,5670.23,TRY,transfer
12841,642,16,2026-08-25,3550.06,TRY,refund
12842,145,7,2025-06-27,5903.89,TRY,transfer
12843,82,9,2025-08-02,90.48,TRY,purchase
12844,531,35,2025-09-01,6456.2,TRY,purchase
12845,600,16,2025-10-24,6291.03,TRY,transfer
12846,723,71,2025-04-29,5288.49,TRY,purchase
12847,718,82,2026-03-25,4144.35,TRY,purchase
12848,915,25,2025-01-22,4387.03,TRY,purchase
12849,466,97,2025-10-14,4008.79,TRY,refund
12850,55,37,2025-10-17,1688.55,TRY,purchase
12851,452,13,2026-08-28,1179.32,TRY,transfer
12852,909,84,2025-01-07,1011.74,TRY,transfer
12853,288,84,2025-09-28,5340.07,TRY,purchase
12854,816,53,2025-03-30,4725.73,TRY,transfer
12855,219,88,2026-02-23,5666.2,TRY,refund
12856,851,8,2026-06-17,5192.02,TRY,refund
12857,885,15,2026-03-15,1643.85,TRY,purchase
12858,519,14,2025-07-20,3440.3,TRY,transfer
12859,328,62,2025-10-29,553.68,TRY,purchase
12860,488,53,2025-06-12,1242.98,TRY,transfer
12861,343,77,2025-10-02,872.78,TRY,refund
12862,132,47,2026-07-01,1488.14,TRY,refund
12863,86,56,2025-08-28,2217.45,TRY,transfer
12864,76,16,2026-02-26,1994.44,TRY,refund
12865,732,56,2026-02-25,5761.13,TRY,refund
12866,826,62,2025-04-19,5765.24,TRY,purchase
12867,702,80,2025-03-02,5550.28,TRY,purchase
12868,795,8,2025-07-02,5827.7,TRY,transfer
12869,104,44,2026-06-18,5411.12,TRY,transfer
12870,883,44,2025-05-04,5876.62,TRY,transfer
12871,377,68,2025-03-25,6411.59,TRY,purchase
12872,97,37,2026-01-29,338.58,TRY,purchase
12873,785,96,2026-01-15,1764.88,TRY,refund
12874,650,76,2026-02-11,3575.42,TRY,transfer
12875,607,2,2025-04-10,5496.45,TRY,purchase
12876,551,15,2025-05-24,4858.88,TRY,refund
12877,440,30,2025-03-25,2805.78,TRY,refund
12878,405,7,2025-05-27,3181.87,TRY,refund
12879,575,75,2025-07-04,3252.88,TRY,transfer
12880,569,72,2025-10-09,6098.34,TRY,transfer
12881,790,88,2026-04-16,6709.13,TRY,transfer
12882,79,79,2025-07-23,5909.38,TRY,transfer
12883,236,40,2026-05-26,4693.07,TRY,refund
12884,766,6,2025-12-23,6824.37,TRY,purchase
12885,664,98,2025-09-19,3330.76,TRY,purchase
12886,643,72,2025-02-01,1309.61,TRY,transfer
12887,169,13,2025-08-09,813.88,TRY,purchase
12888,714,39,2026-06-08,1225.44,TRY,transfer
12889,908,12,2025-11-05,5171.0,TRY,purchase
12890,281,98,2025-10-30,2177.75,TRY,transfer
12891,476,69,2026-08-26,2090.77,TRY,refund
12892,577,53,2025-08-15,2116.25,TRY,purchase
12893,779,3,2025-04-04,4143.4,TRY,refund
12894,539,93,2025-08-20,1742.27,TRY,refund
12895,8,8,2025-09-22,745.87,TRY,refund
12896,92,86,2025-03-30,1402.79,TRY,purchase
12897,220,4,2026-03-30,5436.89,TRY,refund
12898,73,62,2025-01-05,2721.91,TRY,purchase
12899,398,88,2026-02-16,3903.38,TRY,refund
12900,876,53,2025-11-15,5577.33,TRY,transfer
12901,691,18,2025-02-01,6519.29,TRY,transfer
12902,501,17,2026-06-28,2180.46,TRY,transfer
12903,941,10,2026-06-09,757.05,TRY,refund
12904,588,51,2025-05-24,1599.74,TRY,refund
12905,261,33,2025-02-27,2299.45,TRY,refund
12906,146,40,2026-05-26,5297.13,TRY,purchase
12907,85,29,2026-08-08,2881.27,TRY,purchase
12908,666,52,2025-06-06,198.7,TRY,transfer
12909,77,53,2025-01-08,6653.35,TRY,refund
12910,599,87,2025-10-29,6665.89,TRY,refund
12911,754,90,2025-06-11,6052.46,TRY,purchase
12912,916,80,2025-01-30,456.5,TRY,purchase
12913,716,50,2026-03-10,6920.82,TRY,transfer
12914,944,49,2025-09-06,5727.9,TRY,purchase
12915,103,90,2026-07-13,5560.51,TRY,transfer
12916,590,28,2025-12-21,3604.91,TRY,refund
12917,745,93,2025-02-22,5650.67,TRY,refund
12918,493,6,2026-01-10,4862.98,TRY,purchase
12919,847,21,2026-03-03,2237.06,TRY,refund
12920,394,89,2025-10-12,723.85,TRY,refund
12921,324,51,2026-02-04,2948.76,TRY,purchase
12922,344,59,2025-04-25,6798.54,TRY,purchase
12923,144,5,2026-05-22,145.28,TRY,transfer
12924,706,85,2025-01-19,4854.26,TRY,transfer
12925,540,99,2026-08-04,1358.51,TRY,refund
12926,584,55,2026-05-18,4425.4,TRY,purchase
12927,824,53,2025-07-06,2543.55,TRY,refund
12928,141,45,2026-04-17,2958.79,TRY,refund
12929,29,92,2025-09-01,1328.98,TRY,transfer
12930,818,81,2026-06-10,4526.38,TRY,transfer
12931,49,67,2026-03-04,477.75,TRY,refund
12932,689,98,2026-06-13,5188.19,TRY,purchase
12933,770,2,2025-09-16,1445.0,TRY,purchase
12934,165,76,2026-05-23,3790.5,TRY,purchase
12935,134,16,2025-01-04,470.54,TRY,purchase
12936,225,75,2026-07-12,3965.36,TRY,purchase
12937,10,73,2025-01-15,1978.37,TRY,purchase
12938,254,63,2026-03-07,2425.97,TRY,refund
12939,854,95,2026-08-04,4636.5,TRY,purchase
12940,109,39,2025-02-13,6131.95,TRY,refund
12941,341,95,2025-01-01,1053.43,TRY,refund
12942,461,71,2026-05-16,280.19,TRY,transfer
12943,837,77,2025-02-17,4282.63,TRY,transfer
12944,58,19,2026-04-18,5153.45,TRY,transfer
12945,8,35,2026-02-05,1366.47,TRY,transfer
12946,880,9,2026-08-13,6374.55,TRY,transfer
12947,784,25,2026-06-19,2951.43,TRY,refund
12948,544,97,2026-07-08,1330.05,TRY,purchase
12949,419,76,2026-03-01,575.08,TRY,transfer
12950,199,50,2026-04-01,4708.95,TRY,refund
12951,907,9,2026-04-12,6421.89,TRY,refund
12952,326,24,2026-02-25,5016.68,TRY,transfer
12953,585,91,2025-11-03,6534.92,TRY,purchase
12954,706,50,2025-04-12,2515.46,TRY,refund
12955,725,70,2026-04-19,6477.45,TRY,transfer
12956,747,12,2025-09-29,692.1,TRY,purchase
12957,265,42,2025-06-17,5568.57,TRY,refund
12958,37,47,2025-02-09,5552.27,TRY,refund
12959,346,44,2025-02-11,2268.3,TRY,purchase
12960,272,38,2026-07-02,580.82,TRY,transfer
12961,976,96,2026-07-04,3739.36,TRY,refund
12962,453,67,2026-08-29,5015.08,TRY,purchase
12963,104,29,2026-08-11,808.03,TRY,transfer
12964,206,68,2026-04-18,454.41,TRY,refund
12965,859,92,2025-03-24,2105.67,TRY,purchase
12966,23,13,2025-09-04,1949.85,TRY,transfer
12967,836,85,2026-07-05,6012.07,TRY,purchase
12968,566,96,2025-06-28,3829.88,TRY,purchase
12969,959,40,2025-01-18,2064.85,TRY,purchase
12970,320,61,2026-06-30,3073.51,TRY,transfer
12971,201,46,2026-03-27,6490.38,TRY,purchase
12972,221,53,2025-06-16,3381.02,TRY,purchase
12973,239,7,2026-05-29,4632.69,TRY,purchase
12974,248,40,2025-11-23,5440.44,TRY,refund
12975,407,84,2026-05-28,1997.52,TRY,purchase
12976,988,98,2025-07-02,5849.0,TRY,transfer
12977,965,6,2026-09-01,2266.72,TRY,transfer
12978,397,72,2026-03-05,730.04,TRY,refund
12979,822,92,2025-07-12,419.52,TRY,refund
12980,580,1,2026-08-10,4350.33,TRY,transfer
12981,892,93,2026-08-08,4283.63,TRY,transfer
12982,668,65,2025-10-13,2789.63,TRY,refund
12983,70,60,2025-01-20,4184.92,TRY,refund
12984,121,12,2025-02-10,1523.4,TRY,refund
12985,414,94,2025-06-16,2243.22,TRY,transfer
12986,408,18,2025-03-12,416.13,TRY,transfer
12987,641,77,2025-02-04,1014.58,TRY,purchase
12988,355,59,2026-08-28,6818.11,TRY,refund
12989,383,3,2025-01-25,5632.95,TRY,refund
12990,305,36,2025-03-17,2423.79,TRY,refund
12991,697,31,2025-02-12,6616.88,TRY,refund
12992,745,58,2025-06-10,3488.18,TRY,refund
12993,159,24,2025-01-23,1163.08,TRY,refund
12994,327,70,2026-08-05,1268.54,TRY,transfer
12995,218,73,2025-01-23,2256.55,TRY,refund
12996,30,16,2025-08-21,4501.64,TRY,transfer
12997,402,90,2025-01-30,6767.03,TRY,transfer
12998,468,24,2025-01-05,4708.97,TRY,purchase
12999,157,94,2025-10-13,3645.51,TRY,transfer
13000,198,100,2025-05-25,1607.43,TRY,refund
13001,913,62,2026-01-10,2954.7,TRY,refund
13002,627,35,2026-01-20,2728.01,TRY,transfer
13003,333,27,2025-07-10,1955.46,TRY,refund
13004,518,37,2025-06-09,2941.62,TRY,transfer
13005,619,66,2026-07-18,5102.57,TRY,refund
13006,452,46,2026-05-03,6080.2,TRY,refund
13007,448,45,2026-06-27,2384.56,TRY,transfer
13008,450,71,2026-01-16,2773.45,TRY,refund
13009,376,12,2026-08-19,1272.81,TRY,purchase
13010,460,73,2025-09-05,1872.24,TRY,transfer
13011,698,17,2026-07-27,6669.7,TRY,purchase
13012,409,45,2025-05-28,1301.46,TRY,transfer
13013,503,27,2025-12-01,772.9,TRY,transfer
13014,479,62,2026-06-28,2765.28,TRY,refund
13015,643,9,2025-10-08,2006.85,TRY,refund
13016,682,63,2026-03-28,2118.02,TRY,refund
13017,797,26,2026-08-22,3131.49,TRY,transfer
13018,80,3,2025-07-17,489.85,TRY,transfer
13019,450,100,2025-07-03,3491.19,TRY,transfer
13020,972,54,2025-02-26,6126.7,TRY,transfer
13021,553,65,2026-06-19,4695.74,TRY,refund
13022,684,92,2025-10-17,5118.38,TRY,purchase
13023,975,2,2025-12-05,4808.62,TRY,purchase
13024,681,42,2026-04-27,3754.22,TRY,refund
13025,414,23,2025-05-28,5764.02,TRY,refund
13026,215,34,2026-02-21,2326.61,TRY,transfer
13027,739,52,2025-11-22,5407.85,TRY,refund
13028,239,11,2025-05-16,464.49,TRY,purchase
13029,693,30,2026-06-18,894.99,TRY,transfer
13030,514,83,2026-05-11,4372.22,TRY,transfer
13031,767,94,2026-03-17,4633.3,TRY,refund
13032,323,14,2025-09-17,3068.17,TRY,refund
13033,828,7,2025-04-15,3469.13,TRY,transfer
13034,359,73,2025-08-31,4306.3,TRY,refund
13035,38,14,2025-12-09,2599.75,TRY,purchase
13036,189,50,2025-11-12,563.37,TRY,purchase
13037,270,50,2026-01-19,2357.24,TRY,transfer
13038,674,95,2026-01-05,5033.47,TRY,transfer
13039,464,26,2025-11-21,820.92,TRY,transfer
13040,245,18,2025-01-06,6586.0,TRY,purchase
13041,163,60,2025-05-08,596.14,TRY,transfer
13042,83,65,2025-02-21,437.85,TRY,purchase
13043,765,36,2026-06-16,379.44,TRY,transfer
13044,784,69,2025-09-18,3111.04,TRY,transfer
13045,323,43,2026-01-04,3137.61,TRY,refund
13046,253,38,2025-08-10,1064.76,TRY,purchase
13047,235,78,2025-03-11,1333.88,TRY,transfer
13048,724,9,2026-07-17,5548.27,TRY,transfer
13049,247,54,2026-02-04,4069.43,TRY,transfer
13050,269,80,2026-06-14,1757.78,TRY,transfer
13051,526,83,2025-01-11,3680.12,TRY,refund
13052,615,67,2026-05-25,1460.08,TRY,transfer
13053,801,59,2025-11-20,3583.12,TRY,refund
13054,438,19,2026-05-01,767.06,TRY,transfer
13055,195,60,2025-02-24,4383.4,TRY,refund
13056,937,39,2026-02-06,5948.25,TRY,transfer
13057,284,45,2026-08-01,3801.82,TRY,transfer
13058,744,4,2025-03-04,2669.62,TRY,purchase
13059,588,39,2026-04-24,3680.72,TRY,purchase
13060,836,54,2025-05-31,6454.98,TRY,refund
13061,298,52,2025-12-06,3524.21,TRY,transfer
13062,945,73,2026-08-28,3882.66,TRY,purchase
13063,275,35,2025-11-04,2734.1,TRY,purchase
13064,85,19,2026-06-27,4796.55,TRY,purchase
13065,704,6,2026-08-17,6629.0,TRY,refund
13066,314,75,2025-09-09,4804.62,TRY,purchase
13067,604,67,2025-04-05,4804.33,TRY,purchase
13068,142,5,2025-07-06,6703.8,TRY,purchase
13069,350,84,2025-04-09,6914.3,TRY,transfer
13070,702,65,2025-12-29,566.3,TRY,refund
13071,522,36,2025-02-02,2286.45,TRY,purchase
13072,733,50,2025-12-06,1172.89,TRY,purchase
13073,501,2,2025-01-02,5369.46,TRY,refund
13074,511,61,2026-01-16,559.61,TRY,purchase
13075,769,6,2025-07-30,1247.82,TRY,transfer
13076,442,4,2026-05-03,1708.6,TRY,refund
13077,522,96,2025-10-21,1694.04,TRY,refund
13078,479,33,2026-06-29,2180.85,TRY,refund
13079,652,29,2025-03-21,5439.6,TRY,purchase
13080,144,28,2025-08-26,3822.42,TRY,transfer
13081,828,46,2025-09-21,1714.09,TRY,transfer
13082,446,62,2025-08-30,404.77,TRY,refund
13083,562,44,2026-07-05,1234.68,TRY,transfer
13084,433,96,2025-10-12,5339.13,TRY,transfer
13085,983,79,2026-03-06,3827.78,TRY,purchase
13086,278,27,2025-04-06,6382.49,TRY,transfer
13087,682,11,2025-06-02,2502.88,TRY,refund
13088,965,65,2026-05-29,4301.84,TRY,purchase
13089,754,79,2025-06-22,4831.46,TRY,purchase
13090,489,70,2025-05-03,1885.3,TRY,purchase
13091,946,100,2025-12-04,3282.23,TRY,transfer
13092,423,58,2025-03-01,3211.73,TRY,transfer
13093,721,87,2025-07-10,5894.71,TRY,refund
13094,260,92,2025-12-18,2117.1,TRY,refund
13095,334,84,2026-03-25,504.42,TRY,purchase
13096,860,15,2026-01-18,5661.73,TRY,transfer
13097,426,68,2026-05-14,1492.01,TRY,transfer
13098,43,17,2025-11-02,1118.05,TRY,refund
13099,325,77,2026-03-16,6204.54,TRY,transfer
13100,969,36,2026-03-14,3707.68,TRY,refund
13101,526,28,2025-04-12,5656.04,TRY,transfer
13102,15,25,2025-12-21,3892.43,TRY,refund
13103,516,92,2026-05-03,963.98,TRY,purchase
13104,698,24,2026-04-30,2462.81,TRY,purchase
13105,503,82,2025-03-14,4249.46,TRY,refund
13106,314,24,2025-04-24,5226.39,TRY,purchase
13107,241,71,2026-03-26,5702.39,TRY,transfer
13108,978,71,2025-02-01,3430.53,TRY,refund
13109,1000,54,2025-11-11,3992.37,TRY,refund
13110,43,49,2025-11-17,4060.1,TRY,transfer
13111,3,94,2025-04-30,3951.14,TRY,refund
13112,679,81,2025-10-01,1559.99,TRY,transfer
13113,729,31,2025-12-20,2910.05,TRY,purchase
13114,596,43,2025-01-28,1221.69,TRY,purchase
13115,883,16,2026-06-05,3311.7,TRY,transfer
13116,46,1,2025-02-11,3772.32,TRY,purchase
13117,184,17,2025-02-26,2525.43,TRY,purchase
13118,768,22,2025-02-13,3801.71,TRY,purchase
13119,590,92,2026-01-03,2696.7,TRY,purchase
13120,542,74,2026-06-26,231.63,TRY,refund
13121,393,10,2026-04-03,833.42,TRY,purchase
13122,886,12,2025-10-20,3301.74,TRY,transfer
13123,186,34,2026-04-22,5774.6,TRY,transfer
13124,629,93,2025-04-13,5387.39,TRY,refund
13125,197,73,2025-02-15,5538.0,TRY,refund
13126,332,8,2026-02-17,3613.98,TRY,transfer
13127,746,65,2026-01-09,3245.1,TRY,refund
13128,798,5,2025-07-07,3264.61,TRY,purchase
13129,125,55,2025-01-21,1685.6,TRY,refund
13130,55,20,2025-11-09,6299.98,TRY,refund
13131,16,51,2025-07-24,903.97,TRY,refund
13132,804,8,2025-12-24,1098.29,TRY,refund
13133,937,12,2026-03-14,4266.75,TRY,refund
13134,797,99,2025-11-18,3030.26,TRY,refund
13135,391,69,2026-03-02,2664.7,TRY,refund
13136,792,82,2025-09-18,2893.91,TRY,purchase
13137,285,22,2026-06-02,2148.99,TRY,purchase
13138,6,2,2025-04-23,1497.86,TRY,refund
13139,270,25,2026-04-04,3583.85,TRY,refund
13140,750,13,2025-01-18,5310.32,TRY,purchase
13141,520,23,2025-07-15,6712.65,TRY,purchase
13142,333,93,2026-07-10,4834.84,TRY,purchase
13143,493,55,2025-06-18,4502.55,TRY,purchase
13144,892,27,2025-08-29,1894.63,TRY,purchase
13145,119,44,2025-10-10,847.89,TRY,refund
13146,415,48,2026-04-18,3782.23,TRY,refund
13147,835,56,2025-03-22,315.25,TRY,transfer
13148,52,5,2025-01-20,6212.56,TRY,transfer
13149,89,16,2026-06-27,6282.56,TRY,purchase
13150,660,94,2025-10-02,3507.05,TRY,purchase
13151,639,28,2025-07-31,6700.33,TRY,transfer
13152,681,74,2025-03-29,2010.5,TRY,purchase
13153,405,76,2026-02-03,6747.24,TRY,purchase
13154,89,41,2025-12-22,4440.85,TRY,transfer
13155,539,7,2025-01-20,3533.56,TRY,refund
13156,511,99,2025-12-13,3237.28,TRY,purchase
13157,970,89,2025-08-06,785.34,TRY,purchase
13158,754,93,2026-07-19,967.97,TRY,purchase
13159,503,7,2026-07-05,1980.48,TRY,refund
13160,398,69,2025-11-24,135.37,TRY,transfer
13161,203,81,2026-07-09,631.72,TRY,transfer
13162,376,92,2025-11-02,5971.23,TRY,transfer
13163,964,40,2025-07-01,4320.65,TRY,purchase
13164,974,52,2025-10-14,6935.83,TRY,refund
13165,48,9,2026-04-27,6035.36,TRY,refund
13166,256,30,2026-05-14,4634.51,TRY,purchase
13167,49,55,2026-01-06,1364.29,TRY,purchase
13168,355,38,2026-08-02,3415.0,TRY,purchase
13169,485,74,2025-08-27,571.52,TRY,purchase
13170,547,20,2026-02-02,1171.9,TRY,transfer
13171,493,60,2025-11-18,2940.44,TRY,transfer
13172,613,78,2025-01-01,3051.24,TRY,purchase
13173,308,15,2026-06-02,3046.92,TRY,refund
13174,11,79,2026-01-04,2701.87,TRY,purchase
13175,87,95,2026-07-24,1324.36,TRY,transfer
13176,133,12,2025-01-18,6909.29,TRY,refund
13177,515,56,2025-11-08,1551.23,TRY,transfer
13178,829,31,2025-01-23,4104.42,TRY,refund
13179,229,26,2026-01-22,1403.63,TRY,refund
13180,593,18,2026-05-29,4413.73,TRY,refund
13181,593,13,2026-06-13,4808.58,TRY,purchase
13182,676,61,2025-11-24,4534.58,TRY,transfer
13183,443,28,2025-09-14,6311.62,TRY,transfer
13184,282,76,2026-01-27,6555.31,TRY,transfer
13185,701,22,2025-06-26,219.98,TRY,transfer
13186,913,98,2026-08-11,4657.26,TRY,refund
13187,793,44,2026-06-26,5421.11,TRY,purchase
13188,12,26,2025-12-25,3752.22,TRY,transfer
13189,720,91,2026-07-20,5444.14,TRY,refund
13190,416,81,2025-09-09,1792.64,TRY,refund
13191,632,13,2025-02-10,3558.56,TRY,refund
13192,864,30,2025-10-25,6867.46,TRY,transfer
13193,246,11,2025-07-10,3095.75,TRY,purchase
13194,959,58,2026-03-30,3552.4,TRY,purchase
13195,296,7,2026-05-24,4088.96,TRY,transfer
13196,642,25,2025-05-21,6579.42,TRY,transfer
13197,81,72,2025-04-02,2715.06,TRY,refund
13198,89,63,2026-04-08,4664.98,TRY,purchase
13199,7,29,2025-10-19,323.35,TRY,purchase
13200,988,63,2025-08-13,3068.54,TRY,refund
13201,319,41,2026-04-11,5302.87,TRY,refund
13202,109,61,2025-03-09,3523.75,TRY,transfer
13203,542,1,2025-01-19,5550.96,TRY,purchase
13204,770,2,2025-04-03,1609.08,TRY,purchase
13205,854,88,2025-06-22,5055.63,TRY,refund
13206,845,71,2026-08-26,148.66,TRY,purchase
13207,82,12,2025-09-11,5845.93,TRY,transfer
13208,585,21,2025-04-22,2499.47,TRY,transfer
13209,572,93,2025-03-21,4069.95,TRY,refund
13210,787,63,2025-05-31,1880.64,TRY,purchase
13211,661,58,2026-03-07,6655.0,TRY,refund
13212,387,10,2026-06-15,5125.39,TRY,transfer
13213,904,40,2026-03-13,3934.91,TRY,purchase
13214,383,89,2026-07-13,5215.57,TRY,purchase
13215,212,51,2025-12-03,4354.85,TRY,refund
13216,317,63,2025-02-15,6514.71,TRY,transfer
13217,986,76,2025-04-17,2054.68,TRY,refund
13218,760,89,2025-05-02,4230.74,TRY,transfer
13219,690,78,2025-01-16,6062.64,TRY,purchase
13220,229,67,2025-05-15,5902.87,TRY,refund
13221,356,55,2025-05-05,3974.61,TRY,transfer
13222,651,100,2026-08-18,2662.63,TRY,purchase
13223,139,49,2026-02-17,2891.77,TRY,transfer
13224,595,16,2026-01-30,5113.0,TRY,transfer
13225,865,73,2025-06-11,5106.37,TRY,refund
13226,891,58,2025-01-28,4732.0,TRY,transfer
13227,832,82,2026-03-11,4878.29,TRY,refund
13228,364,59,2025-10-31,6485.74,TRY,transfer
13229,435,48,2026-04-06,3107.37,TRY,refund
13230,615,60,2026-05-18,3047.12,TRY,purchase
13231,709,86,2026-06-04,129.41,TRY,refund
13232,326,5,2026-02-26,3680.86,TRY,purchase
13233,672,94,2025-09-12,5466.79,TRY,purchase
13234,858,29,2026-08-03,1686.85,TRY,refund
13235,791,37,2025-04-06,6487.63,TRY,transfer
13236,180,56,2026-05-26,3945.48,TRY,refund
13237,836,44,2026-04-05,384.34,TRY,purchase
13238,661,70,2026-01-12,1845.39,TRY,refund
13239,4,96,2026-01-04,1104.76,TRY,refund
13240,899,27,2025-05-19,485.63,TRY,purchase
13241,4,82,2025-12-07,3607.41,TRY,refund
13242,697,72,2026-08-21,1188.83,TRY,transfer
13243,521,68,2025-01-16,6882.29,TRY,transfer
13244,795,87,2025-06-10,4127.19,TRY,refund
13245,342,100,2026-05-27,2800.49,TRY,purchase
13246,57,66,2026-06-20,3771.61,TRY,refund
13247,834,88,2025-02-02,3081.69,TRY,transfer
13248,597,93,2025-03-12,5831.1,TRY,transfer
13249,616,93,2025-01-11,2933.67,TRY,purchase
13250,702,85,2025-03-27,2433.65,TRY,refund
13251,231,99,2025-11-10,2069.34,TRY,purchase
13252,577,63,2025-11-14,6252.52,TRY,refund
13253,4,82,2026-07-14,6801.59,TRY,refund
13254,555,96,2026-02-11,3426.17,TRY,purchase
13255,721,57,2025-06-12,2066.16,TRY,transfer
13256,647,41,2026-08-23,2652.38,TRY,refund
13257,207,55,2026-01-18,5816.0,TRY,transfer
13258,879,7,2025-09-14,748.5,TRY,purchase
13259,647,90,2026-02-06,6748.37,TRY,purchase
13260,273,2,2026-06-02,4255.85,TRY,purchase
13261,574,86,2026-05-20,416.51,TRY,transfer
13262,253,19,2025-04-14,2617.85,TRY,refund
13263,435,58,2025-03-05,459.91,TRY,transfer
13264,79,66,2026-04-22,849.01,TRY,purchase
13265,8,35,2025-12-08,5016.37,TRY,transfer
13266,822,77,2025-06-12,5020.64,TRY,purchase
13267,488,11,2026-06-13,6067.55,TRY,transfer
13268,957,86,2025-01-23,1065.95,TRY,purchase
13269,249,14,2026-07-23,4086.7,TRY,refund
13270,34,41,2025-02-05,1351.8,TRY,refund
13271,395,14,2025-04-03,3326.3,TRY,refund
13272,93,62,2025-09-20,6380.8,TRY,refund
13273,418,45,2026-01-08,2114.23,TRY,purchase
13274,826,24,2025-09-11,6018.46,TRY,refund
13275,373,76,2025-03-18,2916.91,TRY,refund
13276,764,80,2025-03-31,2455.61,TRY,refund
13277,416,25,2025-01-25,4837.98,TRY,refund
13278,205,30,2026-06-09,2896.24,TRY,refund
13279,522,52,2025-12-07,153.15,TRY,refund
13280,960,38,2025-09-26,1477.37,TRY,purchase
13281,921,41,2025-01-02,468.82,TRY,transfer
13282,90,53,2026-01-10,1632.4,TRY,refund
13283,473,3,2026-02-07,4565.96,TRY,transfer
13284,438,81,2026-05-07,3408.41,TRY,transfer
13285,102,27,2025-09-29,470.25,TRY,refund
13286,154,36,2025-10-10,3841.95,TRY,refund
13287,282,99,2026-08-21,472.5,TRY,refund
13288,222,45,2025-01-26,4003.77,TRY,transfer
13289,272,26,2025-12-26,5149.4,TRY,purchase
13290,854,67,2025-10-11,294.15,TRY,refund
13291,961,27,2025-06-07,4215.33,TRY,refund
13292,653,94,2026-02-18,2560.65,TRY,purchase
13293,149,59,2025-03-29,363.17,TRY,refund
13294,634,84,2026-08-20,743.88,TRY,purchase
13295,440,99,2025-10-14,6855.16,TRY,purchase
13296,990,67,2025-09-29,5299.28,TRY,transfer
13297,27,94,2026-07-29,704.11,TRY,purchase
13298,663,3,2026-01-07,359.92,TRY,transfer
13299,98,50,2025-08-05,1689.16,TRY,transfer
13300,753,20,2025-09-07,5731.29,TRY,refund
13301,131,41,2026-08-20,6977.26,TRY,purchase
13302,893,71,2026-03-15,2541.92,TRY,transfer
13303,805,16,2025-04-24,6876.84,TRY,transfer
13304,173,91,2025-10-28,6850.68,TRY,transfer
13305,111,18,2026-06-08,5389.72,TRY,purchase
13306,3,4,2026-03-14,1228.85,TRY,purchase
13307,777,69,2025-04-26,3596.1,TRY,transfer
13308,638,22,2025-10-02,2561.1,TRY,refund
13309,506,74,2025-04-02,3465.04,TRY,refund
13310,126,88,2026-08-10,3068.25,TRY,refund
13311,636,11,2025-04-08,3316.99,TRY,transfer
13312,972,20,2025-08-31,1614.22,TRY,transfer
13313,335,73,2025-05-06,1757.36,TRY,purchase
13314,371,27,2025-03-26,6342.15,TRY,purchase
13315,361,56,2025-06-21,4988.7,TRY,transfer
13316,879,59,2025-05-21,5034.13,TRY,refund
13317,715,82,2025-01-23,5404.53,TRY,transfer
13318,952,89,2025-01-29,4030.09,TRY,purchase
13319,273,58,2026-05-24,648.6,TRY,refund
13320,564,22,2026-06-29,4670.02,TRY,transfer
13321,178,10,2026-07-04,4560.68,TRY,refund
13322,293,50,2026-07-15,1144.12,TRY,purchase
13323,410,25,2026-01-20,928.6,TRY,refund
13324,5,28,2026-06-20,3030.79,TRY,transfer
13325,292,83,2026-03-26,6149.48,TRY,purchase
13326,995,92,2025-06-16,1539.57,TRY,purchase
13327,981,18,2025-09-16,1127.85,TRY,refund
13328,205,58,2026-07-24,5080.78,TRY,refund
13329,525,96,2025-03-22,1126.76,TRY,refund
13330,107,38,2025-12-17,6994.48,TRY,transfer
13331,797,63,2026-07-09,1975.2,TRY,refund
13332,626,1,2025-10-12,1821.99,TRY,refund
13333,714,12,2026-03-30,2981.32,TRY,purchase
13334,280,35,2025-03-21,44.41,TRY,refund
13335,601,39,2025-02-04,2719.24,TRY,refund
13336,187,97,2025-12-25,1534.15,TRY,transfer
13337,253,81,2025-05-12,1891.23,TRY,refund
13338,679,69,2025-08-26,1958.75,TRY,refund
13339,122,74,2026-08-25,2595.93,TRY,purchase
13340,772,71,2026-04-06,3390.1,TRY,refund
13341,506,18,2026-07-11,5493.6,TRY,transfer
13342,330,86,2026-04-07,212.57,TRY,refund
13343,434,23,2025-12-21,5546.09,TRY,purchase
13344,107,91,2026-03-16,6573.26,TRY,purchase
13345,27,39,2025-07-19,4622.46,TRY,refund
13346,455,16,2025-09-23,4296.17,TRY,refund
13347,562,61,2025-06-18,1986.63,TRY,refund
13348,599,17,2026-03-16,837.72,TRY,purchase
13349,948,67,2025-09-01,60.53,TRY,refund
13350,563,18,2025-02-22,6023.23,TRY,transfer
13351,876,7,2026-06-05,1245.66,TRY,transfer
13352,486,83,2026-05-30,5978.79,TRY,transfer
13353,514,66,2025-07-06,1213.91,TRY,purchase
13354,595,17,2025-12-31,1255.01,TRY,purchase
13355,5,83,2026-08-31,1930.73,TRY,purchase
13356,201,82,2025-12-20,4757.58,TRY,refund
13357,579,11,2025-08-05,366.49,TRY,purchase
13358,502,100,2026-08-18,932.31,TRY,transfer
13359,12,22,2025-11-19,626.65,TRY,purchase
13360,815,87,2025-06-21,1202.24,TRY,transfer
13361,575,18,2026-01-05,5865.92,TRY,transfer
13362,1000,74,2026-06-09,6303.78,TRY,purchase
13363,341,79,2025-09-14,6499.99,TRY,purchase
13364,442,5,2025-08-26,1263.9,TRY,purchase
13365,307,7,2026-07-19,50.99,TRY,transfer
13366,480,61,2025-02-02,107.59,TRY,refund
13367,791,69,2025-04-17,3445.22,TRY,refund
13368,51,49,2026-07-10,2307.78,TRY,refund
13369,391,2,2026-06-03,3580.45,TRY,transfer
13370,816,75,2026-01-14,5756.44,TRY,purchase
13371,979,87,2025-02-21,3798.66,TRY,purchase
13372,969,46,2025-03-28,5469.48,TRY,purchase
13373,662,66,2026-03-03,6416.37,TRY,purchase
13374,23,74,2026-08-21,4369.87,TRY,refund
13375,990,89,2025-10-24,4053.38,TRY,purchase
13376,106,100,2026-03-29,787.66,TRY,transfer
13377,920,8,2025-08-29,2852.17,TRY,transfer
13378,738,63,2025-09-12,3309.21,TRY,transfer
13379,353,79,2025-01-22,5288.78,TRY,purchase
13380,324,78,2026-08-13,2993.99,TRY,refund
13381,534,89,2025-07-28,1898.13,TRY,purchase
13382,716,18,2026-08-01,6520.15,TRY,transfer
13383,453,70,2026-03-13,4408.38,TRY,purchase
13384,344,40,2025-07-08,5669.98,TRY,transfer
13385,842,73,2025-12-14,4718.65,TRY,transfer
13386,778,42,2026-05-12,590.41,TRY,transfer
13387,310,57,2026-05-24,380.26,TRY,refund
13388,91,77,2025-03-27,5197.15,TRY,transfer
13389,763,7,2025-08-26,2578.2,TRY,purchase
13390,412,29,2025-12-24,4376.02,TRY,purchase
13391,641,61,2025-07-03,1429.93,TRY,purchase
13392,981,44,2025-03-30,2622.51,TRY,transfer
13393,986,93,2026-07-11,4527.13,TRY,refund
13394,431,32,2025-04-23,6884.31,TRY,transfer
13395,279,86,2025-08-15,3802.95,TRY,purchase
13396,385,15,2025-03-07,2413.09,TRY,purchase
13397,879,15,2025-04-26,5911.68,TRY,transfer
13398,535,98,2026-05-28,4352.29,TRY,refund
13399,627,33,2025-04-28,4375.25,TRY,transfer
13400,728,50,2025-11-30,4706.47,TRY,refund
13401,121,61,2025-07-30,1644.78,TRY,transfer
13402,400,55,2025-11-09,3850.04,TRY,refund
13403,229,12,2025-08-12,5527.35,TRY,refund
13404,24,98,2025-01-01,4905.62,TRY,transfer
13405,560,8,2025-04-30,5783.92,TRY,purchase
13406,919,53,2025-09-11,3895.51,TRY,purchase
13407,281,35,2025-08-29,1129.21,TRY,refund
13408,792,34,2026-08-06,5764.78,TRY,refund
13409,83,86,2026-06-11,4262.83,TRY,transfer
13410,514,16,2026-08-17,3420.09,TRY,transfer
13411,680,43,2025-11-30,474.11,TRY,refund
13412,613,15,2025-12-21,2009.29,TRY,purchase
13413,411,75,2026-07-26,6322.92,TRY,purchase
13414,914,83,2025-08-07,1902.63,TRY,transfer
13415,731,33,2026-07-01,6688.74,TRY,purchase
13416,30,37,2025-10-07,364.86,TRY,purchase
13417,623,9,2025-02-04,6692.55,TRY,refund
13418,601,42,2026-02-15,4300.31,TRY,purchase
13419,618,69,2025-08-10,1333.68,TRY,purchase
13420,88,51,2026-04-27,4131.94,TRY,purchase
13421,399,50,2025-10-22,140.12,TRY,transfer
13422,244,91,2025-02-19,3139.75,TRY,purchase
13423,345,73,2026-08-12,3976.84,TRY,transfer
13424,970,56,2025-10-12,163.64,TRY,purchase
13425,62,49,2026-04-04,789.61,TRY,transfer
13426,108,57,2026-01-20,2599.29,TRY,purchase
13427,824,42,2025-06-16,5810.98,TRY,purchase
13428,554,49,2025-12-03,1521.68,TRY,refund
13429,297,75,2025-10-06,2489.99,TRY,refund
13430,730,69,2025-07-20,4165.77,TRY,purchase
13431,538,47,2026-03-22,2708.81,TRY,transfer
13432,341,33,2026-08-02,6752.7,TRY,refund
13433,941,60,2026-06-07,759.85,TRY,purchase
13434,788,53,2026-06-14,3847.17,TRY,transfer
13435,128,1,2026-04-26,4401.53,TRY,transfer
13436,760,72,2026-01-20,6952.93,TRY,transfer
13437,643,86,2025-09-02,1247.34,TRY,purchase
13438,613,60,2025-02-10,4404.69,TRY,purchase
13439,24,63,2026-06-22,862.26,TRY,transfer
13440,434,17,2025-09-13,6754.44,TRY,purchase
13441,335,43,2026-06-28,3819.02,TRY,purchase
13442,663,95,2025-04-30,1174.59,TRY,refund
13443,475,54,2025-04-11,6181.22,TRY,purchase
13444,559,4,2026-04-06,6982.46,TRY,refund
13445,319,17,2025-09-27,2735.45,TRY,refund
13446,802,90,2025-01-20,446.47,TRY,transfer
13447,966,18,2025-12-20,4265.7,TRY,refund
13448,324,64,2025-04-05,1301.71,TRY,refund
13449,306,45,2026-07-13,2123.27,TRY,refund
13450,582,86,2025-12-28,632.31,TRY,refund
13451,66,33,2026-08-11,5979.25,TRY,transfer
13452,19,9,2025-09-28,215.8,TRY,transfer
13453,980,3,2025-12-09,2138.58,TRY,transfer
13454,308,40,2026-08-09,2970.99,TRY,transfer
13455,762,48,2025-05-29,5801.22,TRY,refund
13456,358,32,2026-07-19,6324.78,TRY,transfer
13457,468,100,2025-08-11,5563.21,TRY,transfer
13458,50,59,2026-02-18,2744.81,TRY,refund
13459,498,46,2025-06-05,5931.01,TRY,transfer
13460,305,24,2025-01-15,6772.2,TRY,purchase
13461,107,99,2025-11-25,3376.1,TRY,transfer
13462,506,2,2026-02-19,6449.05,TRY,refund
13463,803,72,2025-03-09,735.22,TRY,purchase
13464,285,48,2025-03-01,5574.01,TRY,refund
13465,564,30,2026-03-23,1581.69,TRY,purchase
13466,692,80,2026-03-08,5149.81,TRY,purchase
13467,896,14,2026-08-06,990.59,TRY,purchase
13468,471,16,2026-03-05,2917.59,TRY,purchase
13469,878,78,2025-08-23,2519.71,TRY,refund
13470,2,11,2026-04-18,6981.76,TRY,refund
13471,178,54,2025-12-18,2363.68,TRY,purchase
13472,858,27,2025-05-11,5554.9,TRY,refund
13473,101,25,2025-12-10,4596.68,TRY,refund
13474,961,18,2026-04-09,6444.56,TRY,purchase
13475,85,86,2026-07-19,913.52,TRY,purchase
13476,662,100,2025-05-16,4512.63,TRY,purchase
13477,53,22,2025-11-29,6038.44,TRY,transfer
13478,229,6,2025-10-10,5813.45,TRY,transfer
13479,409,61,2025-11-13,139.17,TRY,refund
13480,97,70,2026-01-17,1556.16,TRY,purchase
13481,779,10,2025-12-15,2837.18,TRY,transfer
13482,520,29,2025-11-28,5953.93,TRY,purchase
13483,974,95,2026-07-23,6174.93,TRY,refund
13484,198,88,2025-04-20,5441.01,TRY,refund
13485,556,31,2025-09-01,2663.31,TRY,transfer
13486,155,15,2025-12-19,1067.78,TRY,transfer
13487,892,76,2026-03-01,1788.82,TRY,transfer
13488,479,97,2025-03-06,2659.88,TRY,purchase
13489,666,79,2025-08-03,5036.22,TRY,purchase
13490,136,21,2025-04-09,3049.62,TRY,transfer
13491,731,66,2025-02-17,3275.13,TRY,purchase
13492,525,20,2025-03-27,5826.09,TRY,refund
13493,345,63,2025-09-27,6782.88,TRY,transfer
13494,90,18,2026-01-12,721.0,TRY,purchase
13495,558,70,2025-07-15,6739.36,TRY,transfer
13496,200,38,2025-01-16,5987.05,TRY,purchase
13497,481,74,2025-03-16,4158.38,TRY,refund
13498,273,90,2025-12-17,4413.91,TRY,refund
13499,917,56,2026-02-02,6497.01,TRY,transfer
13500,386,20,2025-12-19,1427.38,TRY,refund
13501,854,14,2025-04-15,3408.85,TRY,transfer
13502,140,6,2025-08-22,2149.39,TRY,refund
13503,707,62,2025-10-02,872.55,TRY,refund
13504,349,49,2025-12-19,6856.84,TRY,transfer
13505,739,23,2025-08-02,6961.21,TRY,purchase
13506,958,17,2025-07-09,2062.01,TRY,purchase
13507,133,30,2026-04-06,659.1,TRY,refund
13508,319,30,2025-08-11,4641.24,TRY,purchase
13509,754,89,2025-12-31,6414.46,TRY,transfer
13510,638,80,2026-04-08,4395.64,TRY,purchase
13511,940,9,2025-03-09,499.6,TRY,purchase
13512,982,79,2025-06-15,3104.68,TRY,purchase
13513,859,79,2026-08-16,1501.98,TRY,purchase
13514,432,61,2026-03-16,4421.27,TRY,purchase
13515,49,82,2025-04-30,5099.31,TRY,purchase
13516,511,98,2025-09-09,544.62,TRY,purchase
13517,42,79,2025-04-28,235.56,TRY,transfer
13518,785,34,2026-02-06,270.35,TRY,refund
13519,191,83,2025-02-17,2193.15,TRY,refund
13520,848,50,2026-03-04,3753.2,TRY,refund
13521,728,45,2025-04-02,165.66,TRY,transfer
13522,863,77,2026-01-02,1489.71,TRY,transfer
13523,649,24,2025-05-19,3226.44,TRY,transfer
13524,798,68,2025-08-24,5785.62,TRY,purchase
13525,756,77,2025-01-09,1182.34,TRY,purchase
13526,186,40,2025-10-02,3711.06,TRY,transfer
13527,888,3,2026-05-19,5415.21,TRY,refund
13528,613,93,2026-03-23,2511.14,TRY,refund
13529,814,52,2025-11-19,2196.84,TRY,transfer
13530,361,77,2025-06-18,3887.82,TRY,purchase
13531,263,55,2025-08-30,5342.71,TRY,purchase
13532,895,84,2025-10-30,2410.64,TRY,purchase
13533,266,59,2025-09-25,4082.12,TRY,transfer
13534,994,9,2025-03-20,2855.35,TRY,transfer
13535,522,34,2026-04-22,3818.04,TRY,purchase
13536,572,21,2025-05-29,1160.21,TRY,transfer
13537,731,35,2025-10-05,4447.79,TRY,refund
13538,286,59,2025-11-06,3760.36,TRY,transfer
13539,364,86,2026-02-09,5452.55,TRY,transfer
13540,318,39,2025-12-03,581.02,TRY,refund
13541,182,16,2026-01-12,3255.01,TRY,transfer
13542,761,76,2025-04-06,1811.93,TRY,refund
13543,736,8,2026-05-07,468.23,TRY,purchase
13544,809,75,2025-03-29,1903.33,TRY,transfer
13545,133,57,2026-02-17,5504.65,TRY,transfer
13546,407,15,2025-05-16,1496.7,TRY,transfer
13547,361,42,2025-09-28,2581.09,TRY,transfer
13548,943,19,2025-12-10,5076.27,TRY,purchase
13549,857,27,2026-03-29,1226.09,TRY,purchase
13550,844,53,2026-04-25,3100.97,TRY,transfer
13551,223,8,2026-04-17,3940.23,TRY,purchase
13552,874,79,2025-08-07,1802.18,TRY,transfer
13553,405,21,2025-02-22,5006.66,TRY,refund
13554,992,28,2026-07-31,827.95,TRY,transfer
13555,90,98,2026-08-20,6663.93,TRY,transfer
13556,956,21,2026-06-14,6545.24,TRY,transfer
13557,843,11,2026-06-07,5887.1,TRY,purchase
13558,905,93,2025-11-25,111.82,TRY,purchase
13559,638,65,2025-11-07,3734.9,TRY,refund
13560,348,2,2026-01-07,276.91,TRY,transfer
13561,122,45,2025-04-07,4799.11,TRY,refund
13562,425,18,2026-04-17,6784.91,TRY,refund
13563,405,99,2026-02-21,1144.06,TRY,refund
13564,958,91,2026-02-07,6483.27,TRY,transfer
13565,474,92,2025-07-01,2182.13,TRY,transfer
13566,849,16,2025-11-09,1898.53,TRY,refund
13567,420,45,2025-03-27,4972.04,TRY,refund
13568,607,78,2026-04-09,2413.82,TRY,transfer
13569,36,9,2025-10-31,1831.95,TRY,transfer
13570,218,32,2026-07-12,1846.04,TRY,refund
13571,291,43,2025-01-04,643.03,TRY,transfer
13572,146,18,2025-03-17,6354.53,TRY,transfer
13573,819,67,2026-05-30,2092.51,TRY,purchase
13574,210,11,2025-05-12,6803.87,TRY,refund
13575,898,78,2025-09-08,410.28,TRY,transfer
13576,533,80,2025-08-28,186.13,TRY,transfer
13577,719,20,2025-07-09,1077.73,TRY,purchase
13578,169,92,2025-11-13,6141.26,TRY,refund
13579,437,53,2026-08-30,3081.9,TRY,transfer
13580,414,68,2025-07-26,4883.25,TRY,purchase
13581,566,22,2026-01-23,4958.28,TRY,refund
13582,297,8,2025-01-19,4670.31,TRY,transfer
13583,968,85,2026-05-08,3424.42,TRY,refund
13584,708,38,2026-08-18,4617.05,TRY,purchase
13585,375,86,2025-12-25,4146.75,TRY,transfer
13586,119,19,2025-04-03,1537.36,TRY,refund
13587,939,25,2025-02-23,844.79,TRY,refund
13588,228,33,2025-07-23,3032.93,TRY,refund
13589,399,55,2026-08-19,1574.12,TRY,purchase
13590,437,61,2025-12-03,6411.68,TRY,refund
13591,298,3,2025-08-04,4416.25,TRY,refund
13592,528,23,2025-07-07,854.26,TRY,transfer
13593,745,34,2025-12-05,6668.32,TRY,transfer
13594,506,24,2025-01-20,6230.38,TRY,refund
13595,384,41,2025-08-21,1155.82,TRY,refund
13596,830,95,2026-07-19,5881.95,TRY,refund
13597,325,1,2025-06-07,2724.81,TRY,transfer
13598,292,48,2025-01-15,2481.44,TRY,transfer
13599,836,27,2026-02-06,395.4,TRY,purchase
13600,153,72,2026-05-30,1987.85,TRY,transfer
13601,591,26,2026-08-17,1065.47,TRY,transfer
13602,847,69,2026-07-27,5121.33,TRY,transfer
13603,417,50,2026-06-02,4057.91,TRY,purchase
13604,101,4,2026-02-14,4434.35,TRY,refund
13605,964,99,2025-07-04,3721.04,TRY,refund
13606,978,40,2025-07-20,243.28,TRY,purchase
13607,677,28,2026-03-12,740.46,TRY,refund
13608,889,98,2025-04-08,3036.54,TRY,purchase
13609,669,57,2025-01-19,3234.31,TRY,purchase
13610,509,34,2025-05-23,6274.76,TRY,purchase
13611,896,85,2025-12-24,389.55,TRY,transfer
13612,636,38,2025-01-05,6208.02,TRY,refund
13613,584,79,2025-08-21,4222.67,TRY,refund
13614,486,94,2026-07-29,3597.94,TRY,purchase
13615,49,34,2026-06-05,2598.73,TRY,purchase
13616,961,45,2025-01-26,5193.29,TRY,refund
13617,175,38,2026-07-24,5304.69,TRY,transfer
13618,290,82,2025-02-15,2172.03,TRY,refund
13619,512,14,2025-09-24,64.31,TRY,transfer
13620,881,97,2026-06-15,3251.38,TRY,transfer
13621,778,45,2025-03-21,2276.42,TRY,refund
13622,625,76,2025-06-14,953.93,TRY,purchase
13623,958,83,2025-07-24,3203.61,TRY,transfer
13624,35,81,2025-03-06,2797.79,TRY,transfer
13625,289,87,2025-01-15,2170.91,TRY,refund
13626,868,52,2025-08-30,1623.71,TRY,transfer
13627,709,75,2025-11-14,3307.21,TRY,transfer
13628,611,13,2025-11-09,735.28,TRY,refund
13629,671,74,2025-07-10,5374.81,TRY,transfer
13630,310,18,2026-04-24,6158.31,TRY,refund
13631,503,59,2025-10-12,735.2,TRY,refund
13632,248,100,2026-04-01,1973.87,TRY,refund
13633,753,49,2026-03-28,3899.56,TRY,refund
13634,211,88,2026-03-30,727.28,TRY,refund
13635,243,51,2025-03-11,4578.34,TRY,transfer
13636,117,13,2026-02-19,5639.73,TRY,refund
13637,602,48,2025-05-22,2188.77,TRY,refund
13638,121,56,2026-06-19,3467.61,TRY,refund
13639,561,21,2025-11-19,2859.25,TRY,purchase
13640,280,94,2025-07-28,1229.55,TRY,purchase
13641,11,16,2025-03-25,208.95,TRY,transfer
13642,947,72,2026-06-20,1437.73,TRY,purchase
13643,804,35,2026-08-09,4675.29,TRY,purchase
13644,277,10,2025-02-24,612.17,TRY,transfer
13645,133,6,2025-03-25,4535.7,TRY,refund
13646,479,34,2026-07-28,670.84,TRY,refund
13647,704,61,2026-08-06,3064.62,TRY,transfer
13648,891,36,2025-05-13,1337.96,TRY,transfer
13649,58,24,2025-03-11,1226.23,TRY,refund
13650,823,89,2026-07-06,1095.71,TRY,refund
13651,768,2,2026-06-06,6780.0,TRY,transfer
13652,511,6,2026-08-22,1279.48,TRY,transfer
13653,660,47,2026-04-05,1899.19,TRY,purchase
13654,420,89,2025-10-23,1161.82,TRY,refund
13655,183,87,2025-11-14,4759.03,TRY,purchase
13656,971,23,2026-01-31,4379.17,TRY,purchase
13657,645,41,2025-10-27,2801.42,TRY,refund
13658,622,81,2025-05-15,6454.49,TRY,purchase
13659,496,100,2025-06-28,4010.55,TRY,purchase
13660,135,97,2025-08-30,4911.52,TRY,transfer
13661,955,67,2026-03-25,6834.94,TRY,transfer
13662,901,53,2025-09-04,1472.44,TRY,refund
13663,774,94,2025-10-11,2465.83,TRY,transfer
13664,451,47,2025-02-17,3851.59,TRY,transfer
13665,916,84,2025-01-21,4823.67,TRY,transfer
13666,737,42,2026-02-03,4909.17,TRY,transfer
13667,514,6,2025-05-22,3908.73,TRY,refund
13668,2,20,2026-04-07,3632.38,TRY,refund
13669,709,17,2026-01-23,3874.23,TRY,transfer
13670,930,36,2025-10-31,779.37,TRY,transfer
13671,903,38,2026-04-14,4204.28,TRY,refund
13672,294,59,2025-12-01,591.98,TRY,purchase
13673,918,63,2025-06-20,2817.57,TRY,transfer
13674,19,98,2026-03-18,167.03,TRY,transfer
13675,789,17,2025-09-13,4790.54,TRY,purchase
13676,12,88,2025-01-17,116.25,TRY,transfer
13677,177,77,2026-04-29,3763.61,TRY,refund
13678,654,62,2026-07-20,989.66,TRY,refund
13679,433,41,2025-11-18,1433.66,TRY,transfer
13680,151,20,2025-07-05,6669.09,TRY,purchase
13681,131,66,2026-07-15,742.39,TRY,transfer
13682,22,27,2025-11-24,5740.77,TRY,purchase
13683,793,23,2025-06-03,1608.96,TRY,refund
13684,148,29,2025-11-09,1828.13,TRY,refund
13685,74,99,2026-02-06,5950.62,TRY,transfer
13686,220,72,2026-06-22,6540.16,TRY,transfer
13687,84,33,2026-07-11,4097.07,TRY,transfer
13688,278,70,2025-06-20,6935.71,TRY,purchase
13689,220,88,2025-07-16,905.79,TRY,transfer
13690,962,94,2025-11-05,2986.31,TRY,refund
13691,123,78,2026-08-21,3978.17,TRY,purchase
13692,47,66,2025-04-07,5367.27,TRY,refund
13693,202,19,2025-04-24,1694.41,TRY,purchase
13694,457,97,2025-11-22,5015.45,TRY,transfer
13695,876,23,2025-03-24,5458.42,TRY,refund
13696,678,46,2025-11-06,1816.34,TRY,purchase
13697,159,62,2025-01-29,5006.64,TRY,refund
13698,529,79,2026-05-20,5618.93,TRY,refund
13699,170,23,2025-12-18,4300.94,TRY,refund
13700,206,5,2025-08-12,3451.5,TRY,transfer
13701,881,47,2025-02-23,3682.12,TRY,refund
13702,860,35,2025-08-16,1032.5,TRY,purchase
13703,770,7,2026-02-14,4618.03,TRY,transfer
13704,801,71,2025-09-10,33.74,TRY,refund
13705,500,32,2026-03-22,5231.72,TRY,refund
13706,495,98,2026-01-08,6681.01,TRY,refund
13707,596,67,2026-03-29,6335.6,TRY,purchase
13708,745,94,2025-11-21,3285.29,TRY,purchase
13709,232,30,2025-12-07,6970.82,TRY,transfer
13710,217,64,2026-08-27,6766.14,TRY,purchase
13711,253,69,2026-08-30,6403.38,TRY,refund
13712,801,87,2025-02-27,2299.12,TRY,transfer
13713,749,38,2026-04-15,2671.11,TRY,purchase
13714,975,79,2025-06-22,3254.07,TRY,transfer
13715,908,68,2025-05-03,1090.66,TRY,transfer
13716,924,6,2026-04-18,4247.09,TRY,refund
13717,159,36,2026-07-08,271.13,TRY,transfer
13718,817,79,2025-12-28,1124.74,TRY,refund
13719,673,18,2026-04-11,2307.51,TRY,purchase
13720,891,58,2025-09-09,6287.74,TRY,refund
13721,155,7,2025-03-22,3341.83,TRY,transfer
13722,710,3,2025-03-07,804.13,TRY,refund
13723,654,43,2025-12-07,4860.89,TRY,refund
13724,471,38,2026-05-07,1749.62,TRY,purchase
13725,45,54,2026-04-10,5014.0,TRY,refund
13726,267,89,2026-06-05,3954.31,TRY,purchase
13727,805,91,2026-05-18,6645.39,TRY,transfer
13728,409,63,2026-05-19,3645.18,TRY,transfer
13729,729,66,2025-02-23,1660.59,TRY,purchase
13730,294,97,2026-08-13,5944.23,TRY,purchase
13731,691,87,2025-01-02,6848.44,TRY,purchase
13732,574,28,2025-08-18,2132.45,TRY,transfer
13733,492,16,2025-11-24,4953.87,TRY,transfer
13734,19,26,2025-07-18,402.31,TRY,purchase
13735,522,2,2025-07-14,5265.49,TRY,refund
13736,211,14,2025-09-13,3098.34,TRY,purchase
13737,112,20,2026-08-08,2596.65,TRY,transfer
13738,30,100,2025-10-05,3864.8,TRY,transfer
13739,642,94,2026-07-13,776.13,TRY,transfer
13740,555,64,2026-01-09,3964.76,TRY,transfer
13741,474,30,2025-05-22,4865.53,TRY,transfer
13742,598,18,2026-05-08,3685.78,TRY,transfer
13743,605,19,2026-06-19,1662.3,TRY,transfer
13744,679,74,2026-07-07,2784.81,TRY,transfer
13745,97,81,2025-02-09,2948.46,TRY,purchase
13746,284,55,2026-04-17,3941.32,TRY,purchase
13747,930,6,2025-08-16,3809.04,TRY,refund
13748,593,9,2026-08-09,5286.83,TRY,transfer
13749,403,62,2025-02-10,3284.5,TRY,refund
13750,716,79,2026-07-05,5253.49,TRY,refund
13751,280,36,2026-08-24,468.52,TRY,transfer
13752,360,11,2025-02-13,758.42,TRY,refund
13753,685,22,2026-03-27,5451.84,TRY,purchase
13754,331,43,2026-04-16,1615.31,TRY,transfer
13755,105,65,2025-02-17,3687.49,TRY,purchase
13756,346,65,2025-11-05,1244.4,TRY,purchase
13757,17,17,2025-06-15,4491.75,TRY,refund
13758,950,24,2026-05-12,4845.25,TRY,refund
13759,163,15,2025-12-19,5901.3,TRY,purchase
13760,499,100,2025-05-31,1704.85,TRY,purchase
13761,718,35,2025-08-15,2024.55,TRY,transfer
13762,396,50,2025-08-28,3804.14,TRY,refund
13763,474,57,2026-01-10,5566.48,TRY,refund
13764,136,60,2026-03-28,3273.79,TRY,transfer
13765,586,66,2025-10-09,2863.6,TRY,refund
13766,194,90,2025-11-05,6669.45,TRY,transfer
13767,340,82,2026-03-27,2019.34,TRY,purchase
13768,629,49,2026-07-06,1641.22,TRY,transfer
13769,663,69,2026-03-24,5473.43,TRY,transfer
13770,517,63,2025-04-07,3001.15,TRY,refund
13771,775,52,2025-06-12,4307.45,TRY,transfer
13772,96,98,2026-05-25,3372.41,TRY,purchase
13773,399,99,2025-01-20,2292.95,TRY,transfer
13774,3,70,2025-03-07,616.03,TRY,purchase
13775,24,5,2026-05-09,5950.52,TRY,refund
13776,554,31,2025-04-30,6944.12,TRY,transfer
13777,852,21,2026-02-23,1439.46,TRY,transfer
13778,257,10,2026-08-24,3789.16,TRY,transfer
13779,763,7,2025-08-01,6382.65,TRY,purchase
13780,326,8,2026-06-12,637.43,TRY,purchase
13781,237,80,2025-06-03,1143.06,TRY,refund
13782,665,38,2026-01-14,1870.33,TRY,transfer
13783,359,93,2025-10-18,5385.69,TRY,refund
13784,970,21,2026-03-31,3640.49,TRY,refund
13785,727,77,2025-06-28,2045.36,TRY,refund
13786,837,87,2026-04-16,6456.87,TRY,purchase
13787,467,40,2025-01-25,2868.1,TRY,refund
13788,572,50,2026-04-06,3987.79,TRY,transfer
13789,764,34,2025-05-09,6073.78,TRY,transfer
13790,791,49,2025-05-04,1546.52,TRY,refund
13791,624,69,2025-06-19,1353.68,TRY,refund
13792,88,72,2025-05-15,2233.7,TRY,transfer
13793,620,27,2025-01-31,3821.34,TRY,transfer
13794,881,99,2026-05-21,3954.78,TRY,transfer
13795,72,23,2026-05-28,6879.69,TRY,purchase
13796,970,11,2025-06-15,6290.01,TRY,purchase
13797,324,92,2026-07-23,799.33,TRY,refund
13798,490,10,2025-02-04,1227.43,TRY,refund
13799,176,22,2025-11-29,5296.48,TRY,transfer
13800,105,78,2025-07-24,1360.13,TRY,refund
13801,134,99,2026-06-04,6059.33,TRY,refund
13802,236,63,2025-07-07,5586.86,TRY,purchase
13803,905,65,2025-09-18,215.88,TRY,purchase
13804,888,22,2025-12-30,6202.52,TRY,purchase
13805,60,6,2025-09-29,1734.07,TRY,purchase
13806,577,9,2026-07-08,1113.39,TRY,transfer
13807,121,20,2025-10-26,3380.68,TRY,transfer
13808,407,85,2026-03-05,3028.7,TRY,transfer
13809,478,66,2025-07-31,201.52,TRY,purchase
13810,502,22,2025-09-30,370.42,TRY,transfer
13811,222,61,2025-12-25,580.99,TRY,refund
13812,426,88,2026-07-02,6621.05,TRY,refund
13813,544,15,2025-11-07,5162.7,TRY,purchase
13814,731,77,2026-01-25,3472.77,TRY,transfer
13815,879,13,2026-07-24,2048.17,TRY,refund
13816,70,80,2025-06-07,39.99,TRY,transfer
13817,279,80,2026-03-13,2464.92,TRY,transfer
13818,345,12,2026-08-07,1851.36,TRY,refund
13819,959,52,2026-07-07,2044.41,TRY,transfer
13820,356,82,2026-08-19,5935.39,TRY,transfer
13821,259,7,2025-04-12,348.12,TRY,refund
13822,373,23,2026-07-16,3180.49,TRY,transfer
13823,633,61,2025-06-18,991.56,TRY,refund
13824,484,94,2025-11-25,350.25,TRY,purchase
13825,345,79,2025-09-12,6262.97,TRY,purchase
13826,678,21,2025-07-09,6712.21,TRY,purchase
13827,382,35,2025-10-20,4748.6,TRY,transfer
13828,829,47,2025-11-19,4383.87,TRY,purchase
13829,698,2,2026-04-09,4044.46,TRY,transfer
13830,136,43,2025-09-15,5475.65,TRY,refund
13831,990,57,2025-06-02,1679.28,TRY,refund
13832,453,86,2026-05-12,3650.73,TRY,transfer
13833,12,57,2025-11-24,6259.68,TRY,refund
13834,207,70,2025-01-05,2816.62,TRY,purchase
13835,415,97,2026-05-10,4358.21,TRY,refund
13836,14,78,2026-08-16,5855.62,TRY,purchase
13837,471,27,2026-04-23,5047.37,TRY,purchase
13838,633,93,2025-04-25,3506.74,TRY,refund
13839,546,2,2025-08-11,2811.75,TRY,refund
13840,650,86,2025-12-31,2139.87,TRY,purchase
13841,696,92,2025-07-06,4173.76,TRY,transfer
13842,371,49,2025-12-07,154.92,TRY,refund
13843,766,67,2025-10-15,3931.62,TRY,purchase
13844,655,35,2026-08-08,1273.63,TRY,purchase
13845,551,29,2025-12-02,4997.58,TRY,purchase
13846,727,18,2025-05-19,5865.09,TRY,purchase
13847,999,46,2025-03-07,592.42,TRY,refund
13848,792,39,2026-06-08,4450.5,TRY,purchase
13849,426,80,2025-09-06,6480.78,TRY,transfer
13850,48,45,2026-07-06,1787.24,TRY,purchase
13851,486,1,2025-09-27,1617.44,TRY,transfer
13852,715,14,2026-05-14,2634.57,TRY,purchase
13853,83,57,2025-06-14,2966.19,TRY,purchase
13854,902,5,2026-07-09,4719.92,TRY,refund
13855,335,51,2025-07-25,6471.52,TRY,purchase
13856,774,33,2026-04-03,4781.55,TRY,refund
13857,107,99,2025-07-03,2964.41,TRY,purchase
13858,541,69,2026-05-14,2533.93,TRY,refund
13859,518,41,2025-07-19,6216.23,TRY,transfer
13860,616,86,2026-05-04,6960.12,TRY,transfer
13861,860,11,2026-03-13,4985.08,TRY,transfer
13862,651,6,2026-02-19,2323.61,TRY,purchase
13863,589,71,2026-06-04,3884.74,TRY,refund
13864,660,39,2026-05-02,1375.1,TRY,purchase
13865,86,61,2026-04-09,6958.93,TRY,refund
13866,301,41,2026-04-18,2010.52,TRY,refund
13867,946,88,2026-04-19,182.97,TRY,purchase
13868,534,99,2025-12-17,5168.65,TRY,transfer
13869,739,65,2025-07-15,2198.19,TRY,refund
13870,883,54,2025-10-18,5274.46,TRY,transfer
13871,238,22,2026-04-23,4948.07,TRY,refund
13872,85,10,2025-11-26,2992.0,TRY,purchase
13873,485,59,2025-02-22,6396.65,TRY,transfer
13874,353,50,2025-06-15,2740.4,TRY,transfer
13875,579,69,2025-03-25,3788.03,TRY,refund
13876,129,58,2026-08-25,1063.33,TRY,purchase
13877,572,42,2025-09-18,2798.36,TRY,purchase
13878,433,93,2025-10-12,6527.4,TRY,refund
13879,41,52,2026-02-16,4449.43,TRY,transfer
13880,798,26,2025-06-14,1686.5,TRY,refund
13881,337,89,2026-07-06,1489.95,TRY,transfer
13882,207,93,2025-08-19,1602.62,TRY,purchase
13883,270,75,2025-09-12,4563.01,TRY,refund
13884,872,37,2026-06-08,2286.37,TRY,transfer
13885,703,22,2026-05-29,5612.09,TRY,transfer
13886,179,96,2025-01-09,6586.96,TRY,refund
13887,440,56,2025-11-26,1469.34,TRY,refund
13888,626,58,2025-03-31,264.05,TRY,purchase
13889,22,20,2026-07-04,6530.8,TRY,purchase
13890,41,3,2025-07-30,6273.26,TRY,transfer
13891,429,52,2026-02-24,5946.58,TRY,refund
13892,575,2,2026-06-05,5028.35,TRY,refund
13893,816,33,2025-11-12,4864.64,TRY,transfer
13894,595,9,2026-02-05,6810.69,TRY,purchase
13895,977,64,2026-05-13,5451.55,TRY,refund
13896,4,19,2025-10-30,6538.11,TRY,purchase
13897,363,8,2025-03-29,1095.83,TRY,transfer
13898,120,47,2025-07-26,2591.61,TRY,refund
13899,336,75,2025-06-10,6833.92,TRY,purchase
13900,982,76,2026-04-21,6052.85,TRY,transfer
13901,404,15,2026-01-20,1187.2,TRY,purchase
13902,621,97,2025-07-14,1503.96,TRY,purchase
13903,113,86,2025-02-19,5351.62,TRY,refund
13904,904,88,2025-02-15,826.72,TRY,refund
13905,773,38,2025-11-12,2785.78,TRY,transfer
13906,227,38,2026-07-27,6372.99,TRY,refund
13907,589,15,2026-05-15,5208.69,TRY,purchase
13908,467,71,2025-07-27,684.23,TRY,purchase
13909,984,27,2025-08-16,824.76,TRY,refund
13910,875,88,2025-08-20,1923.52,TRY,refund
13911,387,23,2025-04-16,5862.44,TRY,refund
13912,74,82,2025-01-31,5881.14,TRY,transfer
13913,227,58,2025-12-23,750.02,TRY,purchase
13914,389,36,2026-07-29,5135.13,TRY,refund
13915,712,50,2026-06-25,4803.4,TRY,transfer
13916,192,25,2026-04-10,4724.3,TRY,purchase
13917,977,83,2025-05-14,3127.86,TRY,refund
13918,33,21,2026-06-23,2043.3,TRY,transfer
13919,962,100,2026-02-28,1523.82,TRY,refund
13920,376,46,2025-01-18,494.82,TRY,purchase
13921,674,77,2026-08-04,5666.9,TRY,refund
13922,947,87,2026-08-30,5009.92,TRY,refund
13923,133,42,2025-07-15,6197.73,TRY,refund
13924,591,47,2025-08-31,6607.44,TRY,purchase
13925,793,74,2026-02-01,2566.28,TRY,transfer
13926,748,63,2025-03-01,2370.42,TRY,transfer
13927,881,38,2025-09-20,2538.58,TRY,transfer
13928,602,73,2025-04-13,1833.34,TRY,purchase
13929,790,10,2025-01-05,975.04,TRY,transfer
13930,780,27,2026-06-01,3826.04,TRY,refund
13931,2,81,2026-04-08,528.36,TRY,transfer
13932,651,55,2025-01-23,5936.65,TRY,purchase
13933,69,19,2025-04-12,5635.35,TRY,purchase
13934,35,37,2026-02-22,3798.5,TRY,transfer
13935,483,46,2025-05-28,584.41,TRY,purchase
13936,539,37,2026-07-19,3032.65,TRY,refund
13937,180,45,2025-12-06,4959.11,TRY,transfer
13938,530,50,2025-05-26,1296.04,TRY,transfer
13939,57,96,2025-11-26,5651.57,TRY,refund
13940,826,13,2026-04-17,637.79,TRY,refund
13941,987,49,2026-05-25,1519.38,TRY,transfer
13942,148,80,2025-08-10,4891.98,TRY,transfer
13943,422,97,2026-08-11,5851.39,TRY,refund
13944,10,49,2025-09-15,4763.15,TRY,transfer
13945,505,19,2025-09-04,2354.24,TRY,transfer
13946,987,100,2025-07-12,6629.98,TRY,transfer
13947,928,74,2025-12-08,596.7,TRY,refund
13948,651,18,2025-02-25,2143.08,TRY,refund
13949,24,6,2025-11-10,3656.99,TRY,transfer
13950,8,88,2026-04-03,2747.34,TRY,refund
13951,897,32,2025-06-24,2546.37,TRY,purchase
13952,560,21,2026-04-17,5901.29,TRY,refund
13953,222,72,2025-08-28,1108.78,TRY,refund
13954,781,21,2025-05-11,2374.36,TRY,refund
13955,893,27,2025-11-08,3715.87,TRY,refund
13956,242,96,2025-05-21,6269.75,TRY,purchase
13957,878,1,2025-03-15,1835.29,TRY,refund
13958,263,55,2026-05-10,2557.02,TRY,purchase
13959,255,68,2025-02-27,5561.78,TRY,refund
13960,758,38,2025-03-29,3799.22,TRY,transfer
13961,170,8,2025-08-06,4102.05,TRY,purchase
13962,866,6,2025-05-04,4851.15,TRY,purchase
13963,283,97,2025-10-04,1530.33,TRY,purchase
13964,373,98,2025-02-14,4095.7,TRY,purchase
13965,838,75,2026-08-25,6266.98,TRY,purchase
13966,840,33,2025-02-12,4651.99,TRY,refund
13967,714,3,2025-02-26,5108.85,TRY,refund
13968,899,52,2026-05-31,2056.27,TRY,transfer
13969,402,48,2025-12-02,3659.5,TRY,refund
13970,160,21,2025-12-26,1311.73,TRY,refund
13971,451,50,2026-06-20,2474.64,TRY,refund
13972,376,89,2026-03-22,5893.4,TRY,refund
13973,320,19,2026-08-19,1244.34,TRY,refund
13974,350,3,2025-03-30,4228.96,TRY,purchase
13975,824,47,2025-05-14,4961.75,TRY,refund
13976,320,79,2025-10-14,980.57,TRY,purchase
13977,782,23,2025-04-03,2982.08,TRY,purchase
13978,628,46,2025-06-28,1352.47,TRY,purchase
13979,999,36,2026-07-15,3161.54,TRY,transfer
13980,295,24,2025-01-23,5123.56,TRY,transfer
13981,228,86,2025-11-22,3206.66,TRY,refund
13982,461,80,2025-08-14,859.04,TRY,refund
13983,52,38,2026-08-27,1732.78,TRY,refund
13984,729,28,2026-01-20,1042.92,TRY,purchase
13985,70,63,2025-12-13,4482.36,TRY,purchase
13986,224,94,2026-04-24,1416.71,TRY,refund
13987,935,62,2026-04-25,4558.25,TRY,purchase
13988,64,100,2026-03-21,2255.56,TRY,transfer
13989,365,66,2025-05-27,3189.19,TRY,refund
13990,365,39,2026-02-02,5997.94,TRY,transfer
13991,601,9,2025-12-20,4737.51,TRY,transfer
13992,584,63,2025-08-13,4454.85,TRY,transfer
13993,251,92,2026-05-19,5277.35,TRY,refund
13994,541,14,2025-10-02,4691.98,TRY,transfer
13995,711,83,2025-11-16,4470.08,TRY,purchase
13996,968,73,2026-06-21,5982.52,TRY,purchase
13997,419,69,2026-04-24,2880.42,TRY,transfer
13998,22,59,2025-11-17,184.61,TRY,refund
13999,81,13,2025-12-22,6634.75,TRY,refund
14000,373,13,2025-02-14,3466.23,TRY,refund
14001,826,77,2026-07-13,875.91,TRY,transfer
14002,412,97,2026-01-26,6201.28,TRY,purchase
14003,382,72,2026-06-25,4265.06,TRY,purchase
14004,500,10,2026-05-30,3079.89,TRY,purchase
14005,607,59,2025-01-09,5769.09,TRY,transfer
14006,191,54,2026-06-04,1512.34,TRY,purchase
14007,365,98,2026-02-20,1197.38,TRY,refund
14008,191,8,2026-02-04,358.98,TRY,transfer
14009,898,9,2025-04-09,2838.39,TRY,refund
14010,428,79,2025-01-11,2416.21,TRY,purchase
14011,342,98,2025-06-05,5983.5,TRY,transfer
14012,807,17,2025-03-10,4240.36,TRY,refund
14013,728,58,2025-03-27,4082.16,TRY,purchase
14014,710,17,2025-09-11,1228.33,TRY,transfer
14015,108,5,2026-05-01,5476.11,TRY,purchase
14016,349,58,2026-01-10,4371.7,TRY,purchase
14017,124,24,2025-09-03,5685.89,TRY,purchase
14018,882,39,2026-06-05,4299.89,TRY,transfer
14019,63,42,2026-02-24,4995.53,TRY,purchase
14020,994,11,2026-03-30,980.97,TRY,purchase
14021,755,8,2025-10-14,5886.22,TRY,refund
14022,215,99,2025-03-10,5537.36,TRY,transfer
14023,709,50,2026-04-11,6103.4,TRY,transfer
14024,69,73,2026-07-05,3474.65,TRY,purchase
14025,359,3,2025-11-24,2120.35,TRY,refund
14026,371,80,2025-07-14,782.55,TRY,purchase
14027,228,13,2025-06-02,2525.9,TRY,refund
14028,4,74,2026-08-18,3507.41,TRY,refund
14029,843,14,2025-08-30,2517.99,TRY,purchase
14030,955,44,2025-10-12,4853.54,TRY,refund
14031,920,53,2025-09-18,5263.46,TRY,refund
14032,113,84,2026-07-24,5856.07,TRY,refund
14033,709,17,2026-08-25,1904.73,TRY,refund
14034,562,89,2025-04-24,1342.38,TRY,refund
14035,899,43,2025-08-28,5280.74,TRY,refund
14036,567,84,2025-01-09,5455.34,TRY,purchase
14037,800,3,2026-03-28,5356.21,TRY,refund
14038,747,45,2026-06-15,1953.59,TRY,transfer
14039,309,7,2025-07-01,942.48,TRY,refund
14040,738,62,2026-01-23,4807.77,TRY,purchase
14041,99,71,2025-02-25,2976.43,TRY,refund
14042,896,63,2025-05-10,2363.53,TRY,refund
14043,605,25,2025-10-18,1795.96,TRY,refund
14044,360,16,2026-08-26,286.91,TRY,refund
14045,501,39,2025-05-28,476.06,TRY,purchase
14046,872,98,2026-07-25,1362.03,TRY,refund
14047,214,93,2025-10-11,2080.86,TRY,transfer
14048,502,14,2025-01-20,4786.59,TRY,transfer
14049,263,22,2025-12-06,3121.65,TRY,transfer
14050,355,35,2025-07-09,5682.57,TRY,refund
14051,245,44,2025-08-04,4824.63,TRY,transfer
14052,874,59,2025-05-09,6843.89,TRY,transfer
14053,430,67,2026-06-06,5877.76,TRY,transfer
14054,666,96,2025-07-18,1177.76,TRY,refund
14055,870,100,2025-08-15,2369.79,TRY,purchase
14056,981,24,2026-04-04,6540.08,TRY,refund
14057,667,51,2026-08-17,71.16,TRY,purchase
14058,531,33,2026-05-19,6122.87,TRY,purchase
14059,951,62,2025-01-10,2389.71,TRY,refund
14060,901,88,2026-05-18,5103.38,TRY,purchase
14061,167,24,2025-03-26,5948.0,TRY,transfer
14062,684,21,2025-02-16,254.17,TRY,refund
14063,13,82,2025-06-03,1519.28,TRY,refund
14064,137,7,2025-07-12,1598.13,TRY,transfer
14065,491,82,2025-08-04,3880.08,TRY,refund
14066,942,99,2025-08-04,2525.21,TRY,purchase
14067,813,7,2025-05-09,696.9,TRY,transfer
14068,746,53,2025-09-03,3810.41,TRY,refund
14069,387,54,2026-08-03,1973.16,TRY,purchase
14070,417,44,2026-06-04,2639.28,TRY,transfer
14071,943,39,2025-03-14,4248.18,TRY,refund
14072,556,89,2025-11-25,5967.06,TRY,purchase
14073,860,29,2025-11-14,2070.42,TRY,refund
14074,744,42,2025-09-11,4879.89,TRY,transfer
14075,400,64,2026-05-25,1345.43,TRY,refund
14076,596,40,2025-06-09,3800.54,TRY,purchase
14077,516,83,2026-07-11,3686.91,TRY,refund
14078,112,51,2026-03-05,2812.38,TRY,purchase
14079,834,39,2025-07-09,5554.78,TRY,purchase
14080,618,11,2025-04-10,2387.4,TRY,transfer
14081,116,49,2026-06-07,1222.2,TRY,transfer
14082,813,60,2026-04-13,59.73,TRY,refund
14083,694,34,2026-08-11,814.44,TRY,transfer
14084,955,87,2025-09-24,6189.23,TRY,refund
14085,381,83,2025-10-04,6912.45,TRY,refund
14086,362,13,2025-07-05,6499.01,TRY,refund
14087,495,88,2025-10-08,6833.29,TRY,purchase
14088,470,46,2025-08-20,2452.02,TRY,purchase
14089,526,32,2025-09-24,6553.48,TRY,refund
14090,169,73,2025-08-10,1562.78,TRY,transfer
14091,616,42,2026-03-09,5923.73,TRY,purchase
14092,343,89,2026-06-29,1091.62,TRY,transfer
14093,976,28,2025-02-23,4165.59,TRY,refund
14094,499,52,2025-02-07,2408.16,TRY,refund
14095,459,53,2026-01-08,4696.58,TRY,refund
14096,86,22,2025-10-07,3960.65,TRY,transfer
14097,700,28,2025-08-24,5420.46,TRY,refund
14098,265,13,2025-11-16,2685.6,TRY,transfer
14099,864,50,2026-08-19,5129.23,TRY,purchase
14100,522,76,2025-06-03,2613.95,TRY,purchase
14101,869,79,2025-04-14,5655.92,TRY,transfer
14102,610,29,2026-04-30,6690.72,TRY,refund
14103,655,84,2025-06-13,4299.61,TRY,transfer
14104,957,29,2025-03-28,5328.6,TRY,purchase
14105,719,51,2026-06-12,2964.23,TRY,transfer
14106,271,34,2026-04-04,3678.72,TRY,refund
14107,854,68,2026-04-07,1411.87,TRY,purchase
14108,469,9,2026-06-29,624.89,TRY,purchase
14109,414,79,2025-09-17,1772.1,TRY,purchase
14110,680,71,2025-05-27,2769.35,TRY,transfer
14111,511,86,2025-03-26,3540.35,TRY,refund
14112,703,8,2025-04-27,2412.98,TRY,transfer
14113,586,72,2026-04-19,1891.57,TRY,purchase
14114,360,97,2025-10-06,559.17,TRY,purchase
14115,597,98,2026-08-23,4089.8,TRY,transfer
14116,909,90,2026-07-02,4437.51,TRY,transfer
14117,808,16,2025-05-06,6407.67,TRY,refund
14118,173,50,2025-03-23,2194.3,TRY,purchase
14119,916,57,2025-11-14,218.58,TRY,refund
14120,84,22,2025-06-20,3676.5,TRY,refund
14121,873,65,2026-08-03,4511.81,TRY,purchase
14122,666,59,2025-01-31,3925.93,TRY,purchase
14123,762,31,2025-12-20,3181.17,TRY,refund
14124,230,12,2026-07-24,3974.31,TRY,purchase
14125,38,4,2025-11-15,4528.96,TRY,transfer
14126,952,23,2025-09-19,2826.09,TRY,purchase
14127,911,20,2026-07-10,4394.31,TRY,refund
14128,684,84,2026-08-07,4032.95,TRY,transfer
14129,469,23,2026-02-14,5427.18,TRY,purchase
14130,103,84,2025-12-09,387.06,TRY,purchase
14131,9,71,2026-03-22,3073.43,TRY,purchase
14132,275,87,2025-05-13,5166.49,TRY,refund
14133,846,88,2026-04-05,4199.42,TRY,purchase
14134,330,36,2025-02-17,5814.97,TRY,refund
14135,278,20,2026-06-25,1128.06,TRY,refund
14136,583,65,2025-10-14,5662.27,TRY,transfer
14137,933,63,2026-02-12,6637.02,TRY,transfer
14138,81,69,2026-03-05,1992.4,TRY,transfer
14139,711,37,2025-03-19,6935.05,TRY,purchase
14140,153,31,2025-10-16,3995.01,TRY,purchase
14141,359,78,2025-07-29,5305.29,TRY,purchase
14142,723,51,2025-05-30,3257.68,TRY,purchase
14143,343,18,2026-02-05,1907.13,TRY,purchase
14144,391,12,2025-04-24,1735.56,TRY,transfer
14145,815,69,2026-05-01,423.29,TRY,refund
14146,481,14,2026-03-19,1148.66,TRY,transfer
14147,520,36,2026-05-25,5135.02,TRY,refund
14148,516,64,2025-02-15,5174.43,TRY,purchase
14149,583,56,2025-09-19,2894.78,TRY,refund
14150,385,74,2025-10-14,3610.93,TRY,transfer
14151,892,81,2025-12-27,2846.39,TRY,purchase
14152,126,56,2026-03-09,3531.38,TRY,transfer
14153,941,98,2026-02-28,3192.55,TRY,refund
14154,540,78,2025-12-07,1631.1,TRY,purchase
14155,315,80,2026-04-07,5368.2,TRY,purchase
14156,628,27,2025-02-12,1604.15,TRY,refund
14157,955,10,2026-08-08,3950.75,TRY,purchase
14158,388,94,2025-01-23,1750.33,TRY,transfer
14159,948,89,2026-02-11,6890.66,TRY,transfer
14160,381,93,2026-03-25,6155.19,TRY,refund
14161,136,95,2025-07-13,6057.84,TRY,transfer
14162,205,58,2026-06-22,79.68,TRY,purchase
14163,463,11,2026-04-24,527.99,TRY,refund
14164,330,69,2026-07-12,168.98,TRY,refund
14165,979,52,2025-04-30,4838.09,TRY,purchase
14166,258,53,2025-12-12,2131.3,TRY,refund
14167,326,56,2026-02-04,1563.16,TRY,refund
14168,768,97,2025-08-03,2747.41,TRY,transfer
14169,566,86,2025-04-27,1477.8,TRY,transfer
14170,147,85,2025-05-24,6194.11,TRY,purchase
14171,882,8,2025-10-18,6777.12,TRY,purchase
14172,100,8,2025-08-25,3454.76,TRY,transfer
14173,996,74,2026-07-17,5709.17,TRY,purchase
14174,310,83,2026-07-05,3132.91,TRY,transfer
14175,755,28,2026-05-26,5066.8,TRY,purchase
14176,179,30,2025-07-25,2359.37,TRY,refund
14177,854,90,2026-08-06,5686.73,TRY,transfer
14178,223,95,2026-05-22,4416.02,TRY,transfer
14179,755,45,2025-01-08,584.03,TRY,transfer
14180,133,76,2025-05-13,4341.24,TRY,purchase
14181,70,30,2025-08-03,3118.7,TRY,transfer
14182,293,42,2026-05-01,6178.72,TRY,transfer
14183,8,85,2026-07-20,6224.61,TRY,purchase
14184,947,93,2026-04-29,4947.2,TRY,transfer
14185,654,11,2025-03-24,6874.14,TRY,transfer
14186,160,69,2025-05-18,1390.18,TRY,refund
14187,594,55,2025-11-16,4369.99,TRY,transfer
14188,861,19,2026-03-20,3935.54,TRY,purchase
14189,245,71,2025-01-15,4820.2,TRY,transfer
14190,702,28,2025-09-13,3943.34,TRY,purchase
14191,940,56,2026-04-12,5235.34,TRY,purchase
14192,967,90,2026-02-19,509.7,TRY,transfer
14193,965,8,2025-10-18,3502.64,TRY,refund
14194,79,78,2025-10-23,6198.82,TRY,refund
14195,90,86,2025-11-24,3760.84,TRY,transfer
14196,114,83,2025-03-18,101.57,TRY,transfer
14197,979,79,2025-10-23,4637.01,TRY,purchase
14198,818,75,2025-07-08,1165.64,TRY,purchase
14199,66,96,2026-05-18,5208.0,TRY,transfer
14200,730,44,2026-06-20,6929.92,TRY,purchase
14201,660,84,2025-05-31,312.5,TRY,purchase
14202,697,72,2026-06-15,4825.22,TRY,purchase
14203,493,21,2025-08-24,1052.47,TRY,purchase
14204,670,87,2026-05-25,2113.99,TRY,transfer
14205,451,67,2025-08-31,5610.39,TRY,purchase
14206,640,98,2025-11-13,1886.89,TRY,purchase
14207,522,69,2025-07-28,2163.15,TRY,refund
14208,257,20,2025-12-14,1752.11,TRY,refund
14209,142,35,2025-11-04,662.92,TRY,refund
14210,514,43,2026-07-17,1855.21,TRY,transfer
14211,512,6,2025-06-09,1521.71,TRY,purchase
14212,520,86,2025-07-14,589.52,TRY,transfer
14213,68,48,2026-03-26,6391.15,TRY,transfer
14214,887,12,2025-01-11,2059.26,TRY,purchase
14215,757,76,2026-04-01,5389.47,TRY,transfer
14216,830,23,2025-09-03,6786.26,TRY,purchase
14217,29,86,2025-06-06,6881.96,TRY,refund
14218,148,45,2025-02-17,2267.74,TRY,transfer
14219,400,27,2025-04-19,410.81,TRY,refund
14220,781,21,2026-03-10,5880.07,TRY,refund
14221,289,9,2026-07-16,3290.46,TRY,refund
14222,807,56,2026-07-07,4284.65,TRY,purchase
14223,707,61,2026-03-14,4443.53,TRY,refund
14224,719,24,2026-07-31,6700.59,TRY,purchase
14225,742,3,2025-11-05,1207.59,TRY,transfer
14226,505,47,2026-07-14,4406.2,TRY,purchase
14227,972,12,2025-11-13,462.28,TRY,transfer
14228,30,68,2025-06-03,2421.72,TRY,transfer
14229,651,23,2025-08-05,350.4,TRY,refund
14230,100,15,2026-05-06,2906.72,TRY,purchase
14231,866,42,2025-05-02,2253.49,TRY,purchase
14232,914,65,2026-06-11,202.5,TRY,purchase
14233,318,78,2026-03-03,6592.64,TRY,refund
14234,281,54,2026-08-01,187.93,TRY,purchase
14235,519,39,2026-08-24,5189.02,TRY,transfer
14236,90,61,2025-01-15,6402.29,TRY,purchase
14237,827,7,2025-10-17,3365.99,TRY,purchase
14238,912,68,2026-03-27,3921.16,TRY,refund
14239,340,17,2026-01-31,1585.97,TRY,purchase
14240,893,96,2026-06-19,6111.16,TRY,refund
14241,119,30,2025-08-25,4757.51,TRY,refund
14242,566,84,2025-02-25,6034.66,TRY,transfer
14243,945,10,2025-03-03,1526.32,TRY,transfer
14244,489,2,2025-01-29,1010.85,TRY,purchase
14245,326,70,2025-05-23,1404.18,TRY,purchase
14246,448,23,2026-04-25,2185.26,TRY,purchase
14247,760,48,2026-04-30,6283.68,TRY,transfer
14248,962,68,2025-07-26,1188.11,TRY,refund
14249,874,5,2025-09-28,688.23,TRY,purchase
14250,320,29,2025-12-16,5877.79,TRY,purchase
14251,829,92,2025-11-08,4102.6,TRY,purchase
14252,733,97,2026-05-31,4014.81,TRY,refund
14253,845,45,2025-11-19,3179.22,TRY,refund
14254,667,54,2025-10-30,5069.33,TRY,purchase
14255,237,8,2025-10-06,5720.21,TRY,purchase
14256,923,6,2025-12-14,3841.72,TRY,purchase
14257,513,16,2026-01-04,4645.24,TRY,refund
14258,242,44,2025-01-04,5985.33,TRY,refund
14259,129,78,2025-06-05,2537.5,TRY,transfer
14260,680,5,2025-10-10,4293.53,TRY,transfer
14261,671,99,2025-09-15,5419.9,TRY,refund
14262,958,26,2025-09-01,1511.92,TRY,purchase
14263,834,79,2025-07-29,4886.34,TRY,refund
14264,759,46,2025-12-11,2832.79,TRY,transfer
14265,350,85,2025-03-02,5991.69,TRY,purchase
14266,10,82,2026-06-29,145.91,TRY,purchase
14267,558,91,2025-11-01,5293.1,TRY,transfer
14268,692,74,2025-06-06,3160.38,TRY,refund
14269,67,28,2025-07-08,6690.1,TRY,transfer
14270,287,51,2025-11-30,550.59,TRY,purchase
14271,700,48,2026-09-01,713.89,TRY,refund
14272,117,81,2025-06-21,331.21,TRY,transfer
14273,272,6,2026-04-10,4135.47,TRY,transfer
14274,952,29,2025-10-09,147.21,TRY,refund
14275,842,57,2025-03-19,5614.98,TRY,transfer
14276,432,81,2025-03-03,717.97,TRY,purchase
14277,576,93,2025-08-14,5432.51,TRY,refund
14278,825,31,2025-11-13,5829.91,TRY,transfer
14279,579,56,2025-07-27,1242.21,TRY,refund
14280,369,29,2025-09-04,5951.51,TRY,refund
14281,885,42,2025-07-26,730.08,TRY,refund
14282,135,70,2026-01-20,718.35,TRY,purchase
14283,958,85,2025-06-12,1802.51,TRY,purchase
14284,920,83,2025-02-18,249.69,TRY,refund
14285,588,26,2026-05-21,5877.32,TRY,refund
14286,878,70,2025-03-27,3740.63,TRY,refund
14287,40,82,2025-02-16,1311.59,TRY,transfer
14288,485,96,2025-10-01,109.22,TRY,transfer
14289,544,76,2026-05-18,2616.39,TRY,transfer
14290,500,91,2026-06-14,5063.1,TRY,purchase
14291,938,30,2025-12-21,585.87,TRY,transfer
14292,960,87,2025-02-08,4958.86,TRY,purchase
14293,824,56,2025-11-15,1285.1,TRY,transfer
14294,309,75,2025-05-23,6104.11,TRY,transfer
14295,523,39,2025-03-16,2725.84,TRY,purchase
14296,963,91,2025-10-13,6129.79,TRY,refund
14297,480,84,2026-08-29,6511.18,TRY,refund
14298,659,80,2026-03-03,4292.63,TRY,transfer
14299,872,26,2025-06-04,59.96,TRY,refund
14300,849,11,2026-01-11,5190.8,TRY,refund
14301,6,33,2025-12-30,6074.9,TRY,purchase
14302,755,95,2025-08-25,97.53,TRY,purchase
14303,257,80,2025-10-06,3895.68,TRY,refund
14304,926,73,2026-07-30,6426.18,TRY,purchase
14305,708,50,2026-06-13,3303.72,TRY,refund
14306,226,31,2026-05-20,6347.56,TRY,purchase
14307,115,34,2025-01-12,1016.6,TRY,purchase
14308,233,3,2025-02-21,3823.85,TRY,transfer
14309,816,1,2025-08-16,4258.42,TRY,purchase
14310,119,83,2025-11-03,106.99,TRY,refund
14311,383,74,2026-04-25,3772.35,TRY,refund
14312,173,10,2026-03-03,6345.84,TRY,refund
14313,519,40,2025-10-22,1655.26,TRY,purchase
14314,342,28,2025-11-05,6487.45,TRY,transfer
14315,926,62,2025-12-11,6249.55,TRY,purchase
14316,812,66,2025-06-01,6270.14,TRY,transfer
14317,149,68,2026-07-01,3917.06,TRY,refund
14318,83,30,2026-04-14,4577.54,TRY,transfer
14319,906,42,2026-06-12,3756.96,TRY,purchase
14320,503,29,2025-05-27,6368.4,TRY,purchase
14321,315,49,2025-08-17,2453.87,TRY,refund
14322,146,69,2025-11-09,3054.85,TRY,transfer
14323,837,54,2025-08-08,5331.18,TRY,transfer
14324,732,100,2026-07-11,3118.46,TRY,purchase
14325,215,22,2025-07-24,3686.41,TRY,purchase
14326,771,17,2026-05-09,442.62,TRY,transfer
14327,268,31,2025-05-24,3348.86,TRY,transfer
14328,300,4,2025-06-13,2670.68,TRY,refund
14329,563,42,2025-07-04,1850.9,TRY,transfer
14330,950,7,2025-06-19,1664.69,TRY,transfer
14331,254,16,2025-01-30,3563.94,TRY,transfer
14332,363,83,2025-10-14,5051.02,TRY,transfer
14333,25,42,2025-04-06,1787.04,TRY,transfer
14334,529,67,2025-06-30,3326.72,TRY,refund
14335,652,100,2025-09-30,6326.66,TRY,purchase
14336,601,74,2025-09-23,4603.63,TRY,refund
14337,94,69,2025-03-09,5059.48,TRY,purchase
14338,304,98,2025-02-09,2856.94,TRY,purchase
14339,740,37,2026-02-23,682.65,TRY,purchase
14340,360,34,2026-03-25,1340.16,TRY,transfer
14341,254,61,2025-03-02,1198.04,TRY,refund
14342,330,45,2026-02-05,1353.07,TRY,transfer
14343,563,16,2025-09-29,819.75,TRY,transfer
14344,362,60,2026-04-11,4655.79,TRY,transfer
14345,58,96,2026-04-06,6408.38,TRY,transfer
14346,139,19,2025-07-13,4340.81,TRY,refund
14347,425,47,2025-05-20,3736.5,TRY,refund
14348,720,14,2025-09-23,762.22,TRY,purchase
14349,525,97,2025-07-04,5377.29,TRY,refund
14350,285,41,2026-04-09,1940.57,TRY,refund
14351,358,75,2025-06-03,6970.34,TRY,purchase
14352,500,55,2025-07-14,6882.2,TRY,refund
14353,852,89,2025-08-25,2920.02,TRY,purchase
14354,383,97,2025-08-25,3478.27,TRY,purchase
14355,101,38,2026-02-08,1722.88,TRY,refund
14356,62,84,2025-03-01,4262.16,TRY,refund
14357,544,27,2025-01-22,1816.11,TRY,transfer
14358,946,51,2025-08-11,1061.45,TRY,purchase
14359,51,23,2026-02-18,2525.64,TRY,refund
14360,966,64,2025-10-16,3349.88,TRY,transfer
14361,299,78,2025-07-24,2782.75,TRY,refund
14362,234,42,2025-05-28,713.61,TRY,purchase
14363,533,32,2025-11-02,342.33,TRY,transfer
14364,607,59,2025-10-14,5467.97,TRY,transfer
14365,217,98,2026-08-23,1440.64,TRY,transfer
14366,708,89,2026-02-05,1971.82,TRY,transfer
14367,960,26,2026-01-08,1548.52,TRY,transfer
14368,829,44,2026-02-03,1163.51,TRY,purchase
14369,760,42,2025-10-26,1063.89,TRY,refund
14370,137,53,2026-04-11,5919.68,TRY,transfer
14371,552,78,2025-06-11,6510.01,TRY,transfer
14372,490,8,2025-04-02,1475.5,TRY,purchase
14373,598,12,2026-02-27,2724.24,TRY,purchase
14374,191,19,2025-05-04,4919.45,TRY,transfer
14375,469,84,2026-04-04,6916.19,TRY,transfer
14376,284,9,2025-11-02,1872.08,TRY,refund
14377,755,23,2025-01-25,5380.91,TRY,refund
14378,231,29,2026-03-30,5124.82,TRY,refund
14379,603,59,2025-04-14,4877.95,TRY,purchase
14380,472,52,2025-06-03,5548.92,TRY,refund
14381,251,74,2026-02-24,4616.43,TRY,purchase
14382,772,52,2025-08-15,289.38,TRY,refund
14383,604,68,2025-06-27,1470.41,TRY,purchase
14384,655,99,2026-07-23,4080.93,TRY,purchase
14385,486,65,2026-05-18,5288.36,TRY,transfer
14386,643,47,2026-03-05,1562.59,TRY,purchase
14387,77,14,2026-05-31,6647.05,TRY,transfer
14388,920,97,2025-04-16,5197.79,TRY,purchase
14389,393,83,2026-08-11,3691.13,TRY,refund
14390,226,43,2025-04-30,6502.15,TRY,refund
14391,866,88,2026-04-19,1501.15,TRY,refund
14392,800,53,2026-06-20,2415.39,TRY,purchase
14393,38,80,2025-10-29,3149.48,TRY,transfer
14394,268,59,2026-08-30,1162.59,TRY,purchase
14395,874,83,2026-02-13,5434.04,TRY,transfer
14396,102,50,2026-02-26,6053.44,TRY,transfer
14397,720,79,2025-02-11,3821.48,TRY,transfer
14398,909,17,2026-08-07,2767.91,TRY,refund
14399,238,83,2026-03-14,5131.87,TRY,refund
14400,464,55,2025-08-25,4372.09,TRY,refund
14401,236,48,2025-05-12,3336.28,TRY,refund
14402,12,3,2026-04-09,2541.49,TRY,purchase
14403,263,2,2026-07-27,1944.39,TRY,transfer
14404,201,66,2025-08-25,5470.18,TRY,transfer
14405,53,13,2025-03-09,3226.9,TRY,purchase
14406,813,70,2025-05-15,51.2,TRY,transfer
14407,481,77,2025-01-13,6897.38,TRY,refund
14408,873,83,2026-08-18,4603.63,TRY,transfer
14409,744,69,2026-02-16,882.89,TRY,transfer
14410,179,48,2026-03-01,4949.37,TRY,refund
14411,437,34,2025-02-11,6215.09,TRY,transfer
14412,657,1,2025-05-15,6234.04,TRY,transfer
14413,27,19,2025-06-24,6342.49,TRY,purchase
14414,696,39,2025-10-29,5889.85,TRY,refund
14415,86,90,2026-02-28,2293.75,TRY,refund
14416,716,47,2026-07-30,3041.63,TRY,refund
14417,188,52,2025-12-30,6815.14,TRY,purchase
14418,306,28,2026-07-12,5690.97,TRY,purchase
14419,202,97,2026-08-08,1245.45,TRY,transfer
14420,748,67,2025-09-29,196.54,TRY,transfer
14421,729,16,2025-07-11,5425.35,TRY,transfer
14422,80,59,2026-02-19,5368.18,TRY,transfer
14423,572,47,2026-04-04,3121.94,TRY,refund
14424,172,57,2025-08-03,5870.3,TRY,transfer
14425,567,34,2025-02-26,4760.03,TRY,transfer
14426,911,59,2025-01-27,5064.12,TRY,refund
14427,308,60,2025-06-08,355.58,TRY,transfer
14428,137,56,2025-10-02,5939.68,TRY,refund
14429,705,42,2025-05-26,4118.61,TRY,refund
14430,471,92,2026-09-01,5760.75,TRY,refund
14431,114,65,2025-03-21,4917.58,TRY,refund
14432,554,6,2026-05-17,1641.47,TRY,transfer
14433,118,93,2025-02-17,220.57,TRY,purchase
14434,940,58,2026-08-06,3307.66,TRY,refund
14435,393,86,2025-02-17,385.61,TRY,purchase
14436,15,4,2025-09-13,4828.74,TRY,refund
14437,316,99,2025-05-14,1535.9,TRY,purchase
14438,140,32,2025-12-18,2250.63,TRY,purchase
14439,31,78,2025-11-15,728.0,TRY,refund
14440,996,44,2026-02-16,1317.86,TRY,transfer
14441,112,19,2025-01-24,1202.1,TRY,refund
14442,833,83,2025-01-27,4047.62,TRY,purchase
14443,82,25,2026-08-06,5513.59,TRY,refund
14444,268,45,2025-06-13,2318.81,TRY,refund
14445,100,57,2026-02-03,2250.1,TRY,transfer
14446,629,72,2025-08-14,2964.27,TRY,transfer
14447,963,42,2025-01-27,5803.15,TRY,transfer
14448,897,23,2026-02-22,1049.66,TRY,transfer
14449,829,62,2026-01-15,4741.46,TRY,refund
14450,157,8,2025-07-16,4987.31,TRY,purchase
14451,294,89,2025-07-21,5989.13,TRY,refund
14452,104,39,2025-08-31,5685.84,TRY,transfer
14453,513,47,2026-06-26,4050.98,TRY,refund
14454,464,6,2026-08-20,5696.87,TRY,purchase
14455,425,77,2026-08-13,5109.29,TRY,transfer
14456,117,71,2026-08-03,917.6,TRY,refund
14457,74,8,2025-09-22,2137.04,TRY,purchase
14458,507,13,2025-04-18,1580.53,TRY,refund
14459,260,55,2026-07-08,6695.23,TRY,purchase
14460,898,50,2026-06-30,6297.7,TRY,refund
14461,528,41,2026-07-06,6497.45,TRY,purchase
14462,614,13,2025-05-26,4518.29,TRY,refund
14463,816,62,2025-02-08,2367.69,TRY,transfer
14464,555,96,2026-05-27,2343.51,TRY,transfer
14465,710,65,2025-12-16,1501.63,TRY,refund
14466,984,24,2026-08-15,3171.65,TRY,purchase
14467,236,73,2026-04-19,5129.08,TRY,refund
14468,208,30,2026-06-11,42.4,TRY,purchase
14469,259,12,2025-09-20,4680.53,TRY,purchase
14470,169,84,2026-03-04,5107.24,TRY,transfer
14471,963,79,2025-11-16,4456.98,TRY,purchase
14472,804,2,2025-09-28,5364.18,TRY,purchase
14473,834,19,2025-01-15,254.23,TRY,transfer
14474,892,88,2026-07-19,6852.08,TRY,refund
14475,560,49,2025-06-28,4880.26,TRY,transfer
14476,195,29,2025-09-23,3941.44,TRY,transfer
14477,69,79,2025-08-23,2102.61,TRY,purchase
14478,919,12,2025-03-07,6296.24,TRY,refund
14479,661,37,2026-02-11,3291.61,TRY,refund
14480,225,22,2025-11-21,610.42,TRY,transfer
14481,257,14,2025-12-08,6180.5,TRY,purchase
14482,468,25,2025-03-30,1259.13,TRY,purchase
14483,154,15,2026-08-19,3218.13,TRY,purchase
14484,259,61,2026-02-13,6934.98,TRY,refund
14485,281,7,2025-08-22,2306.02,TRY,transfer
14486,210,91,2025-02-08,292.84,TRY,refund
14487,932,50,2026-06-18,6899.91,TRY,purchase
14488,877,58,2025-06-09,3435.83,TRY,refund
14489,58,51,2026-08-02,5858.64,TRY,refund
14490,830,43,2025-09-27,836.21,TRY,purchase
14491,394,25,2025-01-06,6390.75,TRY,transfer
14492,958,14,2025-11-24,6499.57,TRY,transfer
14493,970,83,2026-08-16,940.16,TRY,transfer
14494,517,26,2025-02-15,4141.43,TRY,purchase
14495,78,98,2025-08-18,1464.01,TRY,refund
14496,32,33,2025-11-26,5520.36,TRY,purchase
14497,222,83,2026-06-11,2879.42,TRY,purchase
14498,509,22,2025-11-02,1373.12,TRY,refund
14499,143,65,2026-04-14,1330.36,TRY,refund
14500,344,16,2025-05-22,4022.88,TRY,purchase
14501,630,57,2025-05-30,3768.05,TRY,refund
14502,342,70,2026-01-28,3504.58,TRY,transfer
14503,248,16,2026-01-24,6331.06,TRY,purchase
14504,661,20,2026-04-30,3601.49,TRY,purchase
14505,993,94,2025-10-31,3752.86,TRY,refund
14506,835,54,2026-01-06,5037.72,TRY,transfer
14507,98,18,2026-06-27,5885.13,TRY,refund
14508,621,45,2025-11-22,5494.62,TRY,purchase
14509,905,16,2025-04-18,268.56,TRY,transfer
14510,778,43,2025-08-06,572.01,TRY,purchase
14511,343,49,2026-02-05,3314.14,TRY,transfer
14512,702,44,2026-03-31,5285.69,TRY,purchase
14513,275,10,2025-04-27,6981.73,TRY,purchase
14514,623,19,2026-07-04,4799.01,TRY,transfer
14515,69,2,2025-10-04,1196.49,TRY,purchase
14516,565,81,2025-11-29,4394.05,TRY,refund
14517,462,80,2026-02-14,2250.3,TRY,refund
14518,297,46,2025-02-14,5646.21,TRY,refund
14519,331,34,2026-07-08,3633.28,TRY,refund
14520,616,66,2025-02-14,2721.18,TRY,purchase
14521,314,31,2026-08-17,5494.04,TRY,refund
14522,528,68,2026-07-07,6721.5,TRY,transfer
14523,592,37,2026-07-12,6066.82,TRY,refund
14524,786,36,2025-01-02,2781.34,TRY,purchase
14525,808,50,2026-08-17,5296.46,TRY,purchase
14526,585,82,2026-01-10,4180.98,TRY,purchase
14527,354,87,2025-05-16,754.91,TRY,transfer
14528,540,74,2025-01-19,1327.54,TRY,purchase
14529,815,99,2026-05-24,3265.32,TRY,purchase
14530,53,69,2026-05-31,6155.09,TRY,refund
14531,236,3,2025-06-16,6788.67,TRY,purchase
14532,212,26,2026-02-01,5586.74,TRY,refund
14533,460,8,2025-12-20,1004.81,TRY,refund
14534,593,18,2025-12-28,1653.82,TRY,refund
14535,104,91,2025-05-28,6557.59,TRY,transfer
14536,460,76,2025-04-17,5516.18,TRY,purchase
14537,383,29,2025-09-12,996.52,TRY,refund
14538,533,97,2026-07-29,3574.69,TRY,refund
14539,790,83,2025-01-18,2140.73,TRY,purchase
14540,433,23,2026-05-13,1941.37,TRY,purchase
14541,100,17,2025-04-25,636.42,TRY,refund
14542,309,84,2025-10-06,2184.07,TRY,transfer
14543,771,45,2025-01-16,1037.11,TRY,refund
14544,775,53,2025-03-16,147.71,TRY,transfer
14545,73,50,2026-07-01,673.4,TRY,purchase
14546,507,14,2025-09-10,6232.37,TRY,refund
14547,695,75,2026-05-17,1635.69,TRY,transfer
14548,650,81,2025-12-09,6581.78,TRY,transfer
14549,311,82,2026-02-08,92.65,TRY,purchase
14550,887,64,2025-06-26,417.99,TRY,purchase
14551,250,82,2025-07-02,6586.6,TRY,refund
14552,10,37,2025-11-07,6471.84,TRY,purchase
14553,163,10,2026-04-01,3899.19,TRY,refund
14554,986,91,2025-07-30,6302.18,TRY,refund
14555,205,52,2025-03-13,1931.78,TRY,refund
14556,844,5,2025-03-28,1111.48,TRY,purchase
14557,258,31,2025-03-26,6387.34,TRY,transfer
14558,446,69,2026-03-12,3006.49,TRY,refund
14559,354,50,2025-10-28,2807.68,TRY,transfer
14560,991,65,2025-07-26,2691.95,TRY,purchase
14561,782,20,2025-02-05,3988.89,TRY,transfer
14562,762,13,2026-02-21,3561.69,TRY,refund
14563,196,11,2026-08-20,6292.35,TRY,transfer
14564,611,1,2026-06-22,3315.48,TRY,purchase
14565,69,97,2025-11-08,2675.23,TRY,transfer
14566,481,8,2025-06-17,3345.09,TRY,purchase
14567,912,80,2025-05-13,1880.43,TRY,refund
14568,473,69,2025-08-25,642.29,TRY,transfer
14569,802,50,2025-10-14,1120.68,TRY,purchase
14570,521,67,2025-06-29,1679.53,TRY,refund
14571,648,26,2026-02-25,5843.1,TRY,refund
14572,873,81,2025-11-09,6821.92,TRY,transfer
14573,459,87,2026-05-18,1506.51,TRY,purchase
14574,256,63,2025-06-10,1804.88,TRY,transfer
14575,731,92,2025-06-18,4239.08,TRY,transfer
14576,89,32,2025-08-25,984.9,TRY,purchase
14577,949,51,2025-03-15,3628.79,TRY,transfer
14578,630,83,2025-10-23,2841.3,TRY,refund
14579,406,76,2025-06-03,6381.94,TRY,refund
14580,946,48,2025-01-28,6469.31,TRY,transfer
14581,720,53,2026-01-03,4670.62,TRY,purchase
14582,392,11,2026-03-16,5162.43,TRY,purchase
14583,205,36,2025-08-16,4407.85,TRY,transfer
14584,692,97,2025-03-14,1109.88,TRY,refund
14585,574,7,2025-07-09,2253.9,TRY,refund
14586,174,11,2026-03-30,1905.73,TRY,refund
14587,49,39,2025-11-01,426.9,TRY,purchase
14588,273,14,2025-10-23,1042.33,TRY,transfer
14589,427,41,2026-01-20,1101.71,TRY,purchase
14590,892,51,2025-02-26,1809.55,TRY,refund
14591,253,4,2025-01-28,3082.01,TRY,refund
14592,475,51,2026-02-01,6803.15,TRY,purchase
14593,985,46,2025-08-12,520.96,TRY,purchase
14594,632,91,2026-05-08,5301.54,TRY,purchase
14595,474,37,2026-05-05,2646.2,TRY,transfer
14596,618,29,2026-05-20,3317.39,TRY,refund
14597,933,24,2025-11-09,5407.52,TRY,purchase
14598,917,33,2025-06-22,3389.13,TRY,refund
14599,802,89,2025-03-15,1249.62,TRY,transfer
14600,684,63,2026-02-27,5397.28,TRY,purchase
14601,137,97,2026-06-01,1029.45,TRY,purchase
14602,164,36,2026-08-21,4295.53,TRY,transfer
14603,473,58,2026-08-04,4210.14,TRY,refund
14604,675,65,2025-03-17,4088.14,TRY,transfer
14605,875,5,2026-02-21,4953.64,TRY,purchase
14606,182,59,2025-12-22,2823.8,TRY,purchase
14607,741,2,2025-10-29,6392.42,TRY,transfer
14608,436,61,2025-07-12,1019.54,TRY,transfer
14609,960,51,2026-05-31,6730.54,TRY,transfer
14610,74,4,2026-01-23,5958.57,TRY,refund
14611,472,10,2026-02-01,2444.95,TRY,refund
14612,631,25,2026-07-03,5179.37,TRY,refund
14613,72,24,2025-01-27,2367.28,TRY,purchase
14614,364,17,2026-05-30,203.82,TRY,refund
14615,514,54,2025-11-03,3262.7,TRY,refund
14616,8,15,2026-03-07,6621.69,TRY,refund
14617,142,3,2025-06-04,4650.59,TRY,purchase
14618,390,17,2026-05-19,6946.22,TRY,refund
14619,381,99,2025-09-07,4721.78,TRY,purchase
14620,214,61,2026-07-08,4158.44,TRY,refund
14621,707,18,2025-07-26,2307.79,TRY,purchase
14622,375,84,2025-03-11,1155.52,TRY,purchase
14623,319,47,2026-07-13,5602.46,TRY,refund
14624,225,91,2026-07-19,2491.06,TRY,transfer
14625,951,47,2025-05-22,2045.05,TRY,purchase
14626,348,6,2025-02-28,1957.33,TRY,refund
14627,808,12,2025-01-23,5134.07,TRY,transfer
14628,391,98,2026-02-22,108.53,TRY,transfer
14629,526,6,2026-08-16,2223.72,TRY,purchase
14630,657,34,2025-08-05,4062.72,TRY,transfer
14631,516,11,2025-12-11,6961.34,TRY,transfer
14632,524,32,2025-06-16,1103.77,TRY,refund
14633,847,63,2025-02-27,1196.55,TRY,purchase
14634,422,70,2026-02-04,2828.59,TRY,transfer
14635,838,6,2025-06-14,5729.85,TRY,transfer
14636,684,90,2025-07-06,3682.14,TRY,purchase
14637,264,79,2026-06-03,4249.64,TRY,refund
14638,910,56,2026-08-27,4639.76,TRY,purchase
14639,847,92,2026-05-09,3872.47,TRY,refund
14640,265,87,2026-07-20,4896.82,TRY,refund
14641,823,12,2025-03-12,2225.2,TRY,transfer
14642,226,29,2026-01-22,2732.57,TRY,transfer
14643,869,99,2025-11-09,2008.65,TRY,purchase
14644,290,60,2025-10-16,1616.39,TRY,purchase
14645,302,83,2025-05-26,3022.92,TRY,refund
14646,561,96,2025-10-02,5689.66,TRY,refund
14647,445,94,2025-03-08,780.34,TRY,refund
14648,956,45,2026-02-13,3944.62,TRY,purchase
14649,916,53,2025-01-04,4181.85,TRY,refund
14650,315,86,2025-02-28,2603.03,TRY,transfer
14651,506,55,2026-03-04,211.7,TRY,transfer
14652,996,10,2026-04-28,6529.56,TRY,purchase
14653,693,80,2026-01-26,5975.55,TRY,refund
14654,767,81,2026-04-28,1608.1,TRY,refund
14655,300,70,2025-01-30,1063.04,TRY,transfer
14656,510,94,2025-05-18,6614.94,TRY,refund
14657,208,2,2025-04-25,5770.02,TRY,transfer
14658,438,80,2026-08-22,2147.37,TRY,refund
14659,815,20,2025-04-19,3337.03,TRY,refund
14660,669,51,2025-11-18,3900.1,TRY,transfer
14661,560,69,2025-09-30,1383.4,TRY,transfer
14662,434,72,2025-10-30,5791.15,TRY,purchase
14663,706,72,2025-01-24,4681.52,TRY,transfer
14664,281,14,2025-11-07,2629.55,TRY,transfer
14665,363,45,2026-04-11,1395.1,TRY,purchase
14666,351,82,2026-03-11,5025.23,TRY,transfer
14667,962,77,2026-04-26,4509.4,TRY,transfer
14668,83,45,2026-03-11,605.36,TRY,transfer
14669,22,17,2025-08-21,5999.62,TRY,refund
14670,894,52,2025-08-09,4171.92,TRY,purchase
14671,404,92,2025-10-18,5454.61,TRY,refund
14672,212,99,2026-08-15,3166.85,TRY,transfer
14673,475,88,2026-01-28,2578.02,TRY,refund
14674,303,64,2025-04-22,3741.86,TRY,purchase
14675,691,62,2025-12-31,6794.96,TRY,refund
14676,40,75,2026-03-19,771.86,TRY,transfer
14677,589,82,2026-03-28,5410.07,TRY,refund
14678,117,12,2026-05-13,2226.14,TRY,purchase
14679,842,37,2025-10-14,428.02,TRY,purchase
14680,157,16,2025-02-05,4126.52,TRY,refund
14681,833,24,2026-03-20,4312.16,TRY,transfer
14682,985,54,2026-05-07,1154.66,TRY,refund
14683,808,65,2025-09-02,1518.52,TRY,purchase
14684,389,27,2026-05-19,1412.16,TRY,transfer
14685,423,67,2025-06-28,2145.98,TRY,refund
14686,596,65,2025-03-15,5285.53,TRY,purchase
14687,46,56,2026-04-30,3903.21,TRY,transfer
14688,460,21,2026-03-09,3221.48,TRY,refund
14689,989,55,2026-08-22,622.24,TRY,refund
14690,742,92,2026-04-25,5644.23,TRY,purchase
14691,75,21,2026-07-11,1495.52,TRY,transfer
14692,787,76,2025-09-19,4806.55,TRY,refund
14693,81,49,2025-10-10,2718.63,TRY,refund
14694,703,14,2025-12-26,314.37,TRY,refund
14695,656,89,2026-02-07,2443.85,TRY,purchase
14696,562,43,2025-07-25,369.54,TRY,refund
14697,336,48,2026-04-26,4870.59,TRY,transfer
14698,906,52,2026-07-01,6041.3,TRY,refund
14699,634,24,2025-06-03,1077.56,TRY,purchase
14700,887,95,2025-02-23,148.68,TRY,refund
14701,950,45,2026-05-05,4534.03,TRY,refund
14702,658,15,2025-11-01,1919.53,TRY,transfer
14703,58,11,2026-06-04,4614.84,TRY,purchase
14704,216,37,2025-05-28,28.9,TRY,refund
14705,752,71,2026-04-24,5938.89,TRY,purchase
14706,70,64,2025-01-29,1978.45,TRY,transfer
14707,440,54,2026-06-22,6960.47,TRY,transfer
14708,811,4,2026-07-26,863.55,TRY,refund
14709,626,50,2025-05-26,888.16,TRY,refund
14710,496,14,2025-05-31,1661.78,TRY,refund
14711,399,90,2025-12-18,3561.95,TRY,refund
14712,826,47,2026-07-07,35.77,TRY,transfer
14713,691,81,2025-04-09,2856.47,TRY,refund
14714,367,70,2025-04-15,5825.26,TRY,refund
14715,818,53,2025-06-17,1186.29,TRY,purchase
14716,983,5,2026-07-11,2645.55,TRY,purchase
14717,702,4,2025-05-23,721.31,TRY,purchase
14718,727,90,2026-01-08,190.97,TRY,transfer
14719,949,49,2025-08-30,4223.92,TRY,refund
14720,497,71,2025-07-18,6252.77,TRY,transfer
14721,561,10,2025-09-30,2787.76,TRY,transfer
14722,772,72,2025-05-29,1835.29,TRY,refund
14723,310,2,2026-04-25,3973.59,TRY,refund
14724,948,27,2025-11-15,2195.38,TRY,purchase
14725,687,60,2026-01-13,2648.82,TRY,refund
14726,92,77,2026-02-12,1317.07,TRY,purchase
14727,175,31,2026-08-21,6553.18,TRY,transfer
14728,383,2,2025-04-28,6420.54,TRY,transfer
14729,495,50,2025-03-26,298.2,TRY,purchase
14730,138,14,2026-02-06,2390.94,TRY,transfer
14731,724,1,2026-07-24,3227.59,TRY,refund
14732,685,61,2025-02-04,6111.19,TRY,refund
14733,675,10,2025-04-28,4347.56,TRY,transfer
14734,549,28,2025-03-05,4226.84,TRY,refund
14735,350,81,2026-06-07,630.86,TRY,transfer
14736,916,61,2025-07-11,4214.83,TRY,purchase
14737,616,32,2025-01-11,1912.07,TRY,purchase
14738,90,72,2026-01-10,4108.27,TRY,refund
14739,164,62,2025-08-21,795.17,TRY,transfer
14740,450,51,2025-12-26,6085.54,TRY,refund
14741,945,24,2025-07-10,1936.79,TRY,purchase
14742,523,50,2025-12-10,5098.4,TRY,transfer
14743,255,67,2025-11-16,891.52,TRY,purchase
14744,962,87,2026-08-04,2490.48,TRY,transfer
14745,619,81,2025-07-11,1134.08,TRY,refund
14746,600,23,2025-10-05,1798.52,TRY,refund
14747,29,92,2026-02-14,3036.22,TRY,purchase
14748,873,45,2026-08-11,4414.25,TRY,transfer
14749,132,18,2025-02-23,6132.36,TRY,refund
14750,847,50,2025-10-12,5737.85,TRY,refund
14751,68,71,2025-07-12,5245.91,TRY,transfer
14752,173,45,2025-12-12,4826.79,TRY,purchase
14753,302,29,2025-06-30,5639.6,TRY,purchase
14754,726,62,2025-06-24,1969.78,TRY,refund
14755,754,8,2025-12-19,557.96,TRY,purchase
14756,57,68,2025-02-09,3875.79,TRY,purchase
14757,828,58,2026-06-10,34.67,TRY,refund
14758,941,15,2025-07-24,2394.16,TRY,transfer
14759,736,40,2026-03-29,6037.38,TRY,purchase
14760,272,20,2025-03-02,6223.1,TRY,transfer
14761,367,60,2025-03-02,5232.66,TRY,refund
14762,373,73,2026-01-19,4071.51,TRY,refund
14763,490,4,2026-05-20,5099.64,TRY,refund
14764,863,84,2026-08-13,1116.78,TRY,purchase
14765,717,34,2026-03-17,5226.32,TRY,transfer
14766,631,69,2025-03-15,6279.04,TRY,purchase
14767,746,57,2025-05-27,6400.93,TRY,transfer
14768,234,62,2025-02-22,1283.87,TRY,refund
14769,742,10,2026-01-28,3434.38,TRY,refund
14770,934,89,2026-05-02,1282.63,TRY,refund
14771,55,20,2025-05-29,5119.68,TRY,purchase
14772,39,22,2026-03-04,1150.94,TRY,purchase
14773,548,27,2025-01-14,3856.2,TRY,purchase
14774,20,98,2026-08-16,624.86,TRY,transfer
14775,232,82,2025-05-06,5863.88,TRY,purchase
14776,549,33,2025-03-10,5478.71,TRY,purchase
14777,93,87,2025-03-12,4953.49,TRY,transfer
14778,609,22,2025-08-24,394.85,TRY,purchase
14779,82,30,2026-08-26,3249.32,TRY,transfer
14780,554,67,2026-04-29,5718.74,TRY,transfer
14781,462,60,2025-03-16,1488.45,TRY,transfer
14782,42,39,2025-05-25,5976.82,TRY,transfer
14783,481,86,2026-02-13,3540.2,TRY,purchase
14784,760,76,2025-01-08,118.06,TRY,refund
14785,833,87,2026-04-15,4324.02,TRY,refund
14786,162,92,2026-04-17,6136.01,TRY,transfer
14787,36,78,2026-04-19,3718.51,TRY,refund
14788,153,48,2025-09-09,5898.02,TRY,transfer
14789,633,9,2025-07-12,6409.23,TRY,refund
14790,873,40,2025-03-11,1595.98,TRY,transfer
14791,472,81,2025-09-25,1766.85,TRY,transfer
14792,660,43,2025-05-05,5570.15,TRY,refund
14793,259,36,2025-06-24,4704.27,TRY,purchase
14794,267,33,2025-02-12,1242.94,TRY,transfer
14795,570,84,2026-06-03,6678.25,TRY,refund
14796,937,9,2025-01-10,3688.09,TRY,transfer
14797,156,82,2025-04-16,3117.2,TRY,purchase
14798,914,67,2026-04-09,1928.64,TRY,refund
14799,250,11,2025-12-14,4220.69,TRY,transfer
14800,805,96,2026-03-20,2026.18,TRY,refund
14801,715,2,2026-07-27,5223.28,TRY,transfer
14802,138,44,2025-09-14,3505.94,TRY,refund
14803,997,64,2025-12-05,1668.54,TRY,transfer
14804,777,71,2025-05-02,5217.82,TRY,refund
14805,550,29,2026-01-13,1345.33,TRY,refund
14806,483,68,2025-03-23,5657.97,TRY,transfer
14807,115,2,2025-05-02,5555.84,TRY,purchase
14808,117,78,2026-06-17,3992.65,TRY,refund
14809,262,100,2025-10-19,2961.42,TRY,purchase
14810,93,54,2026-07-28,4853.06,TRY,transfer
14811,354,87,2025-03-17,2730.53,TRY,transfer
14812,118,92,2025-01-20,3464.6,TRY,transfer
14813,278,36,2025-12-16,829.62,TRY,transfer
14814,386,37,2026-08-13,6109.17,TRY,purchase
14815,768,4,2026-01-25,4869.1,TRY,refund
14816,67,79,2025-01-15,819.9,TRY,transfer
14817,279,67,2025-10-28,1164.36,TRY,refund
14818,166,35,2026-02-23,5906.23,TRY,refund
14819,123,77,2025-08-12,454.93,TRY,transfer
14820,936,84,2025-10-31,5778.64,TRY,refund
14821,935,26,2026-08-17,190.8,TRY,transfer
14822,491,46,2025-07-17,2394.47,TRY,transfer
14823,578,72,2025-07-28,1149.96,TRY,refund
14824,987,27,2025-12-04,4674.81,TRY,transfer
14825,846,47,2025-04-27,1665.33,TRY,purchase
14826,71,92,2026-02-23,5204.86,TRY,refund
14827,930,35,2025-07-21,951.02,TRY,purchase
14828,283,54,2026-08-04,1551.33,TRY,refund
14829,127,54,2026-05-24,3870.38,TRY,purchase
14830,673,64,2026-04-30,3383.74,TRY,purchase
14831,779,7,2025-11-12,1625.31,TRY,transfer
14832,510,16,2026-05-30,3599.43,TRY,transfer
14833,280,19,2026-04-22,5923.47,TRY,transfer
14834,385,93,2026-03-12,2228.08,TRY,refund
14835,952,46,2026-01-04,5141.91,TRY,transfer
14836,880,21,2026-06-18,1840.56,TRY,purchase
14837,968,35,2026-05-14,3039.5,TRY,transfer
14838,412,39,2026-01-15,4862.26,TRY,refund
14839,1,54,2026-02-07,3633.93,TRY,transfer
14840,606,94,2025-11-04,1063.46,TRY,purchase
14841,166,66,2025-07-13,2790.27,TRY,purchase
14842,6,81,2026-07-21,230.07,TRY,purchase
14843,664,86,2026-07-08,3435.68,TRY,purchase
14844,667,25,2026-08-05,3813.88,TRY,purchase
14845,747,3,2025-06-18,269.84,TRY,purchase
14846,830,46,2026-03-15,4397.32,TRY,refund
14847,459,22,2025-07-27,3767.68,TRY,transfer
14848,127,53,2025-02-18,552.01,TRY,refund
14849,72,75,2025-04-21,6192.13,TRY,purchase
14850,966,99,2026-03-18,4746.95,TRY,purchase
14851,707,53,2026-08-30,2341.74,TRY,transfer
14852,33,47,2025-03-19,3594.21,TRY,refund
14853,48,38,2026-05-21,6360.12,TRY,purchase
14854,363,5,2025-08-30,5656.19,TRY,transfer
14855,804,68,2025-11-06,4118.58,TRY,refund
14856,66,50,2025-08-18,1294.17,TRY,transfer
14857,321,46,2026-02-21,6003.77,TRY,purchase
14858,842,30,2026-03-09,2865.25,TRY,transfer
14859,6,24,2025-08-17,2362.53,TRY,transfer
14860,807,12,2026-05-25,4421.87,TRY,transfer
14861,138,14,2025-05-01,5974.85,TRY,purchase
14862,981,69,2026-08-11,504.39,TRY,purchase
14863,833,90,2025-11-27,537.89,TRY,purchase
14864,465,11,2025-01-19,2474.34,TRY,transfer
14865,534,12,2025-09-29,3229.07,TRY,transfer
14866,589,54,2025-02-22,4963.0,TRY,refund
14867,144,32,2025-08-11,265.73,TRY,refund
14868,470,74,2026-04-07,2839.75,TRY,transfer
14869,540,44,2025-09-30,1398.39,TRY,transfer
14870,395,36,2025-11-29,3551.86,TRY,transfer
14871,332,34,2026-02-17,5879.75,TRY,refund
14872,213,32,2025-08-13,6561.17,TRY,purchase
14873,229,94,2025-01-08,1921.46,TRY,purchase
14874,391,86,2026-02-19,5689.28,TRY,purchase
14875,242,37,2025-06-30,2574.48,TRY,transfer
14876,661,6,2025-05-04,6363.64,TRY,transfer
14877,539,81,2025-04-02,4158.96,TRY,purchase
14878,771,1,2025-04-22,646.6,TRY,transfer
14879,353,18,2025-02-22,3426.95,TRY,transfer
14880,515,14,2026-07-03,3475.39,TRY,transfer
14881,300,13,2025-11-07,2717.21,TRY,refund
14882,847,54,2025-08-31,3165.07,TRY,refund
14883,39,81,2025-09-24,5374.97,TRY,purchase
14884,656,85,2026-05-02,1382.05,TRY,refund
14885,721,48,2025-03-25,1801.52,TRY,refund
14886,984,31,2025-11-25,2473.64,TRY,refund
14887,439,95,2025-06-19,899.63,TRY,transfer
14888,549,91,2025-11-04,3218.22,TRY,refund
14889,397,5,2025-02-27,4287.0,TRY,refund
14890,802,100,2026-08-15,30.15,TRY,purchase
14891,662,20,2026-01-25,772.93,TRY,purchase
14892,383,72,2025-04-11,2594.17,TRY,refund
14893,99,70,2026-01-15,4362.78,TRY,refund
14894,59,8,2025-11-15,6676.39,TRY,transfer
14895,823,52,2025-12-10,3054.42,TRY,transfer
14896,257,50,2026-07-31,2595.26,TRY,transfer
14897,279,77,2025-11-18,6344.24,TRY,transfer
14898,718,73,2026-04-24,6703.68,TRY,refund
14899,378,55,2025-03-10,1139.87,TRY,refund
14900,18,6,2025-03-25,5288.47,TRY,refund
14901,137,23,2025-01-27,6178.58,TRY,purchase
14902,645,12,2026-01-01,198.87,TRY,refund
14903,169,76,2025-10-04,1211.23,TRY,purchase
14904,152,96,2025-04-22,3223.91,TRY,purchase
14905,44,76,2025-11-04,1572.86,TRY,purchase
14906,192,4,2026-06-15,6470.73,TRY,refund
14907,989,11,2026-07-15,4585.42,TRY,refund
14908,467,94,2026-06-09,3332.95,TRY,refund
14909,114,86,2025-09-03,6722.27,TRY,purchase
14910,213,6,2026-04-13,1596.75,TRY,refund
14911,102,82,2025-08-06,2743.56,TRY,purchase
14912,514,57,2026-04-23,1793.32,TRY,refund
14913,527,76,2026-01-04,1477.87,TRY,transfer
14914,373,21,2025-11-25,3743.92,TRY,purchase
14915,829,41,2025-11-28,4455.13,TRY,transfer
14916,585,44,2025-05-03,2218.17,TRY,purchase
14917,993,38,2025-09-12,2958.61,TRY,purchase
14918,296,31,2026-07-15,3461.67,TRY,refund
14919,241,1,2026-07-08,3598.39,TRY,transfer
14920,775,52,2025-02-03,2994.78,TRY,refund
14921,666,16,2025-11-02,2115.77,TRY,purchase
14922,372,96,2025-02-21,3983.09,TRY,transfer
14923,391,75,2025-07-16,1752.6,TRY,refund
14924,340,90,2026-05-13,4026.34,TRY,purchase
14925,104,42,2025-12-31,6700.79,TRY,transfer
14926,559,1,2026-03-15,1430.51,TRY,refund
14927,534,37,2025-12-07,1915.42,TRY,purchase
14928,643,42,2025-07-05,6783.52,TRY,transfer
14929,399,45,2025-09-02,3388.85,TRY,refund
14930,486,53,2026-05-30,6208.38,TRY,transfer
14931,567,46,2026-02-10,3847.69,TRY,refund
14932,56,46,2025-04-11,5772.3,TRY,purchase
14933,284,40,2025-01-31,1292.16,TRY,refund
14934,372,34,2026-05-18,4742.34,TRY,purchase
14935,934,36,2025-07-01,6199.77,TRY,transfer
14936,348,3,2025-09-04,4415.25,TRY,refund
14937,590,32,2026-01-25,3816.66,TRY,refund
14938,37,20,2025-04-16,880.1,TRY,refund
14939,355,39,2026-08-08,3646.48,TRY,transfer
14940,642,100,2025-10-22,2734.93,TRY,refund
14941,369,25,2025-11-10,4450.16,TRY,purchase
14942,22,80,2026-03-10,2887.45,TRY,refund
14943,934,26,2025-11-14,4231.92,TRY,refund
14944,385,7,2026-01-18,5202.2,TRY,refund
14945,461,25,2026-08-12,298.67,TRY,refund
14946,345,82,2025-10-30,1360.58,TRY,purchase
14947,825,29,2025-07-17,582.74,TRY,transfer
14948,803,28,2025-03-17,4892.45,TRY,transfer
14949,77,92,2025-02-17,3896.09,TRY,purchase
14950,699,6,2025-08-11,3808.08,TRY,refund
14951,196,94,2026-07-16,202.14,TRY,purchase
14952,970,58,2026-05-27,5481.86,TRY,transfer
14953,616,67,2025-04-07,6014.88,TRY,transfer
14954,413,71,2026-04-09,6420.98,TRY,transfer
14955,948,54,2026-01-30,6591.31,TRY,transfer
14956,677,65,2025-11-02,6517.97,TRY,purchase
14957,961,12,2026-03-20,2256.69,TRY,transfer
14958,556,28,2025-08-19,6293.77,TRY,purchase
14959,680,24,2026-05-18,999.08,TRY,refund
14960,621,96,2025-02-15,774.41,TRY,refund
14961,56,47,2025-11-09,1410.7,TRY,transfer
14962,236,36,2026-01-21,6742.15,TRY,transfer
14963,616,67,2025-09-29,3359.61,TRY,purchase
14964,528,37,2025-09-12,4155.94,TRY,purchase
14965,878,63,2025-07-02,6857.69,TRY,transfer
14966,530,2,2025-04-03,5737.73,TRY,refund
14967,790,30,2026-01-13,3658.02,TRY,transfer
14968,424,20,2025-01-19,266.21,TRY,purchase
14969,861,29,2025-02-06,1153.52,TRY,purchase
14970,935,93,2025-05-19,2669.79,TRY,transfer
14971,983,52,2025-03-03,5919.19,TRY,refund
14972,235,65,2025-12-30,2276.53,TRY,refund
14973,373,46,2025-02-20,2432.38,TRY,transfer
14974,557,12,2026-04-23,5941.23,TRY,refund
14975,959,12,2025-11-05,1131.34,TRY,refund
14976,142,38,2025-11-10,1601.73,TRY,refund
14977,489,98,2025-01-04,5794.1,TRY,transfer
14978,786,90,2025-04-02,626.02,TRY,transfer
14979,42,7,2025-07-02,4516.76,TRY,refund
14980,915,36,2025-04-16,1436.22,TRY,refund
14981,673,76,2026-05-04,1825.4,TRY,transfer
14982,607,46,2026-02-19,1876.07,TRY,refund
14983,154,63,2025-12-13,5217.32,TRY,purchase
14984,454,63,2026-08-22,6545.36,TRY,purchase
14985,372,100,2025-08-25,3103.69,TRY,refund
14986,420,45,2026-01-30,1583.47,TRY,purchase
14987,509,26,2025-09-21,1356.61,TRY,refund
14988,560,71,2025-03-17,4331.18,TRY,purchase
14989,779,97,2025-02-01,6471.0,TRY,purchase
14990,257,23,2025-01-23,6397.79,TRY,purchase
14991,823,17,2026-04-06,3246.07,TRY,purchase
14992,399,51,2025-05-17,2625.2,TRY,transfer
14993,380,98,2026-04-28,3817.4,TRY,refund
14994,306,15,2025-04-10,922.73,TRY,transfer
14995,319,65,2025-10-21,1239.05,TRY,refund
14996,997,95,2025-06-29,6970.8,TRY,refund
14997,260,99,2025-06-02,562.96,TRY,transfer
14998,637,33,2025-02-26,4622.41,TRY,refund
14999,881,61,2026-07-25,5071.04,TRY,transfer
15000,89,26,2026-03-19,3369.56,TRY,refund
15001,72,81,2026-03-04,3684.18,TRY,refund
15002,778,76,2026-05-31,4407.0,TRY,transfer
15003,614,83,2025-03-19,4437.17,TRY,refund
15004,894,31,2026-06-28,4821.21,TRY,purchase
15005,463,77,2025-11-12,624.51,TRY,refund
15006,661,45,2025-01-04,4141.93,TRY,purchase
15007,895,98,2025-08-05,1386.05,TRY,purchase
15008,618,67,2026-05-04,344.15,TRY,transfer
15009,166,91,2025-10-08,5891.29,TRY,transfer
15010,560,47,2025-06-09,3483.59,TRY,refund
15011,630,58,2025-08-25,1958.29,TRY,refund
15012,967,50,2025-08-03,5645.49,TRY,refund
15013,393,34,2026-05-08,1817.31,TRY,refund
15014,872,44,2026-08-05,866.2,TRY,purchase
15015,86,2,2025-03-14,6643.76,TRY,refund
15016,131,22,2025-03-17,6851.08,TRY,transfer
15017,544,12,2025-12-26,6184.84,TRY,transfer
15018,364,70,2026-06-30,524.4,TRY,purchase
15019,436,94,2026-07-29,3696.92,TRY,refund
15020,34,66,2026-07-20,6853.43,TRY,purchase
15021,152,31,2026-01-16,725.82,TRY,purchase
15022,673,75,2025-12-03,4977.98,TRY,purchase
15023,331,93,2025-09-28,4036.13,TRY,refund
15024,371,58,2025-01-20,1479.05,TRY,refund
15025,412,70,2025-04-16,410.35,TRY,purchase
15026,775,84,2025-08-08,5817.9,TRY,refund
15027,482,7,2026-05-08,1332.39,TRY,transfer
15028,102,38,2025-03-22,1956.24,TRY,purchase
15029,450,46,2026-03-25,6650.96,TRY,transfer
15030,352,88,2025-10-08,6942.13,TRY,refund
15031,885,84,2025-05-06,6991.69,TRY,refund
15032,778,30,2025-07-18,55.33,TRY,refund
15033,347,90,2025-09-26,5890.34,TRY,refund
15034,402,48,2026-04-05,3724.2,TRY,refund
15035,755,73,2025-03-17,2956.51,TRY,refund
15036,344,82,2025-04-06,5538.98,TRY,purchase
15037,802,72,2026-02-01,1768.86,TRY,purchase
15038,787,28,2026-03-21,389.83,TRY,purchase
15039,492,12,2025-11-08,6569.32,TRY,purchase
15040,902,23,2025-05-09,4259.15,TRY,transfer
15041,819,37,2025-12-05,1419.06,TRY,purchase
15042,578,52,2025-11-21,587.77,TRY,refund
15043,812,38,2025-04-11,3839.71,TRY,purchase
15044,801,43,2025-10-02,5992.89,TRY,purchase
15045,532,42,2025-08-19,3633.74,TRY,purchase
15046,681,85,2025-10-07,5389.64,TRY,purchase
15047,800,60,2026-02-12,4858.71,TRY,transfer
15048,629,76,2025-02-08,6026.44,TRY,transfer
15049,475,76,2026-07-09,5559.3,TRY,refund
15050,338,95,2026-08-13,4874.08,TRY,purchase
15051,104,14,2026-07-24,6193.98,TRY,purchase
15052,1000,85,2026-06-20,3225.66,TRY,transfer
15053,79,43,2026-04-04,6359.84,TRY,transfer
15054,599,88,2025-05-04,2967.46,TRY,refund
15055,69,55,2025-11-25,3046.34,TRY,purchase
15056,692,74,2026-06-23,6297.72,TRY,refund
15057,505,70,2026-07-02,2322.41,TRY,transfer
15058,436,71,2025-07-02,181.38,TRY,transfer
15059,954,48,2025-05-30,4590.12,TRY,refund
15060,480,79,2025-11-03,5662.05,TRY,purchase
15061,891,44,2025-10-23,6536.38,TRY,purchase
15062,683,48,2025-01-19,2804.78,TRY,transfer
15063,571,44,2025-04-02,757.69,TRY,transfer
15064,657,12,2025-03-24,2676.03,TRY,refund
15065,865,69,2026-05-17,1413.95,TRY,transfer
15066,57,72,2025-11-25,834.79,TRY,refund
15067,630,52,2026-02-26,3180.62,TRY,refund
15068,675,13,2026-01-25,4008.0,TRY,refund
15069,25,18,2025-07-16,675.14,TRY,purchase
15070,780,94,2025-10-22,6750.0,TRY,transfer
15071,395,72,2025-07-21,4298.96,TRY,transfer
15072,392,76,2025-12-19,3244.0,TRY,purchase
15073,833,82,2025-12-28,3258.59,TRY,purchase
15074,109,55,2026-07-15,6852.96,TRY,refund
15075,68,81,2025-05-30,1195.14,TRY,refund
15076,906,81,2025-03-05,1235.54,TRY,transfer
15077,779,57,2026-07-03,4306.84,TRY,purchase
15078,46,26,2026-07-05,824.72,TRY,refund
15079,749,60,2026-02-06,6633.08,TRY,purchase
15080,282,1,2026-08-11,2784.97,TRY,transfer
15081,898,24,2026-03-09,1026.6,TRY,transfer
15082,985,21,2025-06-04,2459.81,TRY,transfer
15083,803,92,2026-01-01,1437.23,TRY,refund
15084,173,16,2025-01-06,5075.39,TRY,transfer
15085,878,47,2025-07-24,1285.12,TRY,refund
15086,133,57,2025-05-20,5585.44,TRY,purchase
15087,443,51,2026-04-20,2592.84,TRY,refund
15088,902,75,2025-01-16,2559.44,TRY,transfer
15089,510,28,2025-01-17,1698.73,TRY,refund
15090,683,31,2026-04-29,5431.48,TRY,refund
15091,808,89,2025-03-04,6638.31,TRY,transfer
15092,529,27,2025-01-05,5031.8,TRY,transfer
15093,841,18,2026-08-01,1837.28,TRY,purchase
15094,876,57,2025-02-22,1962.3,TRY,transfer
15095,706,54,2026-05-15,1059.77,TRY,refund
15096,139,58,2025-03-28,6372.52,TRY,purchase
15097,440,28,2026-04-08,4862.59,TRY,transfer
15098,800,4,2025-02-06,1900.42,TRY,refund
15099,150,1,2025-06-20,4855.81,TRY,transfer
15100,960,69,2026-07-25,4978.69,TRY,purchase
15101,593,57,2026-07-31,6434.42,TRY,refund
15102,3,99,2026-07-29,6590.97,TRY,refund
15103,488,5,2025-03-12,2225.72,TRY,purchase
15104,915,96,2025-11-04,4809.12,TRY,refund
15105,291,32,2025-03-31,330.12,TRY,purchase
15106,636,74,2025-08-11,5682.53,TRY,purchase
15107,23,28,2026-02-18,3312.82,TRY,refund
15108,837,5,2025-02-06,4128.98,TRY,transfer
15109,349,100,2025-09-27,1046.12,TRY,purchase
15110,813,76,2026-06-12,1522.4,TRY,transfer
15111,884,66,2025-05-05,6609.48,TRY,purchase
15112,243,100,2025-10-13,1332.76,TRY,refund
15113,108,39,2026-07-09,5481.27,TRY,transfer
15114,223,6,2025-12-05,5232.16,TRY,refund
15115,354,4,2026-07-17,941.5,TRY,refund
15116,653,46,2026-07-12,5668.84,TRY,refund
15117,531,48,2026-07-22,695.78,TRY,refund
15118,287,65,2026-07-19,4765.12,TRY,refund
15119,427,84,2026-03-26,1822.76,TRY,purchase
15120,175,25,2025-06-25,5540.47,TRY,refund
15121,994,33,2025-06-19,5720.32,TRY,purchase
15122,311,53,2025-10-13,6719.49,TRY,purchase
15123,955,90,2026-05-13,2063.08,TRY,refund
15124,371,70,2026-07-12,6287.13,TRY,refund
15125,937,7,2026-02-22,3059.62,TRY,purchase
15126,935,20,2025-10-04,2427.8,TRY,purchase
15127,72,56,2025-02-08,5677.1,TRY,purchase
15128,820,82,2025-10-04,4932.91,TRY,purchase
15129,854,71,2025-04-18,726.58,TRY,refund
15130,55,59,2026-02-11,1266.63,TRY,purchase
15131,24,75,2026-02-14,4280.72,TRY,transfer
15132,167,53,2025-07-05,664.68,TRY,transfer
15133,278,61,2025-07-04,5123.4,TRY,purchase
15134,49,49,2025-07-19,504.64,TRY,refund
15135,70,5,2026-08-29,932.91,TRY,refund
15136,220,24,2026-08-23,2513.94,TRY,refund
15137,5,86,2025-12-19,5585.68,TRY,transfer
15138,719,50,2025-10-20,1053.53,TRY,transfer
15139,828,51,2025-05-07,4961.72,TRY,refund
15140,178,99,2025-10-11,5543.47,TRY,refund
15141,930,18,2026-05-19,4731.15,TRY,purchase
15142,538,72,2026-08-07,3445.88,TRY,refund
15143,937,7,2025-11-13,1885.18,TRY,purchase
15144,18,27,2026-03-30,1985.95,TRY,refund
15145,750,46,2026-05-02,531.64,TRY,transfer
15146,79,86,2026-03-23,4764.67,TRY,purchase
15147,289,90,2025-06-01,5973.8,TRY,purchase
15148,261,19,2025-04-04,712.85,TRY,purchase
15149,475,84,2026-07-26,5418.23,TRY,purchase
15150,989,56,2026-01-25,5752.88,TRY,transfer
15151,136,76,2025-01-11,3472.41,TRY,purchase
15152,531,29,2026-08-01,2058.02,TRY,refund
15153,118,96,2025-08-14,5095.93,TRY,purchase
15154,305,63,2025-02-28,2924.28,TRY,refund
15155,682,86,2026-08-06,953.23,TRY,purchase
15156,323,89,2026-04-01,5592.63,TRY,purchase
15157,432,93,2025-10-25,365.94,TRY,purchase
15158,287,65,2026-08-09,2533.14,TRY,purchase
15159,270,16,2025-09-30,1570.21,TRY,refund
15160,806,91,2026-01-08,3013.9,TRY,refund
15161,939,51,2025-08-12,4232.55,TRY,purchase
15162,834,65,2025-02-13,5888.04,TRY,purchase
15163,750,6,2026-01-30,1467.29,TRY,refund
15164,957,64,2026-01-01,4463.87,TRY,transfer
15165,730,62,2025-10-07,4191.37,TRY,refund
15166,917,52,2026-04-17,2504.8,TRY,refund
15167,388,85,2026-03-09,3482.32,TRY,refund
15168,958,57,2025-09-19,6750.22,TRY,transfer
15169,96,29,2025-11-06,4924.28,TRY,purchase
15170,403,75,2025-10-13,6368.59,TRY,purchase
15171,171,39,2025-05-26,1146.62,TRY,refund
15172,719,33,2025-12-28,1413.22,TRY,purchase
15173,894,87,2025-10-18,5055.79,TRY,refund
15174,708,82,2025-05-17,857.56,TRY,refund
15175,98,2,2025-01-17,2002.7,TRY,transfer
15176,197,41,2025-02-13,5859.76,TRY,refund
15177,864,65,2025-04-13,5355.44,TRY,transfer
15178,197,55,2026-01-10,547.32,TRY,refund
15179,410,75,2025-02-28,2272.33,TRY,transfer
15180,88,69,2025-08-21,3379.3,TRY,refund
15181,210,80,2026-04-14,4045.07,TRY,purchase
15182,38,42,2026-04-15,6933.67,TRY,purchase
15183,784,33,2025-04-04,138.85,TRY,purchase
15184,510,46,2025-02-06,6780.45,TRY,transfer
15185,340,8,2025-08-05,6992.67,TRY,refund
15186,925,48,2025-04-25,1482.2,TRY,refund
15187,282,5,2025-05-09,5082.42,TRY,transfer
15188,912,39,2025-06-29,6781.22,TRY,purchase
15189,705,6,2026-07-29,2341.61,TRY,refund
15190,3,25,2025-04-13,1031.44,TRY,transfer
15191,857,13,2026-01-04,2371.57,TRY,transfer
15192,366,74,2026-01-13,4002.18,TRY,purchase
15193,935,35,2025-03-13,4260.96,TRY,refund
15194,114,56,2026-02-05,2379.74,TRY,purchase
15195,389,6,2025-05-01,3830.26,TRY,purchase
15196,662,61,2025-01-01,1448.28,TRY,transfer
15197,46,86,2025-09-12,1075.04,TRY,refund
15198,206,69,2025-07-24,2790.44,TRY,refund
15199,274,90,2025-05-05,3298.81,TRY,purchase
15200,843,10,2026-03-05,2378.76,TRY,refund
15201,855,70,2025-05-04,6125.43,TRY,purchase
15202,886,38,2026-02-23,3880.2,TRY,purchase
15203,389,15,2025-05-02,3465.49,TRY,refund
15204,15,23,2025-05-06,2636.73,TRY,transfer
15205,853,98,2025-09-21,2463.67,TRY,purchase
15206,372,42,2026-08-22,4199.94,TRY,refund
15207,230,12,2025-07-23,4656.04,TRY,purchase
15208,121,26,2025-03-18,6792.4,TRY,purchase
15209,318,26,2025-09-19,4964.79,TRY,refund
15210,389,90,2026-02-02,914.4,TRY,transfer
15211,114,26,2026-01-22,6810.86,TRY,purchase
15212,343,30,2026-08-30,1946.37,TRY,refund
15213,15,98,2026-01-29,35.44,TRY,refund
15214,430,94,2025-04-26,4874.94,TRY,purchase
15215,352,92,2026-07-21,1941.06,TRY,transfer
15216,289,33,2026-04-08,2618.48,TRY,transfer
15217,205,55,2025-03-05,214.35,TRY,refund
15218,529,14,2025-07-26,5955.23,TRY,purchase
15219,379,31,2025-08-05,6725.7,TRY,purchase
15220,976,55,2025-10-09,459.81,TRY,refund
15221,359,15,2026-05-29,225.16,TRY,purchase
15222,460,85,2025-12-25,2717.92,TRY,transfer
15223,146,44,2025-12-02,1841.15,TRY,transfer
15224,245,65,2026-03-13,3918.89,TRY,refund
15225,91,19,2025-07-23,6244.92,TRY,transfer
15226,349,99,2026-06-18,3415.66,TRY,purchase
15227,945,44,2025-01-05,3365.46,TRY,purchase
15228,43,90,2025-03-05,3379.04,TRY,purchase
15229,580,33,2026-06-26,2210.04,TRY,purchase
15230,397,55,2026-02-18,3105.02,TRY,purchase
15231,935,28,2026-02-19,5245.35,TRY,transfer
15232,532,51,2025-09-10,1445.71,TRY,transfer
15233,470,43,2025-11-12,3435.92,TRY,purchase
15234,685,11,2025-07-05,602.88,TRY,purchase
15235,869,91,2026-01-03,4263.12,TRY,transfer
15236,196,80,2025-08-21,3998.85,TRY,purchase
15237,921,57,2025-06-24,3591.96,TRY,transfer
15238,791,20,2026-06-30,6210.47,TRY,purchase
15239,787,45,2026-03-03,2588.3,TRY,transfer
15240,778,49,2025-01-15,2071.24,TRY,purchase
15241,569,85,2026-04-21,1985.54,TRY,refund
15242,476,3,2026-01-29,1978.45,TRY,purchase
15243,211,31,2025-12-12,3506.95,TRY,purchase
15244,633,76,2025-06-08,1891.6,TRY,transfer
15245,291,17,2025-08-26,6234.62,TRY,purchase
15246,416,70,2026-06-14,2199.66,TRY,transfer
15247,254,76,2025-08-17,4671.56,TRY,transfer
15248,399,4,2026-02-06,4905.2,TRY,refund
15249,202,70,2025-06-01,1626.19,TRY,purchase
15250,614,18,2026-08-23,2083.79,TRY,transfer
15251,763,65,2026-04-28,1964.7,TRY,refund
15252,824,47,2026-03-06,5022.04,TRY,transfer
15253,826,2,2025-07-16,4653.06,TRY,transfer
15254,651,70,2026-02-26,3540.64,TRY,refund
15255,370,75,2025-07-07,3334.22,TRY,transfer
15256,899,40,2026-06-13,815.45,TRY,transfer
15257,181,78,2026-02-27,2077.98,TRY,refund
15258,533,17,2026-04-17,3478.37,TRY,transfer
15259,751,94,2025-12-22,4237.9,TRY,transfer
15260,125,80,2026-08-25,1857.79,TRY,transfer
15261,233,52,2025-11-01,2185.3,TRY,refund
15262,483,21,2026-08-16,693.33,TRY,transfer
15263,515,37,2025-11-14,322.72,TRY,purchase
15264,817,33,2026-04-03,5460.04,TRY,purchase
15265,570,23,2025-07-23,634.44,TRY,transfer
15266,805,49,2025-04-23,3313.03,TRY,purchase
15267,362,66,2026-07-14,952.13,TRY,transfer
15268,529,34,2025-09-26,6407.66,TRY,purchase
15269,976,57,2025-05-01,4481.1,TRY,transfer
15270,867,4,2025-09-28,2540.39,TRY,transfer
15271,958,12,2025-06-29,6485.36,TRY,transfer
15272,579,48,2025-04-29,1145.03,TRY,transfer
15273,847,87,2026-05-04,6320.41,TRY,transfer
15274,934,40,2026-03-31,6509.51,TRY,refund
15275,769,93,2025-08-23,2752.92,TRY,purchase
15276,873,65,2025-08-11,5489.23,TRY,refund
15277,25,39,2026-04-15,314.73,TRY,purchase
15278,198,59,2025-05-07,4598.26,TRY,purchase
15279,372,3,2026-01-21,5507.11,TRY,purchase
15280,114,94,2025-05-21,71.56,TRY,purchase
15281,878,48,2026-06-11,856.36,TRY,purchase
15282,997,99,2026-04-01,6905.82,TRY,transfer
15283,677,43,2025-03-26,4364.68,TRY,transfer
15284,982,56,2025-07-06,4921.0,TRY,refund
15285,154,34,2025-02-02,2574.86,TRY,transfer
15286,580,60,2025-06-27,1646.1,TRY,refund
15287,610,9,2026-08-05,6914.45,TRY,transfer
15288,526,67,2025-11-18,5432.94,TRY,refund
15289,161,22,2025-06-09,4287.5,TRY,refund
15290,806,5,2025-07-06,2567.53,TRY,transfer
15291,813,71,2025-10-18,2498.84,TRY,refund
15292,936,41,2025-10-19,969.65,TRY,purchase
15293,330,38,2026-05-30,5081.24,TRY,refund
15294,956,23,2026-08-15,792.24,TRY,transfer
15295,517,85,2026-07-31,2826.89,TRY,purchase
15296,255,84,2026-01-10,4739.58,TRY,transfer
15297,242,59,2025-01-30,5909.97,TRY,refund
15298,765,28,2025-05-30,1458.58,TRY,purchase
15299,642,10,2026-03-28,616.86,TRY,transfer
15300,363,46,2026-05-04,5568.44,TRY,purchase
15301,136,77,2026-01-19,4550.93,TRY,purchase
15302,403,53,2025-05-10,512.56,TRY,refund
15303,708,55,2026-04-30,1904.24,TRY,transfer
15304,757,49,2025-07-30,3487.82,TRY,refund
15305,53,31,2025-01-17,1503.9,TRY,refund
15306,250,67,2026-03-14,4681.42,TRY,purchase
15307,131,50,2026-06-08,3195.85,TRY,purchase
15308,698,59,2025-12-08,6545.97,TRY,refund
15309,930,3,2025-12-08,1600.13,TRY,purchase
15310,545,81,2026-07-19,2857.79,TRY,transfer
15311,334,24,2025-07-10,3557.72,TRY,transfer
15312,481,50,2025-05-07,3133.9,TRY,refund
15313,280,54,2025-03-01,92.91,TRY,refund
15314,93,1,2026-01-18,6062.08,TRY,transfer
15315,177,68,2026-04-07,215.81,TRY,purchase
15316,382,12,2026-05-04,623.17,TRY,transfer
15317,276,86,2026-08-03,3125.41,TRY,refund
15318,16,3,2026-05-04,367.11,TRY,refund
15319,972,85,2025-09-22,371.49,TRY,transfer
15320,485,85,2025-03-15,4488.14,TRY,transfer
15321,329,30,2025-10-22,6777.65,TRY,purchase
15322,100,42,2025-12-03,4389.12,TRY,purchase
15323,855,34,2025-01-31,5541.76,TRY,refund
15324,574,87,2025-07-08,395.75,TRY,refund
15325,566,9,2025-04-28,1619.14,TRY,purchase
15326,916,66,2025-08-22,4169.7,TRY,purchase
15327,114,10,2026-03-21,4470.68,TRY,refund
15328,651,88,2025-05-07,2479.51,TRY,purchase
15329,151,97,2025-07-30,1855.01,TRY,purchase
15330,852,71,2026-08-02,2969.91,TRY,transfer
15331,817,62,2025-03-18,6331.05,TRY,purchase
15332,500,99,2026-01-28,2694.31,TRY,refund
15333,13,85,2026-07-29,6128.17,TRY,refund
15334,781,2,2026-03-15,389.93,TRY,refund
15335,735,8,2026-03-06,2042.56,TRY,refund
15336,98,12,2026-07-08,1619.2,TRY,transfer
15337,748,36,2025-01-23,5797.44,TRY,transfer
15338,100,85,2025-10-28,5081.5,TRY,purchase
15339,466,80,2025-01-21,1928.45,TRY,transfer
15340,579,97,2025-07-16,2262.52,TRY,purchase
15341,466,25,2025-05-30,6052.15,TRY,refund
15342,112,45,2026-01-02,1111.0,TRY,refund
15343,667,91,2025-03-24,485.72,TRY,refund
15344,81,38,2026-07-20,5769.0,TRY,purchase
15345,142,54,2026-07-17,3972.95,TRY,refund
15346,379,70,2025-08-13,2309.04,TRY,transfer
15347,179,61,2025-09-03,3766.81,TRY,transfer
15348,666,79,2026-02-24,5519.25,TRY,transfer
15349,332,53,2025-01-28,5016.77,TRY,refund
15350,993,79,2025-10-02,2288.8,TRY,refund
15351,523,81,2025-10-08,3084.75,TRY,transfer
15352,873,28,2025-03-24,4344.17,TRY,refund
15353,582,86,2026-08-27,3014.09,TRY,transfer
15354,107,24,2025-09-07,4168.75,TRY,refund
15355,892,33,2025-09-19,4325.2,TRY,purchase
15356,475,84,2026-07-21,2176.39,TRY,refund
15357,879,65,2025-09-26,1768.12,TRY,transfer
15358,737,8,2025-06-22,5667.34,TRY,purchase
15359,60,62,2026-05-01,819.34,TRY,refund
15360,672,50,2025-12-04,6446.23,TRY,purchase
15361,670,87,2025-06-03,3901.99,TRY,purchase
15362,860,10,2025-03-20,3563.44,TRY,refund
15363,419,79,2025-03-10,240.4,TRY,purchase
15364,804,70,2026-07-07,699.14,TRY,transfer
15365,774,29,2026-04-30,3705.69,TRY,purchase
15366,114,6,2025-10-19,3224.11,TRY,transfer
15367,671,83,2025-10-02,1954.56,TRY,refund
15368,262,41,2025-08-24,5427.27,TRY,transfer
15369,138,45,2026-02-20,3300.04,TRY,purchase
15370,997,89,2025-03-07,3948.65,TRY,refund
15371,78,12,2025-01-08,3986.49,TRY,refund
15372,744,88,2025-05-16,2826.04,TRY,transfer
15373,656,17,2025-03-14,2858.06,TRY,refund
15374,91,39,2026-03-21,1224.91,TRY,purchase
15375,871,1,2025-01-08,3741.16,TRY,transfer
15376,556,96,2026-06-18,4576.16,TRY,refund
15377,658,54,2025-11-02,5218.31,TRY,purchase
15378,316,31,2026-04-14,6277.96,TRY,purchase
15379,164,23,2026-06-04,2593.59,TRY,refund
15380,808,75,2025-07-14,565.72,TRY,refund
15381,578,30,2025-12-30,2025.64,TRY,transfer
15382,74,93,2025-02-15,5053.28,TRY,refund
15383,206,19,2026-04-20,2925.01,TRY,transfer
15384,872,10,2026-08-29,4733.36,TRY,transfer
15385,740,6,2025-08-31,3143.84,TRY,refund
15386,463,32,2025-04-01,699.92,TRY,purchase
15387,838,41,2025-07-17,5482.19,TRY,transfer
15388,327,75,2025-08-13,1474.79,TRY,transfer
15389,322,15,2025-12-22,4676.99,TRY,transfer
15390,303,74,2025-10-08,294.49,TRY,purchase
15391,507,34,2026-03-18,6099.34,TRY,refund
15392,138,30,2026-08-25,3217.57,TRY,transfer
15393,833,67,2026-07-04,6810.12,TRY,purchase
15394,538,65,2025-05-28,691.88,TRY,transfer
15395,769,7,2026-03-26,2656.91,TRY,transfer
15396,33,42,2026-08-15,6445.52,TRY,refund
15397,549,85,2026-04-20,6958.86,TRY,purchase
15398,258,19,2026-01-13,1578.71,TRY,refund
15399,931,60,2026-02-21,4160.66,TRY,refund
15400,490,92,2025-09-13,934.24,TRY,refund
15401,910,35,2026-08-25,2758.54,TRY,purchase
15402,922,63,2025-01-08,1248.59,TRY,transfer
15403,481,28,2026-05-23,5877.21,TRY,purchase
15404,564,4,2026-01-05,3200.98,TRY,purchase
15405,119,52,2026-03-23,1275.59,TRY,refund
15406,689,50,2026-06-19,4421.82,TRY,transfer
15407,186,62,2025-08-23,1870.48,TRY,transfer
15408,578,8,2025-09-29,1207.53,TRY,transfer
15409,333,95,2025-10-26,2048.36,TRY,purchase
15410,646,84,2026-02-17,6981.59,TRY,transfer
15411,589,43,2026-06-03,6802.15,TRY,transfer
15412,803,31,2025-05-30,510.81,TRY,purchase
15413,688,95,2025-08-23,1336.54,TRY,purchase
15414,944,36,2025-11-01,902.8,TRY,refund
15415,620,42,2025-08-04,2111.56,TRY,transfer
15416,545,100,2025-12-21,2925.77,TRY,refund
15417,767,2,2025-10-18,2199.1,TRY,purchase
15418,265,4,2025-11-13,4801.24,TRY,transfer
15419,299,13,2026-02-19,6523.55,TRY,purchase
15420,435,93,2026-01-31,5380.53,TRY,refund
15421,864,13,2026-05-14,403.69,TRY,purchase
15422,227,29,2026-03-28,4111.64,TRY,refund
15423,1000,57,2025-09-30,5588.94,TRY,purchase
15424,136,96,2025-02-10,2991.29,TRY,transfer
15425,405,3,2026-01-19,6107.47,TRY,transfer
15426,27,89,2026-07-03,5375.03,TRY,refund
15427,608,1,2025-05-15,5076.43,TRY,transfer
15428,596,13,2026-05-25,383.87,TRY,transfer
15429,515,2,2026-03-26,5674.8,TRY,refund
15430,154,8,2026-05-04,2319.95,TRY,purchase
15431,985,97,2026-07-29,6584.51,TRY,refund
15432,893,60,2025-05-30,1077.63,TRY,transfer
15433,434,100,2026-02-05,6516.35,TRY,purchase
15434,286,80,2025-11-19,6231.51,TRY,transfer
15435,714,56,2025-03-05,643.5,TRY,refund
15436,732,5,2025-02-15,3713.95,TRY,transfer
15437,331,98,2025-10-05,4035.75,TRY,transfer
15438,299,89,2026-02-03,2464.04,TRY,refund
15439,919,64,2026-08-22,1196.33,TRY,purchase
15440,147,57,2025-03-08,5042.1,TRY,refund
15441,146,52,2025-04-05,3392.17,TRY,transfer
15442,430,61,2025-03-03,4667.99,TRY,refund
15443,518,31,2026-05-01,999.42,TRY,purchase
15444,70,99,2026-03-24,1801.81,TRY,transfer
15445,898,41,2025-09-23,3248.97,TRY,purchase
15446,225,18,2025-11-30,3886.48,TRY,transfer
15447,600,91,2026-02-22,1477.36,TRY,transfer
15448,903,12,2025-08-22,146.54,TRY,purchase
15449,311,88,2025-09-05,6189.62,TRY,purchase
15450,381,83,2026-02-05,3978.42,TRY,transfer
15451,342,32,2025-09-03,73.37,TRY,transfer
15452,807,11,2026-07-06,3507.44,TRY,refund
15453,170,37,2025-01-04,1979.64,TRY,refund
15454,388,12,2025-01-29,5878.53,TRY,purchase
15455,446,88,2025-03-08,4017.35,TRY,transfer
15456,520,9,2026-01-20,659.12,TRY,transfer
15457,208,92,2025-06-02,4026.02,TRY,transfer
15458,442,42,2025-07-17,6982.23,TRY,refund
15459,793,15,2025-11-03,2509.25,TRY,transfer
15460,79,71,2025-03-15,3938.8,TRY,transfer
15461,372,8,2025-08-21,5705.19,TRY,refund
15462,771,92,2025-07-27,2705.78,TRY,purchase
15463,182,44,2025-03-09,2008.65,TRY,transfer
15464,676,92,2026-02-01,6127.56,TRY,transfer
15465,988,78,2025-03-23,930.42,TRY,purchase
15466,336,92,2025-06-13,486.01,TRY,purchase
15467,814,84,2025-09-03,5537.05,TRY,purchase
15468,560,59,2025-07-31,139.94,TRY,transfer
15469,396,5,2025-08-29,4556.18,TRY,transfer
15470,604,57,2026-01-03,6631.61,TRY,purchase
15471,480,96,2026-04-18,2585.14,TRY,transfer
15472,762,89,2025-10-31,4511.23,TRY,purchase
15473,564,76,2025-11-12,2602.18,TRY,purchase
15474,491,17,2025-12-12,4270.99,TRY,refund
15475,763,1,2025-07-17,3477.05,TRY,refund
15476,599,39,2025-03-23,1369.42,TRY,purchase
15477,964,3,2026-08-31,3597.49,TRY,refund
15478,750,41,2026-01-05,1107.38,TRY,purchase
15479,843,48,2025-11-28,2046.66,TRY,transfer
15480,724,33,2025-05-09,1200.1,TRY,refund
15481,888,10,2025-09-23,656.11,TRY,purchase
15482,771,51,2025-07-27,1052.36,TRY,refund
15483,541,100,2026-03-18,6000.21,TRY,purchase
15484,217,95,2025-07-14,6495.54,TRY,purchase
15485,12,45,2026-03-14,714.79,TRY,transfer
15486,923,30,2025-04-21,563.75,TRY,transfer
15487,672,90,2025-09-07,3458.68,TRY,purchase
15488,714,54,2026-04-26,5024.52,TRY,transfer
15489,56,66,2025-07-04,5202.41,TRY,purchase
15490,968,28,2026-01-15,5088.01,TRY,purchase
15491,758,20,2025-03-20,5698.96,TRY,purchase
15492,107,67,2026-08-23,229.15,TRY,transfer
15493,563,28,2025-02-20,3561.46,TRY,transfer
15494,584,28,2025-08-13,1462.14,TRY,transfer
15495,669,9,2025-07-12,3623.58,TRY,transfer
15496,620,11,2026-07-30,6591.62,TRY,refund
15497,842,3,2025-06-15,144.8,TRY,transfer
15498,157,72,2026-08-01,2860.96,TRY,transfer
15499,750,65,2025-05-02,3828.29,TRY,refund
15500,242,27,2025-11-22,6461.49,TRY,transfer
15501,827,67,2026-03-08,1271.07,TRY,transfer
15502,255,48,2026-06-02,5030.46,TRY,purchase
15503,372,70,2026-06-22,6937.24,TRY,refund
15504,498,85,2026-08-31,3060.75,TRY,purchase
15505,469,53,2026-07-24,3474.65,TRY,purchase
15506,183,36,2025-10-18,2942.71,TRY,refund
15507,163,26,2025-12-19,6546.43,TRY,transfer
15508,740,82,2026-01-26,1917.11,TRY,refund
15509,29,89,2026-08-21,1316.63,TRY,refund
15510,30,19,2026-08-14,302.08,TRY,refund
15511,930,48,2025-09-19,6886.21,TRY,purchase
15512,949,82,2025-09-27,3889.88,TRY,transfer
15513,38,12,2025-11-05,3256.18,TRY,transfer
15514,591,71,2025-08-01,5777.38,TRY,purchase
15515,663,87,2025-04-21,2364.36,TRY,transfer
15516,402,46,2026-06-06,2638.81,TRY,transfer
15517,538,93,2025-04-20,1926.61,TRY,purchase
15518,855,35,2026-07-06,5955.13,TRY,refund
15519,987,36,2025-11-29,1706.87,TRY,refund
15520,581,25,2025-06-26,6351.52,TRY,purchase
15521,224,34,2025-12-19,4782.96,TRY,purchase
15522,519,86,2025-03-14,520.32,TRY,refund
15523,368,76,2026-01-22,2867.72,TRY,purchase
15524,976,91,2025-10-26,2155.23,TRY,refund
15525,399,48,2026-06-16,4678.64,TRY,transfer
15526,61,68,2025-12-25,3304.75,TRY,purchase
15527,495,6,2026-01-29,832.19,TRY,refund
15528,890,2,2025-06-30,1183.94,TRY,purchase
15529,847,82,2025-12-14,6262.4,TRY,transfer
15530,428,2,2026-01-22,6453.39,TRY,transfer
15531,343,46,2025-06-27,1260.73,TRY,transfer
15532,801,47,2025-01-24,4176.96,TRY,refund
15533,296,28,2026-03-22,149.69,TRY,transfer
15534,278,69,2026-06-11,5686.22,TRY,refund
15535,547,85,2026-02-09,5044.93,TRY,purchase
15536,546,14,2026-05-23,2003.86,TRY,refund
15537,766,41,2026-03-28,2830.54,TRY,purchase
15538,443,84,2025-08-07,5575.31,TRY,transfer
15539,715,87,2025-01-13,4454.55,TRY,transfer
15540,595,85,2026-05-03,6602.79,TRY,purchase
15541,664,7,2025-08-15,2979.38,TRY,transfer
15542,717,98,2025-02-05,3266.78,TRY,refund
15543,434,57,2025-09-14,1520.95,TRY,refund
15544,956,1,2026-08-04,4953.93,TRY,refund
15545,55,42,2025-12-13,2373.93,TRY,purchase
15546,113,89,2025-07-24,1462.06,TRY,refund
15547,885,30,2025-04-02,6872.38,TRY,refund
15548,743,18,2026-05-14,4903.47,TRY,transfer
15549,965,55,2025-08-18,694.26,TRY,transfer
15550,365,31,2025-09-21,161.33,TRY,purchase
15551,401,16,2025-02-19,873.99,TRY,transfer
15552,534,41,2025-06-05,2680.17,TRY,purchase
15553,214,11,2025-02-17,3125.67,TRY,transfer
15554,869,91,2025-12-11,3298.42,TRY,transfer
15555,705,71,2025-10-16,2943.22,TRY,purchase
15556,381,38,2025-05-18,149.2,TRY,transfer
15557,90,12,2026-06-15,2948.2,TRY,transfer
15558,178,61,2025-06-18,2807.03,TRY,transfer
15559,311,6,2025-03-23,5467.64,TRY,transfer
15560,95,37,2026-08-02,3080.1,TRY,transfer
15561,451,93,2025-09-20,774.34,TRY,purchase
15562,842,65,2025-05-10,3252.92,TRY,transfer
15563,365,96,2025-04-16,5426.69,TRY,purchase
15564,605,35,2026-06-23,1203.34,TRY,transfer
15565,574,98,2025-05-24,3278.86,TRY,transfer
15566,225,35,2025-08-03,5571.87,TRY,refund
15567,443,30,2026-01-16,3137.93,TRY,purchase
15568,545,89,2026-06-26,2825.22,TRY,transfer
15569,778,26,2025-11-21,6935.75,TRY,refund
15570,989,30,2026-04-23,2013.18,TRY,refund
15571,114,40,2026-04-03,1311.67,TRY,refund
15572,963,87,2026-04-12,4176.34,TRY,purchase
15573,127,89,2026-07-07,200.5,TRY,purchase
15574,132,32,2025-07-14,2979.22,TRY,transfer
15575,106,88,2025-05-29,5073.68,TRY,refund
15576,364,35,2025-06-13,5818.64,TRY,refund
15577,252,76,2026-08-29,3173.44,TRY,transfer
15578,719,3,2025-10-05,4752.46,TRY,refund
15579,853,90,2025-12-11,6422.87,TRY,transfer
15580,547,53,2025-03-27,1531.69,TRY,refund
15581,200,20,2025-09-07,2587.8,TRY,purchase
15582,409,32,2025-05-11,6230.72,TRY,refund
15583,463,42,2025-12-14,6598.51,TRY,transfer
15584,514,37,2025-02-08,5903.35,TRY,refund
15585,154,9,2025-01-04,6836.17,TRY,transfer
15586,612,74,2026-05-13,4142.69,TRY,transfer
15587,531,43,2026-04-16,2863.68,TRY,purchase
15588,71,87,2026-08-09,2853.79,TRY,refund
15589,936,85,2026-02-04,4816.28,TRY,transfer
15590,210,75,2026-08-03,5189.9,TRY,refund
15591,946,69,2025-07-19,2732.51,TRY,transfer
15592,33,100,2026-05-21,4079.38,TRY,transfer
15593,43,92,2026-08-04,3418.56,TRY,transfer
15594,959,69,2025-07-07,5695.86,TRY,refund
15595,675,94,2026-08-14,3590.64,TRY,purchase
15596,970,90,2025-09-07,3651.91,TRY,purchase
15597,111,97,2025-07-13,2838.63,TRY,purchase
15598,288,1,2026-06-04,5207.84,TRY,purchase
15599,625,43,2025-06-03,5013.91,TRY,transfer
15600,388,34,2026-02-09,3382.96,TRY,refund
15601,949,42,2026-02-26,4843.85,TRY,purchase
15602,745,93,2025-07-02,1028.94,TRY,transfer
15603,938,95,2025-12-03,176.81,TRY,refund
15604,665,49,2026-04-23,5161.39,TRY,transfer
15605,850,85,2025-10-22,3515.94,TRY,transfer
15606,863,2,2026-01-19,4055.29,TRY,refund
15607,491,37,2025-07-05,71.51,TRY,purchase
15608,546,73,2025-06-02,1586.74,TRY,purchase
15609,678,58,2025-04-07,6781.36,TRY,purchase
15610,872,91,2025-10-19,1363.81,TRY,transfer
15611,676,66,2025-03-03,5526.84,TRY,purchase
15612,933,93,2026-04-18,6064.78,TRY,purchase
15613,676,35,2025-06-10,3757.37,TRY,refund
15614,847,5,2026-08-09,2833.2,TRY,refund
15615,325,63,2025-08-17,3711.75,TRY,refund
15616,240,81,2026-04-22,2217.56,TRY,purchase
15617,181,20,2025-01-13,3403.74,TRY,purchase
15618,845,41,2026-08-08,4763.56,TRY,transfer
15619,954,7,2025-12-04,2701.85,TRY,purchase
15620,937,24,2025-06-03,1898.14,TRY,transfer
15621,37,30,2025-06-22,4493.4,TRY,transfer
15622,87,31,2025-07-15,3258.41,TRY,purchase
15623,61,50,2026-07-05,2175.36,TRY,transfer
15624,704,53,2025-10-12,6899.04,TRY,purchase
15625,587,30,2026-07-28,6685.28,TRY,refund
15626,335,47,2025-02-10,3082.92,TRY,transfer
15627,194,23,2025-01-08,284.81,TRY,transfer
15628,748,68,2025-05-17,4613.35,TRY,refund
15629,274,88,2026-08-30,865.68,TRY,purchase
15630,644,50,2025-04-14,21.02,TRY,refund
15631,326,85,2026-05-13,402.06,TRY,purchase
15632,593,25,2026-02-22,1797.41,TRY,refund
15633,281,13,2026-01-19,5883.45,TRY,purchase
15634,522,18,2025-07-06,1207.64,TRY,purchase
15635,230,86,2025-06-19,5219.73,TRY,transfer
15636,382,8,2025-03-21,198.06,TRY,purchase
15637,184,25,2025-06-11,5054.17,TRY,purchase
15638,223,73,2026-08-15,4470.08,TRY,purchase
15639,949,92,2026-07-08,2216.57,TRY,transfer
15640,916,16,2025-10-17,6867.73,TRY,refund
15641,240,41,2025-02-07,1221.01,TRY,purchase
15642,731,35,2025-03-28,2760.09,TRY,purchase
15643,54,89,2025-03-28,4206.0,TRY,transfer
15644,348,29,2025-05-26,6748.12,TRY,purchase
15645,337,79,2026-05-06,3526.79,TRY,refund
15646,679,23,2026-07-08,639.84,TRY,refund
15647,955,84,2025-09-10,4458.84,TRY,purchase
15648,729,84,2025-11-08,4820.01,TRY,purchase
15649,640,74,2026-04-25,6608.38,TRY,transfer
15650,890,12,2026-05-13,2857.84,TRY,purchase
15651,681,14,2026-09-01,5708.88,TRY,transfer
15652,873,97,2025-04-16,774.01,TRY,refund
15653,822,27,2025-04-27,5700.76,TRY,transfer
15654,457,7,2025-03-22,4680.37,TRY,purchase
15655,967,1,2025-11-05,4726.37,TRY,transfer
15656,535,18,2025-01-29,2856.9,TRY,transfer
15657,357,49,2025-05-30,4540.6,TRY,purchase
15658,645,4,2026-07-15,1335.16,TRY,purchase
15659,723,64,2025-07-15,3045.15,TRY,refund
15660,149,83,2026-07-31,6813.31,TRY,transfer
15661,467,17,2026-01-18,6903.5,TRY,transfer
15662,720,17,2025-02-22,5208.07,TRY,transfer
15663,323,49,2025-12-26,2895.89,TRY,transfer
15664,476,80,2025-04-07,6164.86,TRY,refund
15665,456,10,2025-05-26,3258.14,TRY,transfer
15666,319,35,2025-01-20,696.51,TRY,purchase
15667,357,74,2026-04-07,931.59,TRY,purchase
15668,255,84,2025-06-19,2180.28,TRY,transfer
15669,598,59,2025-02-14,3218.02,TRY,purchase
15670,17,51,2026-07-24,2988.81,TRY,transfer
15671,522,61,2026-07-19,5882.31,TRY,purchase
15672,589,24,2025-03-04,4987.27,TRY,purchase
15673,839,89,2025-05-25,3810.94,TRY,refund
15674,296,6,2025-10-02,117.66,TRY,refund
15675,769,12,2026-03-15,6050.74,TRY,transfer
15676,673,33,2025-11-24,4808.32,TRY,purchase
15677,327,56,2025-05-14,1178.42,TRY,transfer
15678,269,67,2025-04-28,4367.91,TRY,purchase
15679,418,2,2025-10-25,2339.64,TRY,transfer
15680,767,79,2026-07-11,1317.1,TRY,refund
15681,563,9,2025-10-17,6304.22,TRY,purchase
15682,350,85,2026-03-21,2121.78,TRY,refund
15683,694,13,2026-05-11,1036.17,TRY,purchase
15684,175,52,2026-07-31,3602.33,TRY,refund
15685,844,32,2025-08-17,1908.91,TRY,refund
15686,231,25,2026-07-12,2098.33,TRY,purchase
15687,22,79,2025-05-22,2934.13,TRY,refund
15688,518,66,2025-07-21,1481.33,TRY,purchase
15689,730,23,2025-02-21,3533.6,TRY,transfer
15690,157,6,2026-01-07,2812.67,TRY,refund
15691,630,68,2025-01-10,6875.59,TRY,refund
15692,262,7,2025-12-15,3769.05,TRY,refund
15693,448,46,2026-01-09,571.24,TRY,refund
15694,765,33,2025-09-07,5438.29,TRY,refund
15695,966,5,2025-09-15,6919.42,TRY,refund
15696,771,91,2025-11-05,6070.64,TRY,transfer
15697,717,73,2025-05-24,5289.44,TRY,purchase
15698,608,48,2025-10-14,2254.83,TRY,refund
15699,964,78,2025-03-30,1294.39,TRY,transfer
15700,216,10,2025-04-11,5647.26,TRY,transfer
15701,585,37,2026-08-21,2071.56,TRY,refund
15702,932,17,2025-07-08,5880.84,TRY,purchase
15703,145,80,2026-08-11,2358.68,TRY,transfer
15704,912,59,2025-10-31,1103.89,TRY,transfer
15705,846,53,2025-08-13,44.52,TRY,refund
15706,630,42,2025-12-16,182.23,TRY,refund
15707,996,57,2026-06-29,4572.76,TRY,refund
15708,728,37,2025-03-10,6173.51,TRY,purchase
15709,560,71,2025-06-22,3553.57,TRY,purchase
15710,14,93,2025-12-11,5044.41,TRY,transfer
15711,778,21,2025-12-23,733.99,TRY,purchase
15712,124,65,2026-08-29,5100.34,TRY,refund
15713,391,21,2025-09-08,6883.86,TRY,purchase
15714,445,49,2026-01-14,5804.99,TRY,refund
15715,400,29,2026-03-13,6077.43,TRY,purchase
15716,50,88,2025-10-30,5746.82,TRY,purchase
15717,208,41,2026-08-18,5973.35,TRY,purchase
15718,81,45,2026-02-10,5757.5,TRY,purchase
15719,470,86,2026-01-09,5862.32,TRY,refund
15720,736,52,2026-08-04,2014.29,TRY,purchase
15721,271,50,2026-03-30,6982.82,TRY,refund
15722,634,19,2026-06-01,1382.3,TRY,transfer
15723,855,79,2026-01-28,5687.64,TRY,refund
15724,773,61,2026-04-14,1849.1,TRY,purchase
15725,673,51,2025-05-06,5655.35,TRY,refund
15726,943,47,2026-03-03,4818.54,TRY,refund
15727,924,60,2026-02-16,2183.37,TRY,refund
15728,218,32,2026-01-28,2515.81,TRY,transfer
15729,402,15,2026-04-04,828.27,TRY,purchase
15730,433,74,2026-02-23,3227.88,TRY,refund
15731,614,29,2025-07-08,1979.29,TRY,transfer
15732,659,53,2025-06-08,1601.66,TRY,refund
15733,206,55,2025-06-26,3532.64,TRY,refund
15734,86,45,2026-03-02,1315.72,TRY,transfer
15735,212,64,2025-10-19,3118.98,TRY,transfer
15736,297,9,2026-05-27,5163.31,TRY,purchase
15737,717,32,2026-03-01,5181.26,TRY,purchase
15738,119,7,2026-04-27,6642.1,TRY,refund
15739,490,50,2025-02-16,2586.5,TRY,refund
15740,765,43,2025-02-07,1450.26,TRY,transfer
15741,860,89,2025-04-13,3008.87,TRY,transfer
15742,827,85,2026-01-07,6445.9,TRY,transfer
15743,739,70,2025-02-26,4401.08,TRY,refund
15744,112,66,2025-11-16,2686.9,TRY,transfer
15745,808,64,2026-01-21,63.41,TRY,transfer
15746,685,48,2026-04-08,6313.72,TRY,refund
15747,440,4,2025-07-28,5966.64,TRY,purchase
15748,678,22,2025-10-17,929.32,TRY,refund
15749,415,23,2025-05-28,3505.29,TRY,transfer
15750,992,81,2025-05-26,628.55,TRY,purchase
15751,420,50,2025-12-11,6859.59,TRY,refund
15752,469,30,2025-02-27,2657.48,TRY,transfer
15753,795,6,2026-05-16,6324.37,TRY,refund
15754,697,64,2025-06-17,6490.96,TRY,transfer
15755,200,53,2026-01-18,4993.19,TRY,refund
15756,77,34,2026-04-16,4894.2,TRY,refund
15757,362,89,2026-04-26,4408.5,TRY,refund
15758,262,4,2025-06-10,1121.41,TRY,purchase
15759,970,92,2025-05-11,5727.46,TRY,refund
15760,882,75,2025-09-19,5704.98,TRY,refund
15761,745,58,2025-06-28,1881.33,TRY,refund
15762,609,12,2026-04-12,3024.77,TRY,transfer
15763,736,24,2026-03-09,692.63,TRY,transfer
15764,652,10,2025-01-27,4056.44,TRY,refund
15765,941,83,2026-05-05,3599.56,TRY,purchase
15766,987,72,2025-09-08,1441.42,TRY,transfer
15767,780,3,2026-05-18,6964.37,TRY,purchase
15768,648,31,2025-04-29,2468.0,TRY,refund
15769,993,62,2025-01-10,2394.48,TRY,purchase
15770,663,86,2025-02-11,3738.91,TRY,refund
15771,89,77,2026-07-03,1410.78,TRY,transfer
15772,395,8,2026-02-11,3989.2,TRY,transfer
15773,188,40,2026-07-15,6652.63,TRY,refund
15774,427,95,2026-08-09,623.48,TRY,purchase
15775,863,25,2025-01-14,6607.74,TRY,transfer
15776,452,46,2026-06-25,2706.66,TRY,transfer
15777,710,84,2025-01-29,6533.98,TRY,purchase
15778,827,38,2025-10-02,701.73,TRY,refund
15779,77,51,2026-02-20,4458.78,TRY,transfer
15780,101,26,2025-01-04,2793.66,TRY,refund
15781,291,68,2025-12-24,1372.87,TRY,refund
15782,91,81,2025-01-14,2049.4,TRY,transfer
15783,806,3,2026-06-12,3942.1,TRY,purchase
15784,323,84,2026-05-05,6265.58,TRY,transfer
15785,597,67,2026-05-12,2534.32,TRY,transfer
15786,260,93,2025-02-24,1201.45,TRY,transfer
15787,250,65,2026-04-16,485.19,TRY,purchase
15788,552,77,2025-05-26,3220.03,TRY,transfer
15789,236,44,2025-10-16,5299.25,TRY,refund
15790,703,35,2025-12-11,5516.34,TRY,transfer
15791,928,96,2025-01-24,2406.63,TRY,transfer
15792,449,26,2025-03-05,6731.5,TRY,transfer
15793,765,77,2025-11-27,942.96,TRY,purchase
15794,785,36,2025-12-28,5556.86,TRY,refund
15795,656,67,2025-06-24,5813.38,TRY,refund
15796,751,82,2026-02-16,2983.71,TRY,refund
15797,220,7,2026-01-03,791.36,TRY,transfer
15798,939,11,2026-02-26,1383.9,TRY,refund
15799,633,75,2026-03-22,1615.49,TRY,purchase
15800,997,59,2025-09-06,1393.56,TRY,purchase
15801,894,72,2025-12-27,2784.04,TRY,transfer
15802,256,51,2026-08-08,5353.27,TRY,refund
15803,459,6,2025-03-03,5557.43,TRY,refund
15804,693,5,2025-09-06,1907.88,TRY,purchase
15805,870,55,2025-06-07,4273.7,TRY,purchase
15806,745,42,2026-02-19,1305.63,TRY,purchase
15807,269,25,2025-09-03,2600.06,TRY,refund
15808,91,100,2025-06-27,135.76,TRY,refund
15809,500,40,2025-05-12,5744.48,TRY,purchase
15810,656,69,2026-03-12,38.18,TRY,transfer
15811,192,68,2026-04-07,5370.3,TRY,transfer
15812,680,66,2026-04-05,251.94,TRY,refund
15813,379,52,2025-11-14,5592.54,TRY,refund
15814,902,98,2025-08-27,6236.76,TRY,transfer
15815,863,7,2026-04-27,2800.13,TRY,transfer
15816,719,8,2026-05-05,227.35,TRY,transfer
15817,592,50,2025-02-11,3853.06,TRY,refund
15818,477,40,2025-09-28,1610.22,TRY,refund
15819,829,76,2025-08-20,1958.74,TRY,transfer
15820,955,64,2025-03-14,2857.32,TRY,transfer
15821,116,47,2026-03-12,1462.67,TRY,refund
15822,20,53,2025-03-25,140.66,TRY,transfer
15823,689,11,2025-09-06,4802.6,TRY,purchase
15824,72,24,2025-07-14,170.3,TRY,refund
15825,509,21,2026-03-14,3536.13,TRY,refund
15826,235,6,2026-07-10,622.75,TRY,transfer
15827,44,26,2025-12-17,219.97,TRY,transfer
15828,765,35,2025-05-12,326.27,TRY,purchase
15829,520,93,2025-12-18,5118.04,TRY,transfer
15830,10,36,2025-05-20,2057.14,TRY,transfer
15831,339,13,2025-03-20,4621.33,TRY,transfer
15832,737,72,2025-08-17,4101.36,TRY,purchase
15833,833,9,2025-11-16,5531.89,TRY,transfer
15834,387,64,2026-07-18,2436.25,TRY,refund
15835,240,25,2025-09-28,2719.29,TRY,refund
15836,439,95,2026-02-13,3726.15,TRY,transfer
15837,213,7,2025-01-27,5184.07,TRY,purchase
15838,484,2,2025-09-03,6306.25,TRY,refund
15839,815,64,2025-10-25,5933.47,TRY,refund
15840,238,65,2025-12-16,137.68,TRY,transfer
15841,873,22,2026-01-16,4713.19,TRY,purchase
15842,290,35,2025-12-12,5469.71,TRY,refund
15843,168,72,2025-09-09,2583.21,TRY,transfer
15844,553,62,2025-09-18,1220.22,TRY,purchase
15845,596,35,2025-08-28,6004.62,TRY,purchase
15846,357,100,2025-10-16,4808.56,TRY,refund
15847,863,76,2025-09-28,5219.57,TRY,transfer
15848,524,30,2025-01-07,6142.64,TRY,transfer
15849,779,55,2025-02-20,6374.14,TRY,purchase
15850,791,92,2026-04-25,2585.94,TRY,transfer
15851,963,29,2026-08-11,1620.77,TRY,transfer
15852,745,76,2026-07-20,6097.82,TRY,refund
15853,463,98,2026-03-10,5488.81,TRY,purchase
15854,883,97,2025-09-16,1286.01,TRY,purchase
15855,605,66,2025-09-03,4223.92,TRY,refund
15856,769,43,2025-10-26,5161.48,TRY,transfer
15857,899,81,2026-08-22,6233.9,TRY,refund
15858,648,26,2025-08-10,5479.97,TRY,transfer
15859,661,2,2026-01-11,1535.34,TRY,refund
15860,237,33,2026-03-31,5534.88,TRY,transfer
15861,82,89,2026-02-01,3477.95,TRY,purchase
15862,264,100,2026-03-31,4570.43,TRY,transfer
15863,64,45,2025-11-14,1767.6,TRY,purchase
15864,600,22,2026-01-15,3612.39,TRY,refund
15865,595,14,2025-10-21,3833.7,TRY,transfer
15866,459,34,2025-12-01,4011.25,TRY,purchase
15867,667,65,2026-08-10,1433.05,TRY,transfer
15868,41,45,2026-06-18,6223.95,TRY,refund
15869,785,67,2026-02-14,5656.81,TRY,transfer
15870,264,49,2025-03-09,3857.48,TRY,refund
15871,866,11,2026-01-29,2269.66,TRY,refund
15872,65,34,2025-04-17,4640.13,TRY,transfer
15873,692,58,2025-11-16,6754.63,TRY,transfer
15874,734,16,2025-01-31,2301.76,TRY,refund
15875,199,17,2026-02-26,6332.39,TRY,refund
15876,434,28,2025-02-02,1278.04,TRY,refund
15877,930,97,2026-05-20,3808.98,TRY,refund
15878,346,30,2025-12-10,3374.25,TRY,refund
15879,430,51,2026-04-17,6312.59,TRY,refund
15880,859,100,2025-01-29,1548.06,TRY,purchase
15881,887,13,2025-04-24,4475.88,TRY,transfer
15882,171,36,2025-11-26,3940.82,TRY,purchase
15883,367,36,2026-05-10,4286.63,TRY,transfer
15884,879,39,2025-09-29,4831.64,TRY,purchase
15885,558,87,2025-12-23,482.96,TRY,transfer
15886,421,66,2025-07-28,4839.88,TRY,refund
15887,760,54,2025-05-25,5531.3,TRY,transfer
15888,603,81,2025-03-01,3587.1,TRY,purchase
15889,497,15,2025-01-29,2628.52,TRY,refund
15890,12,22,2025-07-22,1596.56,TRY,transfer
15891,522,3,2025-10-11,3131.01,TRY,purchase
15892,156,63,2025-07-07,919.7,TRY,purchase
15893,716,97,2026-05-17,6462.72,TRY,transfer
15894,762,92,2025-04-11,736.28,TRY,purchase
15895,353,74,2026-02-04,6434.52,TRY,transfer
15896,860,96,2026-04-02,6590.66,TRY,transfer
15897,378,10,2025-05-02,1893.48,TRY,refund
15898,453,60,2025-05-03,2699.17,TRY,purchase
15899,705,41,2025-07-23,3674.8,TRY,transfer
15900,814,52,2025-05-26,4561.83,TRY,refund
15901,524,97,2026-02-08,6165.79,TRY,purchase
15902,96,67,2026-08-11,477.13,TRY,purchase
15903,572,30,2025-10-15,5414.52,TRY,transfer
15904,701,35,2025-02-07,5864.65,TRY,refund
15905,657,92,2025-02-16,4683.69,TRY,purchase
15906,341,85,2026-07-23,6285.0,TRY,transfer
15907,765,73,2026-04-21,1989.0,TRY,transfer
15908,218,48,2025-11-09,444.2,TRY,transfer
15909,814,41,2026-07-16,2045.46,TRY,purchase
15910,307,79,2026-01-07,4407.15,TRY,transfer
15911,184,65,2026-05-23,2732.67,TRY,refund
15912,686,44,2026-03-20,3169.64,TRY,purchase
15913,769,67,2026-02-24,2874.8,TRY,transfer
15914,79,40,2025-12-17,6994.4,TRY,purchase
15915,774,76,2025-05-14,4713.68,TRY,purchase
15916,883,26,2025-07-27,3429.21,TRY,purchase
15917,823,23,2026-02-09,4618.3,TRY,purchase
15918,533,13,2025-11-03,2184.78,TRY,transfer
15919,585,8,2025-05-30,186.8,TRY,refund
15920,144,60,2025-08-28,2508.62,TRY,transfer
15921,112,74,2025-05-11,669.64,TRY,refund
15922,685,65,2026-03-15,5723.53,TRY,refund
15923,722,36,2026-06-28,5792.38,TRY,purchase
15924,578,56,2025-03-23,5643.54,TRY,purchase
15925,809,41,2025-06-01,4731.43,TRY,transfer
15926,459,4,2025-02-06,859.03,TRY,purchase
15927,386,21,2025-10-20,2998.35,TRY,refund
15928,156,9,2025-05-10,6103.32,TRY,refund
15929,416,20,2025-09-16,2047.19,TRY,refund
15930,425,20,2025-06-09,5067.7,TRY,purchase
15931,435,54,2025-12-25,1837.56,TRY,refund
15932,903,83,2026-03-07,5482.23,TRY,purchase
15933,945,25,2026-03-27,6799.27,TRY,refund
15934,49,9,2025-02-22,3970.51,TRY,refund
15935,995,92,2026-01-09,3395.38,TRY,refund
15936,240,65,2026-06-26,6665.9,TRY,purchase
15937,351,100,2026-04-09,3898.31,TRY,transfer
15938,211,59,2025-04-06,6828.13,TRY,refund
15939,663,99,2025-03-15,5901.52,TRY,transfer
15940,897,72,2025-12-25,5978.96,TRY,transfer
15941,658,52,2025-04-20,4823.1,TRY,transfer
15942,737,61,2026-07-14,584.54,TRY,transfer
15943,500,43,2026-06-02,5333.9,TRY,refund
15944,564,76,2025-05-03,3708.81,TRY,refund
15945,143,31,2025-07-30,3276.15,TRY,refund
15946,59,65,2026-04-20,492.32,TRY,refund
15947,489,11,2025-12-19,6009.03,TRY,purchase
15948,780,14,2025-01-10,6671.09,TRY,purchase
15949,265,63,2025-03-13,5526.1,TRY,refund
15950,46,56,2025-12-03,6272.32,TRY,transfer
15951,348,76,2025-02-09,5673.67,TRY,purchase
15952,923,57,2025-01-05,6223.56,TRY,refund
15953,961,9,2025-11-06,2972.69,TRY,purchase
15954,604,11,2025-02-25,1009.27,TRY,refund
15955,649,38,2025-06-27,1536.3,TRY,transfer
15956,199,58,2026-03-10,982.33,TRY,purchase
15957,114,93,2025-10-09,3312.52,TRY,purchase
15958,995,19,2026-02-08,4804.16,TRY,transfer
15959,380,53,2025-06-10,6987.3,TRY,purchase
15960,413,50,2026-08-26,1153.35,TRY,purchase
15961,398,18,2025-02-23,6898.12,TRY,purchase
15962,297,19,2025-04-15,1775.28,TRY,transfer
15963,839,64,2026-03-24,1619.83,TRY,purchase
15964,722,76,2026-05-28,2770.03,TRY,purchase
15965,515,15,2025-03-25,3865.84,TRY,purchase
15966,123,76,2026-02-05,4819.4,TRY,transfer
15967,338,25,2026-01-09,4137.38,TRY,purchase
15968,758,45,2026-06-01,1323.06,TRY,refund
15969,256,64,2025-10-16,3137.4,TRY,transfer
15970,883,90,2026-06-27,6310.85,TRY,refund
15971,340,88,2025-05-08,4262.71,TRY,refund
15972,547,15,2025-08-10,1509.2,TRY,purchase
15973,808,63,2025-06-02,1399.86,TRY,purchase
15974,567,67,2025-06-11,4508.78,TRY,purchase
15975,634,24,2026-04-14,2251.08,TRY,purchase
15976,796,27,2026-06-27,3316.47,TRY,refund
15977,945,41,2025-10-20,5644.43,TRY,purchase
15978,817,43,2025-11-01,3414.31,TRY,refund
15979,197,24,2025-10-30,6861.57,TRY,purchase
15980,432,80,2025-02-11,5690.92,TRY,purchase
15981,816,21,2025-11-03,4095.41,TRY,purchase
15982,285,87,2025-04-18,107.94,TRY,refund
15983,886,13,2026-04-29,5731.92,TRY,refund
15984,527,73,2026-03-07,3480.28,TRY,refund
15985,758,27,2026-01-27,6408.24,TRY,purchase
15986,283,100,2025-11-17,5261.02,TRY,refund
15987,351,64,2025-10-16,995.05,TRY,refund
15988,236,60,2025-08-08,3194.13,TRY,purchase
15989,925,51,2026-08-13,6119.86,TRY,purchase
15990,462,19,2025-09-19,2199.99,TRY,transfer
15991,973,61,2025-05-04,1160.71,TRY,purchase
15992,387,76,2025-11-19,6551.2,TRY,refund
15993,665,82,2025-09-05,2926.05,TRY,purchase
15994,947,6,2025-03-03,4066.94,TRY,purchase
15995,355,92,2026-06-08,2628.72,TRY,refund
15996,763,7,2025-05-18,4218.5,TRY,purchase
15997,521,74,2025-12-30,1667.84,TRY,transfer
15998,624,61,2025-01-23,6573.87,TRY,transfer
15999,267,5,2025-03-20,1453.15,TRY,refund
16000,276,71,2026-08-12,2756.27,TRY,refund
16001,571,17,2026-03-15,5859.67,TRY,refund
16002,390,78,2025-05-10,1855.05,TRY,purchase
16003,7,43,2026-08-09,4416.94,TRY,transfer
16004,250,15,2026-07-13,6356.9,TRY,refund
16005,684,39,2026-05-12,4271.66,TRY,purchase
16006,336,5,2025-12-02,5494.01,TRY,refund
16007,600,35,2025-01-14,2875.82,TRY,purchase
16008,249,43,2026-03-06,4442.03,TRY,purchase
16009,473,2,2026-01-30,546.47,TRY,transfer
16010,371,6,2025-03-01,6920.44,TRY,transfer
16011,102,63,2025-04-18,6813.81,TRY,transfer
16012,644,47,2025-09-08,3097.03,TRY,transfer
16013,908,13,2026-04-18,3390.83,TRY,transfer
16014,269,1,2026-07-26,4314.09,TRY,transfer
16015,319,61,2026-08-15,3101.09,TRY,transfer
16016,218,10,2025-05-01,2550.53,TRY,refund
16017,331,96,2025-03-07,2958.99,TRY,purchase
16018,764,32,2026-08-27,3710.47,TRY,transfer
16019,548,31,2026-01-31,5912.94,TRY,refund
16020,990,1,2025-02-11,4159.93,TRY,refund
16021,869,14,2026-07-20,3846.4,TRY,transfer
16022,804,18,2026-07-20,4817.33,TRY,transfer
16023,949,63,2025-12-28,3437.0,TRY,purchase
16024,602,87,2026-07-09,3836.9,TRY,purchase
16025,650,100,2025-07-18,382.84,TRY,refund
16026,350,89,2025-12-22,5813.78,TRY,transfer
16027,417,84,2025-04-07,2669.23,TRY,transfer
16028,259,13,2025-07-21,5852.99,TRY,purchase
16029,750,80,2025-07-29,6524.23,TRY,purchase
16030,23,53,2025-10-27,2824.8,TRY,purchase
16031,431,84,2026-03-15,3427.03,TRY,transfer
16032,997,65,2025-09-04,2928.85,TRY,purchase
16033,607,81,2025-11-09,4999.93,TRY,transfer
16034,882,4,2025-07-05,6003.64,TRY,transfer
16035,684,90,2025-07-01,4185.07,TRY,purchase
16036,740,97,2026-06-08,4816.36,TRY,purchase
16037,447,40,2025-06-07,5836.47,TRY,transfer
16038,56,30,2025-03-18,2438.48,TRY,transfer
16039,912,21,2025-06-23,5208.95,TRY,refund
16040,658,68,2025-03-29,4907.09,TRY,refund
16041,474,23,2026-08-19,6700.27,TRY,transfer
16042,189,45,2026-04-25,3728.09,TRY,refund
16043,240,54,2026-06-28,767.39,TRY,purchase
16044,18,42,2025-08-14,1056.54,TRY,refund
16045,142,55,2025-02-19,304.56,TRY,transfer
16046,91,70,2025-04-20,6222.21,TRY,purchase
16047,940,3,2026-05-07,1502.92,TRY,transfer
16048,961,72,2025-03-04,6541.84,TRY,purchase
16049,645,19,2025-06-20,629.4,TRY,refund
16050,641,26,2026-03-02,2464.18,TRY,purchase
16051,973,13,2025-03-03,560.48,TRY,refund
16052,822,82,2025-10-07,2341.44,TRY,purchase
16053,743,45,2025-02-22,260.34,TRY,transfer
16054,82,9,2026-04-18,834.9,TRY,transfer
16055,29,66,2026-01-16,4401.88,TRY,purchase
16056,995,89,2025-03-06,5862.94,TRY,refund
16057,24,86,2025-11-07,768.8,TRY,purchase
16058,743,44,2025-03-03,5877.34,TRY,purchase
16059,1000,22,2026-05-31,3200.22,TRY,refund
16060,62,67,2025-07-06,2779.05,TRY,purchase
16061,200,73,2025-02-26,4131.4,TRY,purchase
16062,572,2,2026-03-26,4322.98,TRY,purchase
16063,292,78,2025-09-04,3460.11,TRY,purchase
16064,615,12,2025-02-02,1945.49,TRY,purchase
16065,311,16,2025-09-19,2682.44,TRY,transfer
16066,514,16,2026-05-22,2240.07,TRY,refund
16067,66,6,2026-08-03,2458.4,TRY,purchase
16068,813,38,2026-07-07,5065.09,TRY,refund
16069,954,77,2025-03-08,5719.49,TRY,refund
16070,344,30,2026-03-04,5220.41,TRY,refund
16071,946,61,2025-02-27,2490.66,TRY,purchase
16072,700,25,2025-11-12,3345.79,TRY,purchase
16073,825,100,2026-08-15,5957.22,TRY,refund
16074,564,25,2025-12-31,5123.7,TRY,purchase
16075,941,83,2026-01-22,6511.76,TRY,refund
16076,864,5,2026-01-13,3701.61,TRY,refund
16077,519,71,2025-03-16,720.49,TRY,refund
16078,359,58,2026-05-02,612.35,TRY,purchase
16079,454,58,2026-01-05,3317.05,TRY,refund
16080,932,17,2026-04-18,517.8,TRY,transfer
16081,400,14,2025-02-04,2009.72,TRY,purchase
16082,256,3,2026-04-30,1463.15,TRY,transfer
16083,752,45,2025-08-28,3941.64,TRY,transfer
16084,148,65,2025-03-09,2266.72,TRY,refund
16085,550,3,2025-01-10,5053.64,TRY,transfer
16086,873,72,2026-01-29,6231.91,TRY,refund
16087,620,1,2025-03-05,5754.03,TRY,refund
16088,252,34,2026-04-23,2304.32,TRY,purchase
16089,765,57,2025-11-01,6754.76,TRY,purchase
16090,265,39,2025-11-10,1674.1,TRY,transfer
16091,269,36,2026-02-25,5222.15,TRY,purchase
16092,410,52,2025-06-28,2910.16,TRY,purchase
16093,612,45,2025-04-09,4104.13,TRY,transfer
16094,535,14,2025-08-22,3749.15,TRY,purchase
16095,194,36,2025-11-08,6646.1,TRY,refund
16096,938,44,2025-07-04,4025.33,TRY,transfer
16097,164,60,2026-04-18,3307.5,TRY,transfer
16098,465,12,2025-07-14,2599.18,TRY,transfer
16099,620,83,2026-02-26,839.3,TRY,refund
16100,24,8,2025-03-24,1451.1,TRY,purchase
16101,249,87,2026-05-20,3520.87,TRY,purchase
16102,821,70,2026-04-28,4615.9,TRY,refund
16103,682,91,2026-06-22,4494.59,TRY,transfer
16104,170,74,2025-09-05,427.86,TRY,purchase
16105,945,100,2026-04-07,6663.15,TRY,purchase
16106,839,41,2026-07-22,2105.62,TRY,purchase
16107,621,83,2025-01-06,5996.21,TRY,purchase
16108,649,43,2025-01-27,4107.76,TRY,refund
16109,419,91,2026-01-29,4673.24,TRY,purchase
16110,343,1,2026-03-03,3627.96,TRY,purchase
16111,959,24,2026-01-08,5191.92,TRY,transfer
16112,161,65,2026-06-18,5382.8,TRY,transfer
16113,467,26,2026-04-17,4474.69,TRY,refund
16114,27,57,2025-01-12,1856.36,TRY,purchase
16115,596,4,2025-06-27,6998.21,TRY,purchase
16116,421,87,2025-04-17,3480.81,TRY,purchase
16117,196,64,2026-08-07,4439.09,TRY,purchase
16118,33,73,2025-01-16,2313.94,TRY,purchase
16119,830,25,2025-02-27,828.94,TRY,transfer
16120,165,43,2025-05-08,5938.6,TRY,transfer
16121,438,37,2026-04-04,156.52,TRY,transfer
16122,382,95,2025-11-22,339.42,TRY,purchase
16123,85,32,2026-04-06,6792.27,TRY,transfer
16124,301,91,2025-10-05,5874.94,TRY,purchase
16125,876,45,2026-01-23,2519.98,TRY,purchase
16126,841,61,2025-04-12,2277.83,TRY,transfer
16127,725,4,2025-01-11,3399.79,TRY,transfer
16128,528,29,2026-06-07,1059.76,TRY,transfer
16129,149,8,2025-03-25,1018.69,TRY,purchase
16130,735,14,2025-11-23,5653.63,TRY,refund
16131,959,23,2025-02-19,3396.67,TRY,transfer
16132,797,55,2026-04-29,4016.52,TRY,transfer
16133,831,64,2025-11-17,4761.47,TRY,purchase
16134,748,97,2026-06-02,3044.23,TRY,transfer
16135,805,58,2025-05-25,2584.33,TRY,purchase
16136,447,77,2026-04-23,1727.95,TRY,refund
16137,961,66,2026-04-05,5622.91,TRY,transfer
16138,726,75,2025-09-25,4134.29,TRY,purchase
16139,873,85,2025-08-04,853.72,TRY,refund
16140,111,15,2025-01-09,6138.36,TRY,transfer
16141,572,11,2026-05-21,3597.7,TRY,purchase
16142,234,43,2026-04-15,515.12,TRY,transfer
16143,61,76,2025-07-21,4853.29,TRY,refund
16144,436,93,2025-04-24,3397.96,TRY,refund
16145,370,65,2026-06-04,618.69,TRY,transfer
16146,908,31,2026-04-22,5841.69,TRY,purchase
16147,432,9,2026-04-07,560.05,TRY,refund
16148,350,89,2025-02-26,6246.54,TRY,refund
16149,554,34,2026-08-11,1386.14,TRY,purchase
16150,823,86,2026-05-06,6697.51,TRY,purchase
16151,857,54,2025-09-30,6653.31,TRY,transfer
16152,980,26,2025-10-04,6519.08,TRY,refund
16153,315,27,2025-10-09,448.76,TRY,transfer
16154,535,43,2025-11-17,4163.21,TRY,purchase
16155,58,66,2026-04-13,3178.73,TRY,refund
16156,322,56,2026-01-22,5099.8,TRY,purchase
16157,321,63,2026-08-19,26.98,TRY,purchase
16158,849,95,2026-06-04,498.34,TRY,refund
16159,779,67,2025-07-26,1147.41,TRY,purchase
16160,479,94,2025-07-28,3883.75,TRY,transfer
16161,403,43,2025-10-24,1648.68,TRY,purchase
16162,109,16,2025-05-16,6750.17,TRY,transfer
16163,600,23,2026-06-22,4272.27,TRY,transfer
16164,140,18,2025-09-26,4013.22,TRY,refund
16165,418,12,2025-08-13,2185.85,TRY,transfer
16166,507,61,2026-01-26,324.53,TRY,purchase
16167,105,3,2026-07-01,6460.39,TRY,purchase
16168,268,47,2025-07-22,573.77,TRY,purchase
16169,936,41,2026-05-20,761.41,TRY,purchase
16170,791,50,2025-12-10,958.49,TRY,refund
16171,120,89,2025-01-10,2829.14,TRY,refund
16172,420,55,2026-03-23,2514.23,TRY,refund
16173,375,70,2025-09-14,246.87,TRY,purchase
16174,652,92,2026-08-17,605.45,TRY,purchase
16175,221,57,2025-10-01,4090.04,TRY,refund
16176,199,55,2025-11-03,2554.59,TRY,refund
16177,1000,10,2025-06-13,5767.41,TRY,transfer
16178,166,39,2026-07-20,5106.75,TRY,refund
16179,443,82,2025-11-05,541.91,TRY,refund
16180,486,96,2025-05-20,866.03,TRY,purchase
16181,981,9,2025-03-27,1747.93,TRY,refund
16182,539,31,2026-08-29,6100.87,TRY,purchase
16183,173,65,2025-06-13,4045.77,TRY,refund
16184,498,93,2025-06-30,1267.39,TRY,purchase
16185,508,11,2025-03-20,1523.21,TRY,refund
16186,29,83,2025-08-21,1338.6,TRY,refund
16187,532,97,2026-08-28,2025.87,TRY,transfer
16188,295,78,2025-05-25,3472.16,TRY,purchase
16189,437,61,2026-05-08,1968.42,TRY,refund
16190,193,22,2025-10-24,2335.61,TRY,purchase
16191,974,74,2025-12-05,6666.57,TRY,refund
16192,278,73,2026-03-22,3789.63,TRY,refund
16193,162,59,2026-02-16,316.5,TRY,purchase
16194,942,94,2025-06-28,6299.85,TRY,purchase
16195,490,64,2025-04-24,3412.58,TRY,refund
16196,600,76,2025-10-21,1916.38,TRY,purchase
16197,662,72,2025-07-12,4086.3,TRY,purchase
16198,963,23,2025-10-06,3461.35,TRY,purchase
16199,318,22,2026-08-22,4777.81,TRY,refund
16200,992,42,2025-10-05,6938.84,TRY,refund
16201,973,15,2025-06-19,366.55,TRY,refund
16202,238,12,2026-01-28,3897.92,TRY,transfer
16203,45,49,2026-07-29,1285.26,TRY,purchase
16204,252,80,2026-05-01,4477.15,TRY,refund
16205,711,62,2025-11-24,1402.29,TRY,transfer
16206,582,73,2026-07-04,1569.72,TRY,purchase
16207,565,62,2025-12-15,4258.49,TRY,purchase
16208,372,65,2026-06-27,2118.35,TRY,purchase
16209,598,98,2025-11-14,3598.88,TRY,refund
16210,428,38,2025-04-29,485.84,TRY,transfer
16211,535,1,2025-08-26,5083.27,TRY,refund
16212,463,6,2025-01-19,2970.11,TRY,refund
16213,617,28,2026-07-07,5558.64,TRY,refund
16214,245,66,2025-03-16,224.62,TRY,transfer
16215,406,32,2026-05-26,5950.2,TRY,transfer
16216,450,22,2025-03-14,3943.22,TRY,purchase
16217,575,17,2025-05-21,2765.25,TRY,refund
16218,255,40,2025-02-17,2418.87,TRY,refund
16219,293,79,2026-06-04,6812.59,TRY,transfer
16220,21,97,2025-04-25,3342.77,TRY,purchase
16221,841,40,2025-03-04,4894.47,TRY,purchase
16222,74,59,2026-01-10,2547.94,TRY,refund
16223,607,86,2025-09-01,2292.44,TRY,transfer
16224,118,37,2025-04-06,1076.12,TRY,refund
16225,965,63,2025-01-25,548.4,TRY,transfer
16226,370,31,2025-07-18,6715.23,TRY,transfer
16227,507,77,2025-05-19,4639.93,TRY,purchase
16228,861,76,2025-06-22,4167.54,TRY,purchase
16229,844,31,2026-05-30,4711.29,TRY,transfer
16230,923,11,2026-07-21,6707.8,TRY,refund
16231,913,84,2025-02-16,406.36,TRY,refund
16232,259,29,2025-05-27,2718.92,TRY,transfer
16233,924,94,2025-09-16,1499.56,TRY,purchase
16234,677,63,2026-01-29,309.49,TRY,transfer
16235,647,28,2025-11-24,2651.58,TRY,purchase
16236,608,36,2025-10-08,6337.53,TRY,refund
16237,839,62,2025-06-26,6007.48,TRY,purchase
16238,925,55,2025-10-21,6526.86,TRY,purchase
16239,514,32,2025-09-08,1550.63,TRY,transfer
16240,242,21,2026-01-23,327.1,TRY,transfer
16241,689,28,2025-07-04,970.25,TRY,transfer
16242,457,43,2026-01-20,720.11,TRY,transfer
16243,911,46,2026-06-25,1514.52,TRY,transfer
16244,279,86,2025-03-15,5742.74,TRY,purchase
16245,26,80,2026-06-04,5616.44,TRY,transfer
16246,86,94,2026-06-12,5265.82,TRY,transfer
16247,762,74,2025-05-27,2037.08,TRY,transfer
16248,146,36,2025-04-23,5691.21,TRY,purchase
16249,614,56,2025-08-20,2506.29,TRY,transfer
16250,505,48,2025-06-14,978.81,TRY,transfer
16251,521,30,2025-06-02,237.42,TRY,transfer
16252,226,76,2026-05-17,5382.96,TRY,transfer
16253,561,5,2025-01-28,5752.72,TRY,transfer
16254,181,79,2025-08-25,2864.41,TRY,refund
16255,547,48,2025-03-26,1943.61,TRY,refund
16256,352,35,2026-09-01,2195.53,TRY,refund
16257,751,40,2025-05-25,5499.78,TRY,transfer
16258,926,83,2026-04-20,6451.48,TRY,refund
16259,151,55,2026-07-30,1333.34,TRY,purchase
16260,210,33,2026-06-30,1508.12,TRY,refund
16261,690,46,2026-01-16,6923.56,TRY,refund
16262,654,81,2025-08-13,3458.23,TRY,refund
16263,95,30,2026-09-01,1387.36,TRY,purchase
16264,110,50,2025-12-04,1524.77,TRY,purchase
16265,881,54,2025-09-16,2437.5,TRY,refund
16266,712,96,2026-01-23,3124.79,TRY,refund
16267,860,57,2025-02-05,2493.28,TRY,purchase
16268,841,62,2025-04-06,2544.63,TRY,transfer
16269,89,84,2026-07-07,1577.25,TRY,purchase
16270,809,29,2025-08-26,2575.06,TRY,purchase
16271,791,81,2026-01-16,2370.63,TRY,purchase
16272,211,43,2026-07-19,2149.49,TRY,purchase
16273,724,94,2025-09-06,5106.35,TRY,purchase
16274,80,30,2026-03-28,1364.08,TRY,transfer
16275,143,4,2025-05-12,943.44,TRY,purchase
16276,1000,59,2025-08-22,6747.25,TRY,transfer
16277,180,17,2026-03-17,5427.12,TRY,purchase
16278,985,51,2026-07-06,2769.19,TRY,transfer
16279,713,96,2026-02-28,2959.98,TRY,purchase
16280,769,62,2025-01-17,4380.02,TRY,refund
16281,827,37,2026-07-11,6732.58,TRY,refund
16282,822,30,2026-06-06,5987.82,TRY,refund
16283,978,55,2026-07-29,6628.77,TRY,transfer
16284,174,80,2026-08-06,5333.36,TRY,transfer
16285,801,11,2025-03-30,6791.73,TRY,purchase
16286,634,68,2025-11-09,4081.34,TRY,purchase
16287,539,25,2025-11-24,119.26,TRY,transfer
16288,251,19,2026-03-30,2596.33,TRY,purchase
16289,633,93,2026-02-02,4254.1,TRY,transfer
16290,763,51,2025-07-15,6110.6,TRY,transfer
16291,129,8,2025-03-25,5909.58,TRY,transfer
16292,961,97,2025-01-14,5935.64,TRY,refund
16293,800,26,2025-07-26,1218.23,TRY,transfer
16294,708,51,2025-03-14,5782.47,TRY,transfer
16295,572,49,2026-01-25,2177.56,TRY,transfer
16296,783,15,2025-03-17,2385.9,TRY,transfer
16297,395,38,2025-09-16,6472.11,TRY,refund
16298,620,19,2025-07-16,4360.37,TRY,refund
16299,950,77,2026-04-29,3938.95,TRY,refund
16300,599,3,2025-02-23,3698.78,TRY,purchase
16301,289,59,2025-01-04,1409.78,TRY,purchase
16302,427,6,2025-01-14,5793.6,TRY,transfer
16303,791,69,2025-11-10,6014.62,TRY,transfer
16304,195,73,2025-03-24,1424.45,TRY,refund
16305,635,59,2025-09-09,841.52,TRY,purchase
16306,991,47,2025-08-06,3944.02,TRY,transfer
16307,661,85,2025-08-15,723.88,TRY,purchase
16308,639,91,2025-01-09,2190.98,TRY,transfer
16309,279,21,2026-05-30,6142.95,TRY,purchase
16310,244,95,2026-03-08,889.35,TRY,purchase
16311,783,11,2025-01-22,4653.38,TRY,transfer
16312,929,63,2025-06-01,5227.77,TRY,transfer
16313,639,81,2025-07-31,4992.68,TRY,purchase
16314,71,17,2025-04-07,293.72,TRY,refund
16315,776,13,2025-01-06,6405.16,TRY,purchase
16316,872,96,2026-05-17,5658.77,TRY,refund
16317,577,62,2025-01-27,1984.93,TRY,transfer
16318,656,20,2025-02-04,4079.69,TRY,transfer
16319,877,59,2026-02-20,5910.11,TRY,refund
16320,687,31,2025-04-16,6802.52,TRY,purchase
16321,618,40,2025-12-09,1423.95,TRY,transfer
16322,745,91,2025-10-13,994.48,TRY,purchase
16323,393,42,2025-09-02,1167.75,TRY,purchase
16324,265,62,2025-07-02,4512.87,TRY,refund
16325,14,62,2026-01-23,5682.12,TRY,purchase
16326,234,17,2026-04-15,6372.8,TRY,refund
16327,41,75,2025-10-07,6353.14,TRY,refund
16328,527,29,2025-03-27,3479.08,TRY,transfer
16329,294,96,2026-08-19,6141.23,TRY,purchase
16330,426,2,2025-03-17,2799.68,TRY,refund
16331,732,66,2026-05-01,6623.84,TRY,transfer
16332,393,29,2025-02-01,6486.98,TRY,purchase
16333,477,21,2025-06-05,5888.26,TRY,transfer
16334,324,62,2026-01-17,3825.84,TRY,transfer
16335,247,52,2025-08-02,4206.04,TRY,refund
16336,845,5,2025-04-15,5760.17,TRY,transfer
16337,630,72,2026-07-13,731.08,TRY,purchase
16338,583,42,2026-03-29,3895.21,TRY,purchase
16339,178,87,2025-08-02,6527.83,TRY,purchase
16340,694,44,2026-06-27,3017.03,TRY,purchase
16341,281,19,2025-05-15,1609.31,TRY,refund
16342,931,98,2025-05-15,1026.28,TRY,refund
16343,78,3,2025-05-05,1824.61,TRY,refund
16344,976,19,2025-07-16,6260.56,TRY,refund
16345,391,50,2025-12-12,5289.38,TRY,refund
16346,432,2,2026-02-18,774.05,TRY,transfer
16347,155,46,2025-05-08,3412.07,TRY,purchase
16348,310,23,2025-05-08,215.7,TRY,refund
16349,241,79,2026-07-04,5832.23,TRY,transfer
16350,905,26,2026-08-04,206.26,TRY,transfer
16351,103,56,2026-02-26,1843.77,TRY,refund
16352,970,67,2025-01-11,5364.14,TRY,purchase
16353,846,51,2026-07-23,3338.76,TRY,transfer
16354,573,45,2025-04-24,4416.1,TRY,purchase
16355,457,55,2026-03-14,819.43,TRY,refund
16356,504,88,2026-01-20,6449.16,TRY,transfer
16357,334,89,2026-08-23,3203.9,TRY,refund
16358,310,55,2026-08-01,1120.07,TRY,refund
16359,377,77,2025-02-11,1297.21,TRY,purchase
16360,485,59,2025-11-01,2885.91,TRY,refund
16361,733,70,2025-07-07,2337.72,TRY,refund
16362,823,41,2026-04-25,2665.74,TRY,refund
16363,302,58,2026-07-26,6981.57,TRY,purchase
16364,49,14,2025-07-16,3442.75,TRY,refund
16365,524,32,2026-01-06,6482.33,TRY,purchase
16366,994,94,2026-06-19,559.78,TRY,refund
16367,133,87,2025-09-28,1226.58,TRY,purchase
16368,972,37,2026-03-06,5239.36,TRY,purchase
16369,978,41,2025-06-12,484.18,TRY,refund
16370,652,8,2025-12-12,5672.5,TRY,refund
16371,138,49,2026-05-22,3192.77,TRY,transfer
16372,198,6,2025-02-18,1032.26,TRY,transfer
16373,51,25,2025-02-09,1893.91,TRY,purchase
16374,50,63,2026-04-20,3960.58,TRY,purchase
16375,740,4,2025-04-05,928.6,TRY,purchase
16376,861,47,2025-07-19,1279.82,TRY,transfer
16377,557,40,2025-03-05,5993.64,TRY,transfer
16378,347,48,2025-12-13,88.43,TRY,refund
16379,854,21,2026-05-13,876.75,TRY,purchase
16380,53,50,2025-07-24,514.42,TRY,transfer
16381,376,37,2025-10-10,5225.89,TRY,purchase
16382,443,50,2026-04-06,6249.26,TRY,refund
16383,278,91,2026-03-20,998.5,TRY,transfer
16384,815,88,2025-02-03,4663.35,TRY,transfer
16385,432,42,2025-03-06,2805.2,TRY,purchase
16386,136,52,2025-11-23,6093.15,TRY,refund
16387,937,61,2025-07-21,3387.69,TRY,refund
16388,169,84,2025-03-08,5506.16,TRY,purchase
16389,373,19,2025-08-30,3893.35,TRY,refund
16390,965,97,2026-06-26,3459.7,TRY,purchase
16391,786,4,2025-01-07,3981.09,TRY,refund
16392,278,45,2025-02-27,2859.76,TRY,transfer
16393,211,44,2026-05-02,2801.34,TRY,transfer
16394,212,66,2025-04-30,1319.59,TRY,refund
16395,852,39,2025-07-18,6787.3,TRY,transfer
16396,220,56,2025-02-17,6747.13,TRY,purchase
16397,6,27,2026-05-21,6840.72,TRY,purchase
16398,133,82,2025-02-09,4417.11,TRY,purchase
16399,457,32,2026-04-27,1676.47,TRY,refund
16400,430,69,2025-02-14,1708.72,TRY,refund
16401,855,78,2026-03-29,3059.09,TRY,refund
16402,732,78,2025-01-15,1894.54,TRY,refund
16403,660,56,2025-01-23,329.44,TRY,refund
16404,606,98,2025-08-31,5181.28,TRY,transfer
16405,594,36,2026-08-11,6863.33,TRY,refund
16406,275,79,2025-03-11,4577.94,TRY,refund
16407,88,47,2025-02-14,1323.41,TRY,transfer
16408,450,79,2026-07-29,6173.65,TRY,refund
16409,672,23,2025-05-23,6612.0,TRY,refund
16410,941,43,2026-04-02,6219.86,TRY,purchase
16411,635,34,2025-12-20,6980.6,TRY,purchase
16412,534,82,2025-02-09,3048.37,TRY,purchase
16413,238,54,2025-08-27,1874.2,TRY,transfer
16414,661,12,2026-01-25,6142.59,TRY,purchase
16415,933,54,2026-08-03,1543.21,TRY,purchase
16416,952,26,2025-09-12,2656.29,TRY,refund
16417,331,23,2026-07-01,236.77,TRY,transfer
16418,225,25,2025-07-02,5190.02,TRY,refund
16419,264,36,2025-10-01,5705.09,TRY,transfer
16420,98,52,2025-11-06,4103.85,TRY,refund
16421,426,13,2025-12-03,6132.33,TRY,transfer
16422,517,53,2026-07-19,811.52,TRY,transfer
16423,112,47,2026-02-27,3274.96,TRY,transfer
16424,770,3,2026-05-14,4843.31,TRY,transfer
16425,259,74,2025-04-08,3083.31,TRY,transfer
16426,907,79,2025-01-30,2976.62,TRY,transfer
16427,752,70,2025-04-12,991.42,TRY,refund
16428,877,8,2026-02-07,233.93,TRY,transfer
16429,632,68,2025-06-19,6656.56,TRY,refund
16430,935,71,2026-08-22,6247.52,TRY,refund
16431,69,40,2026-05-03,378.94,TRY,refund
16432,500,45,2026-02-06,5714.52,TRY,purchase
16433,802,3,2025-01-20,1294.3,TRY,purchase
16434,696,73,2026-04-07,4351.18,TRY,transfer
16435,432,39,2026-04-01,68.87,TRY,refund
16436,707,72,2026-02-24,4646.16,TRY,purchase
16437,414,44,2026-02-12,504.02,TRY,refund
16438,447,53,2025-05-18,2339.03,TRY,transfer
16439,356,9,2025-05-25,5925.0,TRY,purchase
16440,433,18,2026-05-29,5079.54,TRY,purchase
16441,180,49,2025-04-22,5511.44,TRY,refund
16442,184,20,2026-06-23,6450.06,TRY,transfer
16443,300,64,2025-10-21,2704.01,TRY,refund
16444,534,45,2025-05-06,1489.01,TRY,transfer
16445,76,78,2025-10-08,6298.64,TRY,transfer
16446,23,83,2025-10-09,1880.71,TRY,refund
16447,238,44,2026-07-18,6728.94,TRY,purchase
16448,764,82,2025-05-18,6528.37,TRY,refund
16449,978,18,2025-04-06,3137.3,TRY,refund
16450,128,14,2025-05-18,782.49,TRY,purchase
16451,625,6,2025-12-21,3663.86,TRY,transfer
16452,516,38,2025-03-11,4092.74,TRY,purchase
16453,980,51,2025-06-22,2637.99,TRY,transfer
16454,216,12,2025-08-15,6935.06,TRY,refund
16455,600,33,2026-03-11,211.83,TRY,transfer
16456,71,93,2026-06-08,1137.54,TRY,refund
16457,967,17,2025-04-22,6703.28,TRY,transfer
16458,242,70,2025-12-17,1162.76,TRY,purchase
16459,947,79,2025-08-12,868.97,TRY,purchase
16460,319,24,2025-08-19,573.63,TRY,refund
16461,894,40,2026-05-10,5727.58,TRY,transfer
16462,709,58,2025-01-09,1817.94,TRY,transfer
16463,750,81,2026-08-09,5382.29,TRY,transfer
16464,523,85,2025-08-22,565.56,TRY,transfer
16465,956,23,2025-01-18,2663.75,TRY,purchase
16466,322,30,2026-08-20,2407.62,TRY,refund
16467,251,97,2025-06-20,6333.8,TRY,refund
16468,356,83,2025-03-20,6506.52,TRY,transfer
16469,681,98,2026-08-01,1479.09,TRY,refund
16470,713,67,2026-06-07,1907.03,TRY,purchase
16471,4,57,2025-10-27,4011.9,TRY,purchase
16472,270,68,2026-04-07,2913.62,TRY,refund
16473,183,57,2025-08-11,51.57,TRY,purchase
16474,599,22,2025-02-23,5835.34,TRY,purchase
16475,546,72,2026-05-13,444.62,TRY,refund
16476,653,77,2026-07-12,1395.77,TRY,transfer
16477,152,35,2025-02-27,575.79,TRY,refund
16478,177,66,2025-01-21,632.88,TRY,refund
16479,554,5,2026-04-21,1708.5,TRY,purchase
16480,938,67,2025-04-18,5709.54,TRY,refund
16481,905,47,2025-02-02,3193.27,TRY,purchase
16482,76,65,2026-07-24,4354.03,TRY,purchase
16483,442,54,2025-12-25,4508.25,TRY,transfer
16484,343,55,2026-01-06,6190.53,TRY,purchase
16485,287,3,2025-02-21,5590.35,TRY,refund
16486,700,64,2025-03-26,2896.07,TRY,refund
16487,139,59,2026-04-01,2236.23,TRY,transfer
16488,626,73,2025-12-05,1828.36,TRY,purchase
16489,696,12,2026-03-15,676.02,TRY,purchase
16490,553,53,2026-08-28,3629.92,TRY,refund
16491,796,92,2025-06-26,4571.03,TRY,purchase
16492,520,48,2026-08-14,1278.19,TRY,purchase
16493,53,4,2025-10-30,4738.72,TRY,refund
16494,621,19,2025-06-10,6335.93,TRY,refund
16495,423,71,2026-04-25,2819.1,TRY,purchase
16496,418,53,2025-05-08,833.08,TRY,refund
16497,475,5,2025-02-20,672.9,TRY,purchase
16498,868,74,2025-06-10,437.93,TRY,refund
16499,237,57,2026-07-19,6400.83,TRY,refund
16500,412,42,2026-01-03,4685.78,TRY,refund
16501,913,15,2025-12-11,6896.67,TRY,refund
16502,495,22,2026-08-04,318.95,TRY,refund
16503,71,84,2025-08-24,3833.92,TRY,refund
16504,74,60,2026-01-29,6822.59,TRY,transfer
16505,932,85,2025-08-24,4547.74,TRY,purchase
16506,817,63,2025-06-24,2424.85,TRY,transfer
16507,818,92,2025-01-30,2800.24,TRY,purchase
16508,353,79,2025-08-13,864.39,TRY,purchase
16509,715,47,2025-03-18,4645.37,TRY,purchase
16510,32,78,2025-04-21,1239.14,TRY,transfer
16511,540,24,2025-10-07,3669.02,TRY,refund
16512,97,28,2025-03-27,696.57,TRY,purchase
16513,904,42,2026-06-17,203.29,TRY,refund
16514,889,89,2025-03-29,415.54,TRY,transfer
16515,95,22,2025-03-01,6562.14,TRY,refund
16516,736,44,2026-08-18,1622.34,TRY,refund
16517,623,47,2026-01-21,1595.9,TRY,transfer
16518,310,42,2025-09-13,2293.57,TRY,refund
16519,883,51,2026-07-14,6500.72,TRY,transfer
16520,428,50,2025-06-27,5793.47,TRY,transfer
16521,696,7,2025-01-10,1349.54,TRY,refund
16522,239,51,2025-07-21,3269.55,TRY,transfer
16523,997,45,2026-05-05,6527.13,TRY,purchase
16524,531,9,2025-12-06,464.91,TRY,transfer
16525,849,91,2025-01-13,6584.85,TRY,refund
16526,507,70,2025-08-20,1515.29,TRY,refund
16527,540,24,2026-02-25,465.35,TRY,transfer
16528,858,92,2025-11-07,2787.74,TRY,refund
16529,986,47,2026-04-04,2466.76,TRY,purchase
16530,69,8,2025-02-14,6536.86,TRY,refund
16531,887,55,2026-07-27,4271.39,TRY,refund
16532,318,24,2026-05-01,2247.32,TRY,purchase
16533,280,67,2025-03-06,1247.97,TRY,refund
16534,359,17,2025-04-11,4761.5,TRY,refund
16535,208,78,2026-05-23,3981.09,TRY,refund
16536,463,33,2025-01-10,478.65,TRY,transfer
16537,904,43,2026-07-19,4533.46,TRY,refund
16538,539,37,2026-08-15,5717.52,TRY,refund
16539,822,21,2026-01-05,1807.72,TRY,purchase
16540,893,68,2025-07-13,5881.26,TRY,transfer
16541,884,20,2025-10-08,223.87,TRY,purchase
16542,193,5,2026-06-18,5147.59,TRY,transfer
16543,75,18,2025-06-15,6171.05,TRY,transfer
16544,595,37,2025-07-19,4314.64,TRY,purchase
16545,994,96,2025-11-17,6880.08,TRY,purchase
16546,49,20,2025-09-10,4009.65,TRY,purchase
16547,317,85,2025-05-14,4715.96,TRY,transfer
16548,58,8,2026-08-06,2132.47,TRY,purchase
16549,453,62,2025-09-24,4374.64,TRY,purchase
16550,581,23,2026-06-06,1434.31,TRY,refund
16551,580,48,2025-04-10,800.49,TRY,transfer
16552,733,55,2026-04-08,235.31,TRY,purchase
16553,909,38,2025-03-07,531.39,TRY,refund
16554,592,78,2025-08-17,5566.87,TRY,transfer
16555,469,83,2026-07-25,5376.89,TRY,refund
16556,425,19,2026-04-29,1925.17,TRY,refund
16557,452,78,2025-08-02,6398.96,TRY,transfer
16558,913,60,2025-05-31,843.12,TRY,transfer
16559,918,63,2026-07-22,1245.69,TRY,transfer
16560,600,90,2025-05-20,3396.65,TRY,purchase
16561,732,8,2026-02-19,5189.93,TRY,transfer
16562,260,51,2025-10-25,1260.36,TRY,refund
16563,973,32,2025-11-05,2572.94,TRY,refund
16564,956,50,2025-07-15,4737.88,TRY,refund
16565,526,94,2026-04-16,1366.35,TRY,purchase
16566,88,28,2026-01-10,2032.55,TRY,transfer
16567,185,41,2026-07-30,2690.73,TRY,refund
16568,328,53,2025-10-25,2199.82,TRY,purchase
16569,123,27,2025-06-17,6364.8,TRY,purchase
16570,895,96,2026-01-18,6526.59,TRY,purchase
16571,208,54,2026-05-28,1315.8,TRY,purchase
16572,678,93,2025-05-29,4366.52,TRY,purchase
16573,726,38,2026-03-17,46.7,TRY,transfer
16574,995,38,2026-01-31,4786.41,TRY,transfer
16575,453,39,2025-02-04,3301.92,TRY,refund
16576,833,100,2026-06-26,6509.57,TRY,purchase
16577,777,92,2025-04-22,3606.02,TRY,transfer
16578,637,78,2026-05-10,734.39,TRY,refund
16579,951,78,2025-01-23,3794.18,TRY,refund
16580,571,11,2025-11-23,6533.31,TRY,purchase
16581,502,58,2025-04-19,524.88,TRY,transfer
16582,930,21,2026-05-21,2264.36,TRY,purchase
16583,477,82,2025-07-29,6781.25,TRY,refund
16584,85,31,2025-07-11,267.85,TRY,purchase
16585,820,51,2025-09-13,5427.63,TRY,purchase
16586,199,50,2025-06-26,4506.05,TRY,purchase
16587,658,92,2026-08-19,5649.79,TRY,refund
16588,577,80,2025-03-23,5601.56,TRY,purchase
16589,218,4,2026-05-02,1618.45,TRY,refund
16590,397,12,2026-02-19,3213.8,TRY,purchase
16591,593,57,2026-08-27,6693.22,TRY,refund
16592,806,77,2026-03-25,3679.44,TRY,refund
16593,178,52,2026-01-24,3437.88,TRY,refund
16594,66,56,2026-07-13,1232.61,TRY,transfer
16595,707,47,2026-08-18,3461.04,TRY,purchase
16596,456,28,2025-06-15,6926.91,TRY,purchase
16597,830,18,2026-04-08,530.86,TRY,transfer
16598,945,18,2025-03-29,5684.89,TRY,purchase
16599,792,80,2026-03-31,6229.44,TRY,purchase
16600,622,52,2025-06-07,3221.72,TRY,purchase
16601,815,55,2026-05-02,1439.37,TRY,refund
16602,987,73,2025-06-03,3887.97,TRY,refund
16603,148,56,2026-05-15,3646.75,TRY,transfer
16604,95,58,2026-05-28,5912.1,TRY,purchase
16605,332,39,2026-07-09,2453.11,TRY,transfer
16606,116,17,2025-01-18,2866.02,TRY,purchase
16607,755,49,2026-06-09,5721.49,TRY,purchase
16608,482,2,2025-04-19,1908.13,TRY,transfer
16609,694,65,2026-04-13,3398.6,TRY,transfer
16610,708,47,2026-06-23,4543.72,TRY,transfer
16611,764,17,2026-05-20,3892.28,TRY,purchase
16612,996,94,2025-05-29,4818.05,TRY,transfer
16613,519,30,2025-08-09,5032.21,TRY,transfer
16614,702,73,2025-03-20,4144.06,TRY,transfer
16615,682,75,2025-08-08,2949.93,TRY,refund
16616,928,35,2025-06-12,840.74,TRY,purchase
16617,83,94,2025-05-17,4955.35,TRY,refund
16618,69,1,2026-08-25,5130.32,TRY,transfer
16619,139,68,2025-06-04,3364.88,TRY,refund
16620,387,85,2025-12-26,1353.98,TRY,transfer
16621,817,72,2025-08-06,6836.25,TRY,refund
16622,733,81,2026-04-24,1613.48,TRY,purchase
16623,432,97,2025-11-11,6967.76,TRY,purchase
16624,447,85,2026-03-02,5403.94,TRY,refund
16625,217,4,2025-03-31,1849.55,TRY,purchase
16626,840,26,2025-12-15,4616.92,TRY,refund
16627,692,79,2025-10-02,1690.69,TRY,purchase
16628,948,59,2025-03-16,4906.24,TRY,transfer
16629,416,19,2026-05-12,2818.03,TRY,refund
16630,493,68,2025-11-11,3661.72,TRY,purchase
16631,657,41,2026-01-29,1771.56,TRY,purchase
16632,235,11,2025-01-24,2817.85,TRY,refund
16633,934,100,2025-02-15,5074.88,TRY,transfer
16634,719,64,2025-05-27,4315.04,TRY,refund
16635,121,26,2025-12-30,6098.69,TRY,purchase
16636,616,76,2025-02-23,551.61,TRY,refund
16637,815,67,2025-01-15,2827.72,TRY,purchase
16638,60,55,2025-12-13,6061.09,TRY,transfer
16639,374,88,2025-01-02,6728.9,TRY,transfer
16640,409,28,2025-05-31,3021.17,TRY,purchase
16641,487,42,2025-01-23,2360.59,TRY,transfer
16642,860,81,2025-10-28,1482.71,TRY,purchase
16643,738,54,2025-01-11,6812.27,TRY,refund
16644,574,36,2026-02-03,6610.14,TRY,purchase
16645,291,8,2026-01-20,6308.75,TRY,transfer
16646,210,58,2025-12-10,4173.25,TRY,refund
16647,735,46,2026-06-22,3393.58,TRY,transfer
16648,56,19,2025-08-07,5268.15,TRY,refund
16649,654,9,2025-02-14,5252.8,TRY,refund
16650,314,6,2025-01-23,2900.04,TRY,refund
16651,109,48,2026-06-22,2706.97,TRY,transfer
16652,326,87,2025-05-15,2022.62,TRY,purchase
16653,649,69,2026-05-23,4918.83,TRY,purchase
16654,324,97,2026-01-14,6922.62,TRY,purchase
16655,465,43,2026-05-19,6803.34,TRY,refund
16656,314,74,2026-01-21,4390.07,TRY,transfer
16657,188,13,2025-11-08,3893.41,TRY,purchase
16658,584,51,2025-11-15,1179.93,TRY,refund
16659,734,8,2025-10-17,5369.14,TRY,refund
16660,375,38,2025-11-28,573.09,TRY,purchase
16661,730,55,2025-02-21,372.09,TRY,purchase
16662,726,18,2025-06-05,3000.58,TRY,refund
16663,931,92,2026-03-09,3460.95,TRY,transfer
16664,634,21,2026-03-07,2640.52,TRY,refund
16665,235,36,2025-04-10,6232.26,TRY,transfer
16666,674,9,2025-11-06,3669.75,TRY,transfer
16667,44,69,2026-02-03,2536.79,TRY,transfer
16668,666,72,2026-01-27,741.34,TRY,refund
16669,628,20,2025-04-30,4850.22,TRY,transfer
16670,228,88,2026-01-26,3777.34,TRY,refund
16671,491,36,2025-04-03,1209.53,TRY,purchase
16672,732,66,2026-04-30,3012.07,TRY,purchase
16673,695,33,2025-10-01,2172.0,TRY,refund
16674,823,10,2026-07-06,2721.57,TRY,refund
16675,676,9,2025-08-21,6269.43,TRY,purchase
16676,261,5,2026-07-07,384.93,TRY,refund
16677,144,92,2026-06-18,5323.65,TRY,transfer
16678,238,41,2025-12-02,4447.88,TRY,purchase
16679,289,24,2026-04-24,240.42,TRY,purchase
16680,947,11,2025-03-27,5094.12,TRY,transfer
16681,66,20,2025-12-10,5505.25,TRY,transfer
16682,836,43,2025-08-23,6648.69,TRY,purchase
16683,644,18,2025-10-23,852.58,TRY,refund
16684,425,52,2025-07-02,6692.86,TRY,purchase
16685,436,72,2025-12-01,2756.35,TRY,purchase
16686,863,97,2025-01-04,4962.09,TRY,transfer
16687,562,43,2025-11-08,499.0,TRY,purchase
16688,733,16,2025-05-15,221.11,TRY,refund
16689,35,20,2026-01-20,6145.54,TRY,refund
16690,379,33,2025-06-04,3256.67,TRY,transfer
16691,457,86,2025-04-04,4526.4,TRY,purchase
16692,915,7,2025-11-16,6423.43,TRY,purchase
16693,895,67,2026-07-03,3312.6,TRY,refund
16694,749,56,2026-06-04,6589.86,TRY,purchase
16695,826,80,2025-01-26,4960.69,TRY,refund
16696,951,80,2025-11-25,1110.45,TRY,purchase
16697,344,91,2025-04-22,6787.79,TRY,transfer
16698,514,48,2025-10-28,5141.28,TRY,refund
16699,284,13,2025-07-26,3414.09,TRY,transfer
16700,110,14,2025-05-11,1188.99,TRY,purchase
16701,311,34,2026-07-26,3741.95,TRY,purchase
16702,426,55,2026-06-01,251.46,TRY,transfer
16703,326,48,2025-10-02,6447.67,TRY,refund
16704,774,73,2026-04-03,2318.13,TRY,purchase
16705,878,53,2025-12-21,6124.64,TRY,refund
16706,39,8,2025-12-21,2885.39,TRY,transfer
16707,717,38,2025-10-18,6037.83,TRY,purchase
16708,901,19,2025-02-03,4979.93,TRY,transfer
16709,91,91,2025-04-06,2994.12,TRY,transfer
16710,855,77,2026-02-25,1262.48,TRY,transfer
16711,253,73,2025-12-01,5101.49,TRY,transfer
16712,653,56,2025-04-04,1379.4,TRY,purchase
16713,333,14,2025-01-09,6320.82,TRY,purchase
16714,209,64,2025-09-22,4400.74,TRY,transfer
16715,703,19,2025-05-08,5591.95,TRY,purchase
16716,635,54,2026-06-09,5454.53,TRY,purchase
16717,51,89,2026-05-24,3278.05,TRY,transfer
16718,336,58,2025-04-06,2545.48,TRY,refund
16719,395,18,2025-07-12,4035.01,TRY,refund
16720,509,54,2025-11-13,6258.85,TRY,transfer
16721,632,9,2025-10-16,5846.51,TRY,refund
16722,523,48,2025-01-08,4065.3,TRY,purchase
16723,617,93,2026-07-18,6465.44,TRY,purchase
16724,601,41,2025-03-04,2520.68,TRY,purchase
16725,874,28,2025-05-12,2740.46,TRY,refund
16726,783,18,2025-12-15,5137.74,TRY,purchase
16727,239,13,2026-01-08,5972.18,TRY,purchase
16728,522,60,2025-02-04,1686.79,TRY,purchase
16729,869,21,2025-10-10,2883.8,TRY,refund
16730,429,86,2026-03-07,3884.73,TRY,transfer
16731,944,58,2025-01-06,2985.86,TRY,refund
16732,92,8,2026-06-05,393.11,TRY,transfer
16733,677,9,2025-01-08,3299.54,TRY,purchase
16734,919,73,2026-03-21,3478.44,TRY,purchase
16735,291,99,2026-06-24,2384.42,TRY,purchase
16736,350,81,2026-04-04,270.53,TRY,purchase
16737,265,26,2025-10-17,5554.96,TRY,purchase
16738,450,10,2025-02-21,388.91,TRY,transfer
16739,642,44,2026-05-20,6753.4,TRY,purchase
16740,343,69,2025-08-21,4574.36,TRY,transfer
16741,815,40,2026-08-30,6838.54,TRY,purchase
16742,641,63,2025-10-19,3444.97,TRY,purchase
16743,440,27,2026-02-16,6300.46,TRY,refund
16744,214,73,2025-07-08,3560.89,TRY,transfer
16745,210,49,2026-08-20,4572.74,TRY,purchase
16746,258,87,2025-03-23,6799.32,TRY,refund
16747,141,46,2026-03-05,1897.75,TRY,purchase
16748,666,52,2025-12-29,6568.28,TRY,refund
16749,973,38,2025-08-05,4947.45,TRY,purchase
16750,354,38,2025-03-04,5263.35,TRY,refund
16751,584,55,2026-01-14,717.37,TRY,transfer
16752,145,50,2026-07-26,1251.59,TRY,purchase
16753,348,53,2025-09-10,6419.35,TRY,purchase
16754,38,8,2026-08-19,5655.53,TRY,purchase
16755,913,88,2025-06-08,1963.88,TRY,purchase
16756,94,61,2026-05-01,845.19,TRY,refund
16757,721,25,2026-03-16,6576.79,TRY,purchase
16758,116,91,2026-05-11,5559.18,TRY,purchase
16759,805,9,2025-04-17,2408.35,TRY,purchase
16760,785,89,2026-08-18,6454.7,TRY,purchase
16761,839,56,2025-09-01,2950.4,TRY,transfer
16762,602,64,2025-02-10,3301.06,TRY,transfer
16763,635,48,2026-01-08,719.14,TRY,purchase
16764,25,31,2026-08-06,3779.08,TRY,transfer
16765,533,99,2026-03-16,1377.55,TRY,transfer
16766,303,13,2025-05-25,1592.13,TRY,transfer
16767,816,61,2025-12-31,2664.19,TRY,refund
16768,309,41,2025-09-13,3269.2,TRY,transfer
16769,502,5,2026-02-09,1789.95,TRY,purchase
16770,140,47,2026-02-28,1474.6,TRY,refund
16771,70,56,2025-01-30,6675.54,TRY,purchase
16772,159,9,2025-03-25,2113.35,TRY,purchase
16773,756,25,2026-07-09,6464.54,TRY,refund
16774,340,36,2025-02-28,1729.0,TRY,refund
16775,732,35,2025-04-16,2411.43,TRY,refund
16776,258,24,2025-06-08,2560.44,TRY,transfer
16777,143,18,2026-05-27,536.53,TRY,transfer
16778,188,81,2025-01-10,3302.75,TRY,refund
16779,81,86,2025-04-19,2069.3,TRY,transfer
16780,395,21,2026-05-14,3567.57,TRY,purchase
16781,135,82,2026-06-01,6209.0,TRY,refund
16782,198,67,2025-04-29,5308.79,TRY,transfer
16783,758,16,2026-03-21,3048.61,TRY,purchase
16784,879,35,2025-01-13,6283.08,TRY,purchase
16785,756,75,2026-07-25,4099.25,TRY,purchase
16786,753,55,2026-07-10,5144.3,TRY,purchase
16787,68,61,2025-05-29,551.59,TRY,refund
16788,711,12,2026-06-30,6032.83,TRY,transfer
16789,815,60,2025-10-17,1827.74,TRY,purchase
16790,64,8,2025-11-22,1789.81,TRY,purchase
16791,658,12,2025-06-15,906.77,TRY,transfer
16792,846,54,2025-11-03,4090.1,TRY,purchase
16793,227,20,2026-03-29,1173.47,TRY,transfer
16794,316,100,2026-01-03,6116.55,TRY,purchase
16795,516,74,2025-08-02,2146.25,TRY,refund
16796,670,36,2026-08-22,2257.99,TRY,transfer
16797,921,25,2025-06-04,5942.38,TRY,purchase
16798,746,61,2026-05-02,4526.39,TRY,purchase
16799,162,82,2026-02-26,5316.11,TRY,purchase
16800,390,37,2026-07-16,1803.58,TRY,refund
16801,125,37,2026-01-03,6377.44,TRY,transfer
16802,690,52,2025-05-18,2740.71,TRY,refund
16803,352,30,2026-05-31,6652.12,TRY,refund
16804,359,70,2026-05-28,2380.3,TRY,transfer
16805,604,13,2026-06-27,3972.02,TRY,purchase
16806,226,35,2026-04-29,3225.37,TRY,refund
16807,281,96,2026-08-15,2458.97,TRY,transfer
16808,343,28,2025-04-18,883.24,TRY,purchase
16809,229,7,2026-06-30,5745.38,TRY,purchase
16810,755,11,2025-07-10,750.74,TRY,refund
16811,104,98,2026-04-09,2948.66,TRY,refund
16812,969,12,2026-08-12,3200.02,TRY,transfer
16813,103,82,2025-01-31,1053.07,TRY,transfer
16814,679,77,2026-06-14,4459.22,TRY,purchase
16815,224,13,2025-05-27,3070.74,TRY,purchase
16816,669,65,2025-04-08,31.88,TRY,purchase
16817,925,57,2025-10-18,5615.15,TRY,transfer
16818,560,71,2026-07-06,3364.63,TRY,purchase
16819,365,33,2026-06-20,2056.18,TRY,refund
16820,803,32,2026-07-24,6156.52,TRY,purchase
16821,555,49,2026-02-23,2885.84,TRY,transfer
16822,978,84,2025-03-21,2215.62,TRY,purchase
16823,638,32,2026-01-23,1106.48,TRY,purchase
16824,790,31,2025-08-04,2707.12,TRY,refund
16825,587,45,2025-10-01,3980.38,TRY,refund
16826,442,47,2026-07-31,6336.29,TRY,purchase
16827,16,47,2025-11-04,3670.61,TRY,transfer
16828,371,7,2026-04-24,6314.21,TRY,purchase
16829,378,60,2025-03-31,2873.05,TRY,transfer
16830,659,80,2025-02-28,6084.36,TRY,refund
16831,170,54,2025-05-12,2563.86,TRY,purchase
16832,945,17,2025-02-10,4222.12,TRY,transfer
16833,415,54,2025-05-30,3175.73,TRY,purchase
16834,349,5,2026-05-14,98.7,TRY,purchase
16835,792,5,2025-01-13,5975.97,TRY,refund
16836,47,61,2026-01-10,6558.95,TRY,transfer
16837,525,21,2025-05-14,1037.24,TRY,purchase
16838,696,40,2026-06-09,2259.4,TRY,transfer
16839,230,9,2026-05-22,3607.96,TRY,refund
16840,518,61,2026-06-02,5760.82,TRY,refund
16841,211,35,2025-02-24,6988.24,TRY,purchase
16842,554,51,2026-05-06,6931.0,TRY,refund
16843,450,59,2025-01-13,4737.13,TRY,refund
16844,911,81,2025-07-14,3107.0,TRY,refund
16845,960,61,2025-05-25,3897.07,TRY,purchase
16846,208,53,2026-03-30,6168.65,TRY,transfer
16847,961,74,2026-08-14,4044.02,TRY,transfer
16848,414,95,2026-01-14,5785.09,TRY,purchase
16849,191,25,2025-12-11,3392.25,TRY,purchase
16850,981,23,2025-07-21,4486.12,TRY,refund
16851,998,79,2026-04-18,6548.06,TRY,transfer
16852,226,40,2025-02-19,3054.32,TRY,refund
16853,145,80,2026-01-13,4738.46,TRY,refund
16854,320,40,2025-03-16,1912.85,TRY,refund
16855,814,63,2026-03-27,6528.37,TRY,refund
16856,347,73,2026-08-03,1943.62,TRY,transfer
16857,550,30,2026-01-24,3617.47,TRY,transfer
16858,6,70,2026-08-18,5759.61,TRY,transfer
16859,937,91,2025-03-05,4111.2,TRY,purchase
16860,171,3,2026-03-26,4196.91,TRY,refund
16861,300,93,2026-06-24,5363.34,TRY,purchase
16862,488,46,2025-12-30,6725.19,TRY,refund
16863,855,91,2025-08-24,4213.1,TRY,purchase
16864,642,24,2025-12-26,2264.32,TRY,refund
16865,29,4,2025-07-17,374.49,TRY,transfer
16866,706,60,2025-07-25,6773.93,TRY,refund
16867,890,53,2025-02-21,4641.76,TRY,refund
16868,987,67,2026-05-01,411.61,TRY,purchase
16869,985,32,2025-05-17,6185.81,TRY,purchase
16870,859,83,2025-12-13,6126.8,TRY,transfer
16871,792,27,2026-02-18,1473.38,TRY,purchase
16872,724,80,2025-05-09,3586.14,TRY,refund
16873,538,95,2026-03-16,3268.67,TRY,refund
16874,230,81,2026-01-29,177.46,TRY,transfer
16875,702,80,2026-06-28,3654.11,TRY,purchase
16876,402,18,2026-07-16,4808.43,TRY,purchase
16877,955,57,2025-11-21,64.79,TRY,purchase
16878,705,76,2025-10-28,5005.53,TRY,refund
16879,974,9,2026-07-02,5626.75,TRY,transfer
16880,14,87,2026-02-04,4721.16,TRY,transfer
16881,706,45,2025-03-15,5926.4,TRY,purchase
16882,87,75,2025-05-05,6203.28,TRY,refund
16883,168,73,2026-02-21,3147.35,TRY,purchase
16884,798,2,2026-04-03,1785.18,TRY,transfer
16885,745,50,2025-07-29,3779.35,TRY,refund
16886,304,50,2025-03-20,444.48,TRY,transfer
16887,467,71,2025-04-12,1219.12,TRY,refund
16888,871,77,2025-09-21,4345.52,TRY,refund
16889,435,42,2025-11-24,6683.44,TRY,transfer
16890,566,66,2025-05-14,1557.11,TRY,transfer
16891,67,53,2025-05-29,3388.38,TRY,refund
16892,640,13,2025-10-19,6688.14,TRY,purchase
16893,535,98,2026-01-07,2924.71,TRY,purchase
16894,244,31,2025-07-31,3732.56,TRY,transfer
16895,243,15,2026-02-16,3501.37,TRY,transfer
16896,49,5,2025-08-29,3177.02,TRY,transfer
16897,315,83,2026-05-19,6078.7,TRY,transfer
16898,678,75,2025-09-18,851.33,TRY,transfer
16899,367,12,2025-07-20,385.77,TRY,refund
16900,336,47,2025-05-31,6568.11,TRY,purchase
16901,651,2,2025-07-22,2467.95,TRY,purchase
16902,656,3,2026-01-11,6362.58,TRY,transfer
16903,887,5,2026-07-21,1390.96,TRY,transfer
16904,135,85,2025-06-08,2920.81,TRY,transfer
16905,3,27,2025-02-25,3486.85,TRY,purchase
16906,642,64,2025-03-09,5887.13,TRY,refund
16907,806,34,2025-06-01,5097.18,TRY,refund
16908,799,94,2026-02-17,724.93,TRY,transfer
16909,937,46,2026-05-16,4277.7,TRY,transfer
16910,680,85,2025-05-06,5915.09,TRY,purchase
16911,194,25,2025-05-01,4799.65,TRY,purchase
16912,846,26,2025-02-22,3784.66,TRY,transfer
16913,616,24,2026-01-16,2830.73,TRY,transfer
16914,82,12,2025-10-26,6337.42,TRY,purchase
16915,745,13,2025-12-25,1484.74,TRY,purchase
16916,522,2,2025-10-17,406.05,TRY,refund
16917,864,53,2025-03-15,3277.88,TRY,refund
16918,559,13,2025-06-22,5789.51,TRY,transfer
16919,604,32,2025-09-09,941.88,TRY,refund
16920,960,48,2025-09-20,979.99,TRY,purchase
16921,777,94,2025-07-30,4691.79,TRY,purchase
16922,766,62,2026-05-27,3627.86,TRY,refund
16923,182,15,2025-10-08,6674.19,TRY,refund
16924,426,47,2026-03-19,2383.41,TRY,purchase
16925,490,55,2025-06-04,491.56,TRY,refund
16926,904,16,2026-02-23,1545.66,TRY,refund
16927,57,87,2025-05-23,467.88,TRY,purchase
16928,85,3,2026-01-22,4564.64,TRY,purchase
16929,873,34,2025-03-12,6868.07,TRY,transfer
16930,400,37,2025-11-26,2375.09,TRY,transfer
16931,191,1,2025-01-26,4786.69,TRY,refund
16932,775,9,2025-05-11,5510.74,TRY,refund
16933,368,16,2026-01-20,695.84,TRY,transfer
16934,315,53,2025-12-07,1747.05,TRY,refund
16935,3,80,2025-06-05,1540.21,TRY,transfer
16936,685,61,2026-06-15,5757.62,TRY,purchase
16937,641,29,2025-06-23,5275.18,TRY,purchase
16938,729,49,2026-03-28,3087.43,TRY,purchase
16939,612,71,2026-08-05,5742.15,TRY,purchase
16940,888,39,2025-05-31,2491.46,TRY,purchase
16941,509,8,2025-05-05,1361.21,TRY,transfer
16942,325,65,2026-07-01,5979.74,TRY,transfer
16943,161,16,2026-01-18,2631.53,TRY,refund
16944,138,34,2026-07-27,4042.05,TRY,purchase
16945,882,1,2026-06-02,3318.27,TRY,purchase
16946,14,98,2025-04-15,2841.66,TRY,transfer
16947,536,4,2025-11-13,5395.38,TRY,purchase
16948,107,90,2025-07-05,6211.93,TRY,purchase
16949,677,17,2026-01-30,875.75,TRY,transfer
16950,687,90,2025-01-05,2987.3,TRY,purchase
16951,50,91,2025-05-21,5084.0,TRY,refund
16952,483,35,2026-03-05,6023.7,TRY,transfer
16953,481,57,2026-06-08,196.16,TRY,refund
16954,586,25,2025-04-18,3061.62,TRY,purchase
16955,740,77,2025-08-09,4874.59,TRY,refund
16956,557,31,2026-01-11,2555.66,TRY,refund
16957,591,4,2026-07-09,2404.53,TRY,refund
16958,910,63,2025-03-27,3447.42,TRY,purchase
16959,328,43,2026-02-24,2056.72,TRY,transfer
16960,708,49,2025-09-16,1665.09,TRY,purchase
16961,731,34,2026-02-06,4118.94,TRY,purchase
16962,110,69,2025-04-14,2290.52,TRY,transfer
16963,610,79,2026-03-07,33.61,TRY,transfer
16964,202,91,2025-06-13,2727.87,TRY,refund
16965,201,7,2025-06-03,3026.13,TRY,purchase
16966,833,37,2026-06-09,962.39,TRY,purchase
16967,115,45,2025-05-29,510.58,TRY,purchase
16968,553,15,2025-02-21,490.79,TRY,transfer
16969,840,79,2026-04-01,1684.28,TRY,purchase
16970,712,81,2025-07-07,2007.34,TRY,refund
16971,101,44,2025-06-16,2404.41,TRY,transfer
16972,631,78,2026-02-13,5375.4,TRY,purchase
16973,630,8,2025-07-14,739.97,TRY,refund
16974,583,58,2025-06-30,5875.54,TRY,purchase
16975,968,70,2026-06-07,2600.45,TRY,transfer
16976,257,5,2026-04-14,1707.76,TRY,refund
16977,235,11,2026-08-09,162.54,TRY,transfer
16978,563,46,2026-04-04,4908.93,TRY,refund
16979,404,80,2026-06-13,6154.03,TRY,refund
16980,725,60,2025-12-14,4799.84,TRY,transfer
16981,486,8,2025-04-06,6888.02,TRY,transfer
16982,710,94,2025-10-21,6468.69,TRY,transfer
16983,137,85,2026-05-20,296.17,TRY,transfer
16984,877,48,2026-01-19,3339.83,TRY,transfer
16985,829,21,2025-02-05,6208.83,TRY,purchase
16986,738,42,2025-08-28,2916.79,TRY,transfer
16987,830,68,2025-02-23,3887.1,TRY,refund
16988,280,29,2025-11-17,6393.61,TRY,purchase
16989,863,70,2025-06-30,241.98,TRY,transfer
16990,481,63,2026-02-27,3173.75,TRY,purchase
16991,168,74,2025-10-03,6469.91,TRY,refund
16992,748,10,2025-03-13,2604.27,TRY,transfer
16993,3,79,2025-04-21,1065.02,TRY,refund
16994,743,8,2026-04-01,1369.66,TRY,refund
16995,410,23,2025-02-22,6808.72,TRY,refund
16996,662,99,2025-06-04,3486.77,TRY,refund
16997,981,36,2026-04-11,6520.02,TRY,transfer
16998,596,98,2026-03-16,3304.65,TRY,refund
16999,14,59,2025-03-08,3033.65,TRY,purchase
17000,606,20,2026-01-01,948.94,TRY,transfer
17001,356,87,2026-01-09,2341.02,TRY,transfer
17002,455,44,2026-03-31,2866.16,TRY,transfer
17003,527,16,2025-04-24,1155.59,TRY,purchase
17004,38,46,2026-03-06,5881.51,TRY,transfer
17005,325,45,2025-09-07,359.49,TRY,transfer
17006,259,3,2026-05-09,5591.47,TRY,refund
17007,204,81,2025-07-28,3725.03,TRY,purchase
17008,908,85,2026-04-06,6008.69,TRY,refund
17009,670,47,2025-08-08,1606.06,TRY,transfer
17010,670,23,2025-10-20,1187.22,TRY,transfer
17011,307,33,2026-07-22,6315.08,TRY,purchase
17012,253,89,2025-06-04,3822.44,TRY,purchase
17013,100,96,2026-04-28,456.31,TRY,refund
17014,207,63,2026-06-22,6583.1,TRY,transfer
17015,825,16,2026-07-13,3029.6,TRY,transfer
17016,830,32,2026-07-11,1492.44,TRY,transfer
17017,721,94,2025-12-18,5389.06,TRY,purchase
17018,284,81,2025-12-08,6590.17,TRY,refund
17019,712,89,2025-03-21,952.81,TRY,transfer
17020,292,8,2025-08-12,5310.23,TRY,refund
17021,773,8,2026-01-12,3877.65,TRY,transfer
17022,476,1,2025-09-15,6083.73,TRY,transfer
17023,985,12,2026-08-05,1405.63,TRY,purchase
17024,561,84,2026-04-18,1549.78,TRY,purchase
17025,758,25,2025-12-01,731.0,TRY,refund
17026,54,79,2026-03-01,6747.91,TRY,purchase
17027,862,32,2025-11-09,1928.01,TRY,transfer
17028,373,96,2026-08-04,5327.44,TRY,transfer
17029,738,86,2025-09-08,6607.88,TRY,transfer
17030,750,79,2026-07-12,1656.81,TRY,purchase
17031,216,58,2026-06-18,3416.85,TRY,transfer
17032,675,30,2025-12-01,5222.74,TRY,purchase
17033,335,71,2025-06-15,4295.47,TRY,transfer
17034,957,68,2025-12-14,3988.05,TRY,transfer
17035,70,37,2026-06-14,3763.04,TRY,refund
17036,968,79,2025-12-09,486.88,TRY,refund
17037,421,63,2025-10-08,2835.51,TRY,purchase
17038,866,24,2026-04-19,1408.39,TRY,purchase
17039,426,31,2026-02-05,2065.39,TRY,purchase
17040,285,68,2026-05-06,438.08,TRY,purchase
17041,544,81,2025-02-15,6780.26,TRY,transfer
17042,554,79,2025-04-22,4234.4,TRY,transfer
17043,299,81,2025-10-04,3111.56,TRY,purchase
17044,201,82,2026-04-12,3430.43,TRY,transfer
17045,587,31,2026-06-07,152.19,TRY,refund
17046,799,58,2025-02-11,812.03,TRY,purchase
17047,204,59,2026-03-17,6029.45,TRY,refund
17048,607,14,2026-08-24,6275.91,TRY,transfer
17049,505,77,2026-08-02,3286.25,TRY,refund
17050,467,75,2026-04-04,1531.07,TRY,purchase
17051,517,7,2025-06-27,3426.15,TRY,purchase
17052,234,55,2025-06-20,5747.0,TRY,purchase
17053,929,41,2026-01-12,3413.44,TRY,refund
17054,74,73,2025-01-10,1759.48,TRY,purchase
17055,138,10,2025-04-30,1558.71,TRY,transfer
17056,520,66,2026-03-13,4321.3,TRY,transfer
17057,70,72,2026-02-19,3044.94,TRY,purchase
17058,902,61,2025-01-15,4317.9,TRY,refund
17059,82,89,2026-08-19,2266.47,TRY,refund
17060,164,99,2025-09-16,639.28,TRY,refund
17061,571,44,2026-06-04,6690.72,TRY,transfer
17062,263,45,2025-08-02,5087.54,TRY,transfer
17063,989,66,2025-03-17,4388.7,TRY,refund
17064,205,94,2025-11-13,85.21,TRY,purchase
17065,301,64,2025-10-20,3999.01,TRY,transfer
17066,846,28,2025-02-12,4816.57,TRY,purchase
17067,788,7,2026-04-28,5081.6,TRY,transfer
17068,924,30,2025-10-04,2491.53,TRY,refund
17069,74,29,2026-08-27,4670.78,TRY,refund
17070,988,86,2025-06-22,2729.56,TRY,refund
17071,874,85,2025-11-27,5922.22,TRY,transfer
17072,231,79,2026-01-20,940.19,TRY,transfer
17073,588,76,2026-08-02,565.77,TRY,transfer
17074,863,4,2025-07-06,3376.44,TRY,refund
17075,191,18,2026-04-09,1658.46,TRY,transfer
17076,166,94,2025-05-23,6377.11,TRY,purchase
17077,924,98,2026-06-25,6658.23,TRY,purchase
17078,958,60,2025-04-23,2674.58,TRY,purchase
17079,198,97,2026-07-16,5842.96,TRY,refund
17080,539,14,2026-05-20,3558.17,TRY,purchase
17081,797,46,2025-06-07,2100.65,TRY,refund
17082,13,25,2025-11-18,3186.44,TRY,transfer
17083,549,28,2026-01-11,2188.51,TRY,purchase
17084,769,15,2025-07-24,6168.36,TRY,transfer
17085,799,81,2025-12-13,3324.62,TRY,refund
17086,94,40,2025-09-26,2091.37,TRY,purchase
17087,337,59,2026-08-22,3991.57,TRY,transfer
17088,562,39,2025-08-14,597.86,TRY,refund
17089,176,21,2026-05-12,4981.75,TRY,transfer
17090,87,15,2025-01-14,4756.77,TRY,refund
17091,446,45,2025-12-16,6563.72,TRY,refund
17092,379,98,2025-08-31,87.73,TRY,transfer
17093,969,1,2025-01-27,2976.26,TRY,transfer
17094,415,45,2025-06-16,1337.15,TRY,purchase
17095,311,18,2025-01-23,4499.65,TRY,purchase
17096,152,36,2026-04-22,6306.95,TRY,purchase
17097,268,21,2026-06-19,6568.28,TRY,refund
17098,514,41,2025-02-19,6945.23,TRY,purchase
17099,414,62,2025-05-22,2084.01,TRY,purchase
17100,575,79,2025-08-31,1002.7,TRY,purchase
17101,867,3,2026-06-25,2234.29,TRY,transfer
17102,706,71,2026-03-30,2274.83,TRY,purchase
17103,902,73,2025-08-20,1137.03,TRY,transfer
17104,305,36,2026-01-20,2158.71,TRY,purchase
17105,21,17,2026-08-26,830.18,TRY,purchase
17106,28,73,2026-05-17,3061.12,TRY,refund
17107,941,67,2025-08-08,4419.76,TRY,refund
17108,117,83,2026-04-27,6230.99,TRY,refund
17109,140,2,2026-06-18,5188.73,TRY,purchase
17110,469,75,2026-08-14,3474.0,TRY,purchase
17111,257,72,2025-08-07,1236.56,TRY,refund
17112,533,3,2026-05-20,1870.78,TRY,refund
17113,515,80,2025-01-10,852.99,TRY,refund
17114,63,13,2026-04-23,3355.33,TRY,refund
17115,463,45,2025-02-03,1558.62,TRY,purchase
17116,429,81,2026-06-12,875.43,TRY,refund
17117,196,55,2026-03-15,2191.07,TRY,purchase
17118,686,78,2026-03-04,3929.42,TRY,purchase
17119,180,4,2025-01-20,1487.89,TRY,purchase
17120,985,68,2025-05-05,4920.22,TRY,refund
17121,747,8,2025-11-11,3112.52,TRY,refund
17122,985,80,2025-12-07,2091.63,TRY,refund
17123,917,5,2026-07-27,3791.54,TRY,transfer
17124,344,2,2025-07-21,5622.35,TRY,purchase
17125,70,74,2025-07-29,208.94,TRY,purchase
17126,569,3,2026-06-17,4579.75,TRY,transfer
17127,136,76,2026-02-22,139.59,TRY,transfer
17128,292,54,2025-06-10,409.09,TRY,transfer
17129,512,30,2026-07-18,2148.04,TRY,purchase
17130,172,13,2026-01-11,5357.15,TRY,purchase
17131,809,38,2025-07-23,6875.24,TRY,transfer
17132,498,54,2026-05-31,1015.57,TRY,refund
17133,132,32,2026-06-04,686.56,TRY,refund
17134,485,40,2025-08-03,4933.58,TRY,transfer
17135,622,77,2025-12-31,6707.04,TRY,refund
17136,363,41,2025-09-01,5527.48,TRY,transfer
17137,235,47,2025-02-01,3060.35,TRY,refund
17138,712,33,2025-03-15,1338.06,TRY,transfer
17139,835,4,2026-04-28,4487.12,TRY,refund
17140,893,33,2025-09-12,909.99,TRY,refund
17141,583,17,2025-01-03,1316.64,TRY,purchase
17142,959,24,2025-05-07,5410.96,TRY,purchase
17143,695,96,2026-04-09,6250.72,TRY,purchase
17144,674,30,2025-06-09,4449.93,TRY,transfer
17145,711,18,2026-06-22,3520.65,TRY,transfer
17146,623,93,2026-05-01,5571.98,TRY,transfer
17147,186,87,2026-03-21,231.74,TRY,transfer
17148,361,18,2025-03-04,2975.82,TRY,purchase
17149,32,97,2026-06-21,2024.95,TRY,purchase
17150,829,50,2026-08-21,6370.42,TRY,transfer
17151,508,61,2026-04-19,2373.96,TRY,purchase
17152,249,71,2026-02-07,1358.02,TRY,transfer
17153,496,61,2025-07-30,6470.68,TRY,transfer
17154,303,19,2025-04-30,3106.84,TRY,refund
17155,730,85,2026-04-28,1139.95,TRY,purchase
17156,528,93,2025-01-20,5697.44,TRY,refund
17157,722,90,2025-08-17,2784.08,TRY,purchase
17158,450,95,2025-10-29,6686.6,TRY,purchase
17159,756,28,2026-07-22,6360.55,TRY,transfer
17160,549,56,2025-04-01,4077.49,TRY,purchase
17161,536,7,2026-08-11,6157.84,TRY,purchase
17162,932,61,2025-11-03,2247.42,TRY,transfer
17163,135,92,2026-04-06,5409.22,TRY,transfer
17164,204,64,2025-01-10,6225.93,TRY,refund
17165,952,15,2025-02-04,1229.53,TRY,purchase
17166,225,50,2025-06-13,3939.23,TRY,refund
17167,961,11,2025-03-12,2756.94,TRY,transfer
17168,129,63,2026-04-28,4570.59,TRY,purchase
17169,969,71,2026-09-01,1645.43,TRY,transfer
17170,73,86,2025-08-18,6658.84,TRY,transfer
17171,930,55,2025-09-22,4081.82,TRY,purchase
17172,443,92,2025-12-02,3164.26,TRY,refund
17173,541,67,2026-05-17,1050.92,TRY,transfer
17174,227,10,2025-01-31,546.18,TRY,purchase
17175,556,45,2025-12-28,1915.41,TRY,refund
17176,776,63,2025-09-23,2019.59,TRY,refund
17177,892,3,2025-08-14,6273.37,TRY,purchase
17178,712,64,2025-04-10,3395.97,TRY,refund
17179,496,38,2025-01-23,5576.96,TRY,refund
17180,628,24,2025-09-07,1015.04,TRY,refund
17181,208,31,2026-05-11,1754.1,TRY,purchase
17182,204,4,2025-12-05,5322.49,TRY,refund
17183,155,89,2025-02-21,4926.93,TRY,refund
17184,171,50,2026-02-21,5732.17,TRY,transfer
17185,249,16,2026-06-30,5024.16,TRY,transfer
17186,793,44,2025-06-27,6659.19,TRY,transfer
17187,104,67,2026-03-22,1011.33,TRY,purchase
17188,616,46,2026-02-04,1511.82,TRY,refund
17189,965,87,2026-07-05,3454.15,TRY,purchase
17190,137,33,2025-07-28,5105.59,TRY,transfer
17191,59,76,2025-07-25,5594.81,TRY,purchase
17192,396,97,2026-08-22,5430.11,TRY,refund
17193,227,40,2025-09-18,2110.59,TRY,purchase
17194,7,33,2025-04-25,6350.95,TRY,refund
17195,316,44,2026-06-27,4285.32,TRY,purchase
17196,72,77,2025-08-19,4465.61,TRY,refund
17197,804,22,2026-07-19,2738.52,TRY,refund
17198,325,83,2026-03-21,2841.08,TRY,transfer
17199,25,63,2025-07-19,2180.96,TRY,transfer
17200,706,96,2026-04-16,5827.1,TRY,purchase
17201,476,14,2026-04-15,3599.45,TRY,refund
17202,361,42,2025-02-08,1220.38,TRY,refund
17203,488,18,2025-05-17,1427.73,TRY,refund
17204,908,53,2025-10-28,5534.28,TRY,purchase
17205,156,2,2026-04-02,2773.84,TRY,refund
17206,588,56,2026-02-09,5296.28,TRY,refund
17207,535,11,2025-07-31,2110.03,TRY,refund
17208,710,35,2026-04-20,6566.57,TRY,refund
17209,855,95,2026-01-25,5232.72,TRY,purchase
17210,407,91,2026-08-06,2705.88,TRY,transfer
17211,254,58,2026-07-17,6311.73,TRY,refund
17212,123,24,2025-01-06,5878.93,TRY,refund
17213,638,64,2026-05-24,5420.31,TRY,refund
17214,869,93,2025-09-16,418.01,TRY,transfer
17215,357,4,2026-02-10,5522.92,TRY,transfer
17216,613,22,2025-12-24,5812.44,TRY,transfer
17217,965,78,2025-05-08,626.22,TRY,transfer
17218,383,55,2025-12-18,6794.09,TRY,purchase
17219,632,19,2026-04-12,4686.2,TRY,purchase
17220,646,25,2026-02-19,1023.56,TRY,transfer
17221,563,2,2025-09-30,3045.57,TRY,refund
17222,942,78,2025-08-13,6310.58,TRY,transfer
17223,243,75,2025-12-14,5517.73,TRY,purchase
17224,155,81,2026-04-20,3931.59,TRY,transfer
17225,977,21,2026-01-30,1428.22,TRY,transfer
17226,890,14,2025-09-28,6398.17,TRY,purchase
17227,325,96,2025-02-04,1367.0,TRY,transfer
17228,462,68,2025-11-17,588.04,TRY,purchase
17229,181,3,2025-03-10,536.57,TRY,transfer
17230,25,50,2026-05-21,6644.86,TRY,purchase
17231,896,54,2026-07-12,2248.56,TRY,transfer
17232,242,59,2025-11-14,6493.6,TRY,refund
17233,426,16,2025-04-29,2352.95,TRY,transfer
17234,752,37,2026-08-22,6696.73,TRY,refund
17235,787,25,2026-06-04,6119.96,TRY,purchase
17236,4,67,2025-04-24,543.32,TRY,purchase
17237,366,19,2025-04-04,1192.27,TRY,purchase
17238,683,62,2026-03-10,5070.12,TRY,refund
17239,536,49,2025-04-14,4304.96,TRY,refund
17240,779,49,2025-10-24,2486.33,TRY,purchase
17241,530,26,2026-04-12,1604.77,TRY,purchase
17242,47,57,2025-11-05,3076.8,TRY,purchase
17243,198,12,2025-02-10,3298.17,TRY,refund
17244,196,83,2026-01-12,1740.73,TRY,transfer
17245,420,34,2025-03-23,1905.24,TRY,refund
17246,93,22,2026-05-08,5539.87,TRY,refund
17247,492,73,2026-07-03,3874.52,TRY,purchase
17248,469,97,2025-05-24,418.64,TRY,transfer
17249,868,88,2025-07-21,2330.86,TRY,refund
17250,74,20,2025-01-01,6681.25,TRY,transfer
17251,465,46,2025-12-15,2199.23,TRY,transfer
17252,410,64,2025-02-27,93.18,TRY,refund
17253,363,88,2026-07-15,3227.76,TRY,purchase
17254,136,96,2026-06-16,154.88,TRY,transfer
17255,470,5,2025-07-16,1934.43,TRY,purchase
17256,402,26,2026-07-06,2943.32,TRY,purchase
17257,94,2,2026-06-27,1416.35,TRY,purchase
17258,381,25,2025-12-18,5272.22,TRY,transfer
17259,650,18,2026-04-05,6823.33,TRY,purchase
17260,47,94,2025-12-01,2871.7,TRY,purchase
17261,522,69,2026-02-22,1365.13,TRY,transfer
17262,976,85,2025-10-23,617.22,TRY,refund
17263,144,70,2025-11-16,5681.51,TRY,transfer
17264,268,34,2026-03-26,1985.43,TRY,transfer
17265,30,93,2026-01-04,3479.12,TRY,purchase
17266,255,22,2025-03-06,5399.72,TRY,purchase
17267,586,42,2026-05-08,2918.97,TRY,transfer
17268,910,45,2025-07-21,3711.49,TRY,purchase
17269,195,42,2026-01-20,899.74,TRY,refund
17270,116,78,2025-12-22,597.44,TRY,transfer
17271,412,31,2025-04-12,3816.43,TRY,transfer
17272,945,23,2026-04-20,3637.98,TRY,transfer
17273,786,72,2026-01-10,2898.47,TRY,refund
17274,740,73,2026-01-29,6208.87,TRY,refund
17275,719,26,2026-04-22,4823.39,TRY,transfer
17276,858,79,2026-01-07,2693.46,TRY,transfer
17277,828,5,2026-06-15,2270.07,TRY,transfer
17278,613,85,2026-02-22,3066.56,TRY,purchase
17279,122,49,2025-08-12,6903.28,TRY,transfer
17280,646,39,2026-06-23,3342.4,TRY,refund
17281,767,35,2026-06-18,186.18,TRY,purchase
17282,338,15,2025-04-06,3549.53,TRY,purchase
17283,678,96,2026-01-20,6462.69,TRY,purchase
17284,759,1,2025-06-10,1042.01,TRY,purchase
17285,375,69,2025-09-03,2268.1,TRY,refund
17286,652,61,2026-07-21,3672.17,TRY,transfer
17287,546,29,2025-12-21,955.8,TRY,purchase
17288,744,58,2025-09-08,6674.62,TRY,transfer
17289,937,69,2025-07-04,3104.41,TRY,purchase
17290,447,91,2026-04-12,271.44,TRY,purchase
17291,375,1,2025-03-24,6127.08,TRY,refund
17292,748,84,2025-06-21,6103.55,TRY,purchase
17293,97,80,2026-07-06,4965.4,TRY,purchase
17294,624,42,2026-03-24,4927.02,TRY,refund
17295,664,74,2025-09-01,5078.78,TRY,purchase
17296,142,95,2025-07-18,3030.12,TRY,transfer
17297,945,31,2026-02-14,4878.24,TRY,transfer
17298,262,93,2025-02-18,592.05,TRY,transfer
17299,750,62,2025-08-08,852.86,TRY,purchase
17300,789,22,2025-01-24,5915.93,TRY,purchase
17301,893,60,2025-06-23,1261.42,TRY,refund
17302,248,9,2026-05-16,2081.65,TRY,transfer
17303,642,13,2026-09-01,5963.22,TRY,transfer
17304,583,17,2026-04-07,1713.09,TRY,refund
17305,929,3,2025-12-10,3782.54,TRY,purchase
17306,328,38,2026-03-24,4106.45,TRY,purchase
17307,801,18,2026-01-28,5470.74,TRY,refund
17308,143,33,2025-06-05,4078.74,TRY,transfer
17309,894,96,2026-03-11,6844.78,TRY,refund
17310,840,29,2026-08-29,139.9,TRY,refund
17311,284,17,2026-01-30,2973.45,TRY,purchase
17312,514,81,2025-03-28,1237.29,TRY,transfer
17313,899,4,2025-01-10,1312.9,TRY,purchase
17314,658,61,2025-02-26,4433.82,TRY,transfer
17315,748,53,2025-01-22,4376.43,TRY,transfer
17316,201,10,2025-10-20,483.18,TRY,transfer
17317,252,89,2025-09-12,2739.14,TRY,purchase
17318,240,76,2025-08-11,1428.86,TRY,purchase
17319,562,76,2025-09-21,2416.28,TRY,transfer
17320,287,86,2026-08-21,6510.65,TRY,refund
17321,840,11,2025-12-11,1121.21,TRY,transfer
17322,698,44,2026-07-29,4033.05,TRY,purchase
17323,357,3,2026-01-27,3209.93,TRY,purchase
17324,231,19,2025-05-17,6072.0,TRY,purchase
17325,462,91,2025-01-17,4063.96,TRY,purchase
17326,108,31,2025-11-13,6503.97,TRY,refund
17327,299,30,2025-01-11,4923.44,TRY,refund
17328,693,30,2025-08-15,4055.08,TRY,refund
17329,574,29,2025-07-13,4851.47,TRY,transfer
17330,434,47,2025-02-10,5768.7,TRY,purchase
17331,121,23,2026-06-25,512.66,TRY,refund
17332,668,69,2025-08-16,4462.38,TRY,refund
17333,342,77,2025-03-05,1743.17,TRY,transfer
17334,54,98,2025-02-28,2724.41,TRY,transfer
17335,607,9,2025-07-27,2002.41,TRY,transfer
17336,756,6,2026-01-26,4402.75,TRY,purchase
17337,394,45,2026-02-10,470.76,TRY,purchase
17338,689,64,2025-11-15,3314.15,TRY,refund
17339,497,24,2025-08-05,2140.29,TRY,purchase
17340,445,70,2026-07-14,6431.65,TRY,refund
17341,509,20,2026-05-08,5428.51,TRY,refund
17342,944,82,2025-07-23,3845.45,TRY,refund
17343,563,77,2026-05-13,4958.44,TRY,refund
17344,214,94,2025-11-03,4534.42,TRY,purchase
17345,105,69,2025-01-17,5096.38,TRY,transfer
17346,629,87,2025-07-29,778.41,TRY,transfer
17347,518,18,2025-07-24,5050.05,TRY,transfer
17348,969,99,2026-08-30,5204.15,TRY,purchase
17349,993,92,2025-11-05,953.81,TRY,transfer
17350,944,4,2025-12-04,2887.22,TRY,transfer
17351,24,59,2025-08-18,6390.34,TRY,purchase
17352,406,58,2025-11-21,6729.19,TRY,refund
17353,903,23,2026-07-07,6520.57,TRY,refund
17354,249,84,2025-02-09,5596.42,TRY,refund
17355,122,2,2025-01-17,6247.91,TRY,transfer
17356,446,81,2025-01-21,5784.22,TRY,refund
17357,112,1,2025-01-24,698.48,TRY,transfer
17358,736,80,2025-12-16,42.82,TRY,transfer
17359,824,72,2026-04-26,1203.77,TRY,refund
17360,893,54,2025-05-27,3158.77,TRY,refund
17361,925,59,2025-12-26,5606.34,TRY,purchase
17362,370,74,2025-09-08,6457.79,TRY,transfer
17363,859,43,2025-09-27,566.56,TRY,refund
17364,749,21,2025-08-29,4062.3,TRY,refund
17365,190,33,2026-04-20,6950.88,TRY,purchase
17366,666,42,2026-07-08,4125.75,TRY,transfer
17367,879,75,2025-11-20,4309.51,TRY,refund
17368,773,40,2026-03-15,6940.98,TRY,purchase
17369,589,69,2025-10-31,2975.13,TRY,refund
17370,388,28,2025-04-23,5510.16,TRY,purchase
17371,813,27,2025-07-09,4507.79,TRY,transfer
17372,568,66,2026-08-27,6309.47,TRY,transfer
17373,548,74,2026-05-11,3915.15,TRY,transfer
17374,311,14,2026-05-21,902.22,TRY,purchase
17375,709,91,2025-12-31,952.26,TRY,transfer
17376,141,65,2025-01-11,4759.7,TRY,transfer
17377,165,28,2025-04-10,2197.85,TRY,transfer
17378,894,92,2025-02-09,4647.2,TRY,purchase
17379,358,20,2025-02-10,100.85,TRY,purchase
17380,795,74,2026-06-14,4374.03,TRY,refund
17381,166,86,2026-03-01,4025.79,TRY,transfer
17382,47,70,2026-05-05,3812.65,TRY,refund
17383,243,34,2026-01-22,3476.05,TRY,purchase
17384,601,75,2026-03-31,6170.12,TRY,transfer
17385,767,43,2025-02-07,5285.26,TRY,purchase
17386,393,9,2025-09-13,842.2,TRY,purchase
17387,963,16,2026-04-16,6482.09,TRY,transfer
17388,679,93,2026-07-02,5032.73,TRY,transfer
17389,736,81,2025-03-30,3053.12,TRY,purchase
17390,402,55,2026-02-17,4287.52,TRY,refund
17391,275,97,2025-05-24,1138.25,TRY,purchase
17392,899,30,2026-06-27,6473.56,TRY,refund
17393,312,40,2026-02-14,497.53,TRY,refund
17394,582,94,2025-11-21,2127.2,TRY,transfer
17395,377,96,2026-04-15,5720.03,TRY,transfer
17396,985,11,2026-03-28,5462.89,TRY,refund
17397,631,33,2025-11-13,4557.55,TRY,purchase
17398,373,25,2026-01-31,6985.31,TRY,refund
17399,343,10,2026-07-09,6171.18,TRY,purchase
17400,76,30,2025-06-04,680.96,TRY,transfer
17401,540,15,2026-01-22,5623.76,TRY,purchase
17402,309,75,2025-04-17,6403.83,TRY,refund
17403,856,14,2025-01-12,6925.5,TRY,refund
17404,131,56,2025-03-05,3275.13,TRY,refund
17405,525,88,2025-12-27,514.16,TRY,refund
17406,762,8,2026-03-12,2029.84,TRY,purchase
17407,345,71,2025-10-22,6694.4,TRY,refund
17408,106,93,2025-05-18,3528.32,TRY,purchase
17409,494,18,2025-09-25,5557.11,TRY,transfer
17410,636,70,2025-03-19,788.82,TRY,refund
17411,964,56,2025-10-18,5680.84,TRY,transfer
17412,488,21,2025-10-04,3683.01,TRY,purchase
17413,815,20,2025-11-20,5578.16,TRY,refund
17414,508,39,2026-07-19,2573.09,TRY,purchase
17415,772,29,2025-07-31,6407.22,TRY,refund
17416,595,75,2025-07-23,1580.66,TRY,refund
17417,807,71,2025-07-11,5459.88,TRY,purchase
17418,562,69,2025-04-01,3524.78,TRY,purchase
17419,407,76,2025-09-16,2695.0,TRY,refund
17420,785,45,2026-03-19,3942.04,TRY,transfer
17421,684,97,2025-05-20,5257.67,TRY,transfer
17422,837,24,2025-11-14,4533.45,TRY,refund
17423,417,67,2025-02-02,3317.5,TRY,refund
17424,481,85,2026-08-08,3108.72,TRY,transfer
17425,75,25,2025-04-06,2279.75,TRY,refund
17426,429,25,2026-03-10,3500.81,TRY,refund
17427,979,20,2025-04-17,1535.13,TRY,refund
17428,837,2,2026-03-20,1049.88,TRY,refund
17429,841,91,2026-08-28,1943.76,TRY,refund
17430,477,81,2025-07-07,5520.47,TRY,purchase
17431,319,46,2025-11-27,4675.05,TRY,refund
17432,614,76,2026-08-22,3749.14,TRY,refund
17433,321,9,2025-04-18,4377.92,TRY,transfer
17434,607,32,2025-07-27,5028.66,TRY,refund
17435,771,27,2026-08-03,5720.31,TRY,refund
17436,31,9,2025-11-16,6593.58,TRY,refund
17437,117,47,2026-08-15,4023.23,TRY,refund
17438,508,85,2025-03-19,4036.17,TRY,transfer
17439,280,43,2026-01-08,6976.42,TRY,transfer
17440,403,11,2025-09-27,289.75,TRY,transfer
17441,915,59,2026-04-10,5728.57,TRY,purchase
17442,941,66,2025-10-16,739.71,TRY,purchase
17443,941,49,2025-09-16,5760.89,TRY,refund
17444,870,32,2026-01-06,963.83,TRY,transfer
17445,227,23,2025-05-19,6959.05,TRY,refund
17446,602,90,2026-05-13,1349.54,TRY,transfer
17447,61,42,2026-04-11,1280.35,TRY,transfer
17448,442,36,2025-12-12,5709.84,TRY,transfer
17449,227,17,2026-03-22,663.99,TRY,refund
17450,633,10,2026-04-25,6868.91,TRY,refund
17451,587,73,2025-08-16,4481.93,TRY,transfer
17452,285,45,2025-06-16,1179.43,TRY,transfer
17453,974,76,2025-04-13,3630.53,TRY,purchase
17454,363,41,2025-09-28,6010.67,TRY,purchase
17455,57,91,2026-03-02,6486.06,TRY,transfer
17456,542,63,2025-08-31,5622.26,TRY,purchase
17457,641,18,2026-07-31,2933.14,TRY,purchase
17458,26,45,2026-02-23,4539.5,TRY,purchase
17459,942,51,2025-09-23,354.49,TRY,transfer
17460,464,53,2025-05-31,5271.79,TRY,purchase
17461,454,11,2025-06-13,5230.96,TRY,transfer
17462,563,23,2026-02-25,1728.12,TRY,purchase
17463,750,73,2026-02-20,5280.81,TRY,refund
17464,930,23,2026-01-18,6687.84,TRY,refund
17465,48,57,2026-05-20,5393.85,TRY,refund
17466,552,68,2025-03-17,6728.38,TRY,refund
17467,885,65,2025-06-05,6522.13,TRY,refund
17468,222,21,2026-06-16,659.82,TRY,refund
17469,497,28,2025-04-26,5298.85,TRY,refund
17470,304,87,2025-06-22,4750.97,TRY,transfer
17471,619,83,2025-09-29,1341.46,TRY,transfer
17472,698,72,2026-04-27,1137.1,TRY,purchase
17473,473,45,2026-05-29,5474.09,TRY,refund
17474,26,89,2026-01-27,2307.17,TRY,purchase
17475,742,43,2026-07-14,76.17,TRY,transfer
17476,952,74,2026-01-14,1516.37,TRY,refund
17477,907,39,2026-03-28,351.26,TRY,transfer
17478,919,82,2025-09-27,3858.31,TRY,transfer
17479,883,60,2025-12-13,1352.76,TRY,refund
17480,37,62,2025-08-10,1276.76,TRY,transfer
17481,304,45,2026-01-21,5774.54,TRY,transfer
17482,691,74,2025-08-29,1022.1,TRY,transfer
17483,67,82,2026-05-07,628.11,TRY,purchase
17484,562,24,2025-05-27,6552.49,TRY,transfer
17485,123,73,2025-10-02,411.68,TRY,purchase
17486,264,73,2026-05-07,3213.13,TRY,transfer
17487,648,79,2025-09-11,1493.11,TRY,refund
17488,798,70,2025-08-26,2512.86,TRY,transfer
17489,871,37,2025-12-16,1931.85,TRY,purchase
17490,689,70,2026-02-24,3427.0,TRY,transfer
17491,97,27,2026-05-31,4736.81,TRY,purchase
17492,769,30,2025-04-18,6073.41,TRY,transfer
17493,102,79,2026-02-22,5668.22,TRY,refund
17494,796,92,2026-02-11,4707.16,TRY,refund
17495,323,86,2026-06-18,5190.31,TRY,purchase
17496,910,32,2025-12-31,2657.2,TRY,purchase
17497,531,67,2025-06-20,6338.67,TRY,purchase
17498,186,58,2025-01-10,6958.1,TRY,transfer
17499,906,81,2026-08-18,6342.33,TRY,refund
17500,467,63,2025-08-30,251.58,TRY,refund
17501,185,75,2026-06-02,2206.08,TRY,purchase
17502,462,57,2025-02-09,4461.72,TRY,purchase
17503,443,70,2025-04-02,4711.5,TRY,transfer
17504,681,34,2026-03-09,5494.47,TRY,refund
17505,684,32,2025-05-25,5211.86,TRY,purchase
17506,908,45,2025-11-03,2641.9,TRY,purchase
17507,75,33,2026-08-24,5928.97,TRY,purchase
17508,752,23,2025-07-06,3765.19,TRY,transfer
17509,651,54,2026-04-03,1341.17,TRY,transfer
17510,605,34,2025-05-04,5855.67,TRY,transfer
17511,591,33,2026-08-11,6707.66,TRY,transfer
17512,426,94,2025-11-23,4761.09,TRY,purchase
17513,545,43,2026-06-01,407.69,TRY,purchase
17514,7,24,2025-08-06,663.2,TRY,transfer
17515,800,83,2025-06-20,728.53,TRY,transfer
17516,760,83,2026-07-14,111.32,TRY,refund
17517,72,20,2025-11-14,6472.53,TRY,purchase
17518,64,15,2026-07-17,5048.11,TRY,refund
17519,762,30,2025-11-29,5145.58,TRY,transfer
17520,486,29,2025-01-13,5409.35,TRY,transfer
17521,56,53,2025-11-24,3306.49,TRY,refund
17522,903,25,2026-06-17,353.28,TRY,refund
17523,715,44,2026-07-20,2160.54,TRY,refund
17524,429,25,2025-07-06,4787.61,TRY,refund
17525,296,96,2025-01-08,5170.37,TRY,purchase
17526,443,1,2026-02-14,2303.86,TRY,transfer
17527,103,97,2025-11-25,1840.58,TRY,purchase
17528,851,77,2026-06-18,6794.95,TRY,refund
17529,701,21,2025-04-09,3162.67,TRY,refund
17530,187,82,2026-08-03,3067.85,TRY,purchase
17531,593,24,2025-08-21,5063.1,TRY,refund
17532,765,53,2026-05-08,767.78,TRY,refund
17533,279,54,2025-03-18,4610.56,TRY,purchase
17534,144,58,2025-11-01,1717.49,TRY,transfer
17535,455,51,2026-01-29,3133.98,TRY,transfer
17536,259,81,2025-01-06,6583.75,TRY,purchase
17537,650,67,2025-11-04,3260.22,TRY,transfer
17538,894,83,2026-03-13,6376.59,TRY,transfer
17539,613,96,2026-01-10,1353.64,TRY,transfer
17540,385,4,2026-03-31,6726.09,TRY,purchase
17541,281,7,2026-07-18,6941.98,TRY,transfer
17542,487,49,2026-01-03,4910.49,TRY,purchase
17543,786,87,2025-12-22,2683.05,TRY,purchase
17544,703,39,2026-04-10,892.4,TRY,purchase
17545,193,82,2026-06-13,3704.38,TRY,purchase
17546,826,81,2025-10-25,4429.7,TRY,purchase
17547,468,14,2025-03-03,6318.69,TRY,transfer
17548,907,41,2026-06-20,1325.77,TRY,purchase
17549,606,52,2025-02-06,6129.5,TRY,purchase
17550,746,59,2025-11-19,403.78,TRY,transfer
17551,794,74,2026-04-10,2365.92,TRY,purchase
17552,165,10,2026-04-12,3554.86,TRY,refund
17553,420,64,2026-03-31,5796.96,TRY,transfer
17554,72,66,2026-08-16,6857.52,TRY,purchase
17555,724,81,2025-03-10,2803.78,TRY,transfer
17556,686,56,2026-05-30,6683.26,TRY,refund
17557,129,55,2025-09-05,6492.05,TRY,refund
17558,84,71,2026-08-24,680.72,TRY,purchase
17559,325,44,2026-03-22,2559.52,TRY,purchase
17560,477,19,2026-07-18,3457.27,TRY,transfer
17561,116,85,2026-06-01,5529.87,TRY,refund
17562,691,15,2025-11-08,5990.39,TRY,refund
17563,190,87,2025-08-31,3575.15,TRY,purchase
17564,403,98,2026-05-16,424.51,TRY,transfer
17565,297,53,2025-03-13,3909.13,TRY,refund
17566,695,62,2025-03-31,6153.16,TRY,refund
17567,903,98,2025-10-13,527.07,TRY,purchase
17568,270,54,2025-02-23,1803.96,TRY,transfer
17569,690,74,2026-08-16,627.59,TRY,transfer
17570,677,29,2026-03-16,6269.09,TRY,purchase
17571,151,67,2025-01-31,6289.91,TRY,transfer
17572,172,78,2026-04-04,4214.52,TRY,transfer
17573,5,10,2025-08-06,5341.58,TRY,refund
17574,155,96,2025-02-13,6572.71,TRY,refund
17575,502,32,2026-07-06,5089.74,TRY,refund
17576,397,62,2025-12-20,491.24,TRY,refund
17577,384,27,2026-03-31,5722.26,TRY,refund
17578,26,32,2025-06-27,3377.19,TRY,transfer
17579,979,77,2025-03-29,2092.45,TRY,transfer
17580,243,79,2026-03-30,4725.28,TRY,purchase
17581,352,29,2025-01-15,3861.97,TRY,transfer
17582,197,28,2026-01-20,5336.13,TRY,purchase
17583,927,14,2025-10-28,3017.36,TRY,refund
17584,941,15,2025-12-25,548.66,TRY,transfer
17585,553,87,2026-07-29,3623.21,TRY,transfer
17586,189,63,2025-02-23,1701.03,TRY,transfer
17587,853,22,2025-10-31,5059.76,TRY,transfer
17588,66,31,2026-01-21,292.18,TRY,purchase
17589,460,35,2025-12-19,2596.79,TRY,transfer
17590,405,56,2025-09-11,3996.53,TRY,refund
17591,19,69,2025-03-29,4005.84,TRY,purchase
17592,509,43,2026-06-04,5508.34,TRY,refund
17593,726,67,2025-06-10,3431.19,TRY,refund
17594,608,39,2026-04-08,4233.01,TRY,purchase
17595,476,86,2025-02-23,599.97,TRY,transfer
17596,155,33,2026-01-20,3253.91,TRY,transfer
17597,323,62,2026-01-28,1454.75,TRY,refund
17598,123,89,2025-03-15,4212.54,TRY,refund
17599,122,60,2025-02-01,6942.05,TRY,refund
17600,932,15,2026-03-03,2206.9,TRY,transfer
17601,826,15,2026-04-24,365.6,TRY,transfer
17602,450,51,2025-03-11,1534.29,TRY,purchase
17603,295,20,2026-07-19,6777.12,TRY,refund
17604,595,36,2025-12-04,1697.44,TRY,transfer
17605,727,70,2025-09-23,2216.29,TRY,refund
17606,167,82,2026-04-21,952.02,TRY,refund
17607,655,57,2025-12-21,5322.95,TRY,transfer
17608,857,81,2026-07-22,3144.95,TRY,transfer
17609,597,89,2025-05-17,4632.71,TRY,purchase
17610,290,67,2025-06-01,6971.86,TRY,transfer
17611,172,26,2026-05-10,4280.33,TRY,purchase
17612,376,87,2026-08-10,5124.88,TRY,transfer
17613,615,49,2026-07-01,2884.86,TRY,transfer
17614,330,2,2026-01-24,2933.98,TRY,purchase
17615,876,11,2026-02-16,2430.72,TRY,transfer
17616,958,52,2025-12-29,680.6,TRY,refund
17617,999,4,2025-09-01,2281.3,TRY,refund
17618,566,14,2026-07-11,4748.97,TRY,transfer
17619,982,88,2025-02-22,2923.68,TRY,transfer
17620,31,46,2026-03-10,5944.47,TRY,refund
17621,492,85,2025-07-10,4484.01,TRY,purchase
17622,987,56,2025-01-19,300.25,TRY,refund
17623,751,93,2025-08-07,3788.78,TRY,purchase
17624,927,94,2026-03-12,6833.28,TRY,transfer
17625,624,78,2025-08-28,3468.42,TRY,purchase
17626,798,32,2026-03-09,4103.68,TRY,purchase
17627,14,78,2026-05-27,4644.3,TRY,refund
17628,173,9,2026-08-14,714.81,TRY,refund
17629,203,86,2025-01-07,4823.09,TRY,transfer
17630,907,15,2026-03-19,2326.7,TRY,refund
17631,557,6,2025-02-01,1903.22,TRY,refund
17632,189,14,2025-12-01,1409.62,TRY,refund
17633,912,86,2025-02-02,162.36,TRY,purchase
17634,339,66,2026-04-06,6137.18,TRY,refund
17635,928,8,2025-07-10,89.05,TRY,transfer
17636,745,45,2025-12-02,6588.51,TRY,refund
17637,15,84,2025-04-22,5252.41,TRY,refund
17638,966,68,2026-08-16,102.51,TRY,purchase
17639,669,42,2025-07-11,4134.04,TRY,refund
17640,148,29,2025-05-15,2499.86,TRY,transfer
17641,272,26,2025-07-21,1818.61,TRY,purchase
17642,703,100,2025-08-04,1235.42,TRY,purchase
17643,945,23,2025-11-06,1409.73,TRY,purchase
17644,145,43,2026-06-12,4610.07,TRY,purchase
17645,253,89,2025-01-17,1541.93,TRY,transfer
17646,75,31,2025-05-19,994.82,TRY,refund
17647,916,55,2026-08-17,122.37,TRY,refund
17648,842,84,2026-05-11,6635.81,TRY,refund
17649,306,64,2025-08-24,103.46,TRY,transfer
17650,739,66,2025-04-15,864.68,TRY,purchase
17651,860,95,2026-04-01,6367.57,TRY,transfer
17652,570,2,2026-07-26,3426.37,TRY,refund
17653,493,68,2025-11-09,2390.02,TRY,purchase
17654,298,82,2025-07-15,5109.3,TRY,refund
17655,695,100,2026-04-17,3596.13,TRY,purchase
17656,467,6,2025-03-13,4758.47,TRY,transfer
17657,779,88,2025-02-16,1410.46,TRY,transfer
17658,409,11,2025-07-29,2754.04,TRY,refund
17659,723,42,2025-01-25,2962.65,TRY,refund
17660,62,29,2025-09-07,6700.95,TRY,refund
17661,100,15,2026-02-09,1669.46,TRY,transfer
17662,677,99,2026-05-06,3903.5,TRY,refund
17663,889,46,2026-04-07,4383.76,TRY,purchase
17664,423,22,2025-12-26,6216.4,TRY,purchase
17665,14,32,2025-10-01,4641.58,TRY,purchase
17666,827,56,2025-01-04,1198.35,TRY,purchase
17667,192,17,2026-02-16,6225.55,TRY,transfer
17668,134,58,2025-05-19,4463.64,TRY,refund
17669,27,17,2025-07-08,4237.68,TRY,transfer
17670,15,3,2026-08-25,5016.78,TRY,refund
17671,84,9,2025-01-04,5456.93,TRY,transfer
17672,243,78,2025-09-28,6887.11,TRY,transfer
17673,798,74,2026-02-27,2476.77,TRY,refund
17674,875,72,2026-08-05,6434.59,TRY,transfer
17675,389,36,2025-12-30,4252.43,TRY,transfer
17676,967,68,2025-04-04,5315.29,TRY,refund
17677,66,27,2025-02-08,1571.01,TRY,transfer
17678,149,72,2025-10-26,2101.31,TRY,transfer
17679,171,14,2025-08-06,3822.85,TRY,transfer
17680,209,28,2025-05-11,671.57,TRY,purchase
17681,900,30,2025-02-08,6190.47,TRY,transfer
17682,52,38,2025-06-19,4356.65,TRY,refund
17683,2,25,2025-01-30,5269.36,TRY,transfer
17684,204,88,2025-01-02,4077.74,TRY,transfer
17685,503,83,2025-07-07,204.2,TRY,purchase
17686,789,58,2025-12-31,1089.31,TRY,purchase
17687,859,89,2025-06-26,2292.58,TRY,refund
17688,609,28,2025-03-27,3589.87,TRY,refund
17689,8,56,2025-06-15,1575.22,TRY,transfer
17690,808,15,2025-09-30,1707.68,TRY,refund
17691,289,39,2025-08-25,3464.25,TRY,purchase
17692,8,45,2025-08-22,6825.81,TRY,transfer
17693,430,17,2026-05-15,2907.23,TRY,purchase
17694,36,95,2026-08-24,6918.43,TRY,refund
17695,392,98,2025-08-23,6513.34,TRY,transfer
17696,191,42,2025-05-21,3216.14,TRY,purchase
17697,622,57,2026-01-31,3410.75,TRY,refund
17698,563,71,2025-04-01,1635.99,TRY,transfer
17699,97,36,2025-05-30,6113.61,TRY,purchase
17700,996,64,2026-01-07,5433.83,TRY,transfer
17701,969,40,2025-03-06,5570.65,TRY,purchase
17702,72,39,2025-01-30,729.52,TRY,transfer
17703,541,72,2026-04-28,4898.09,TRY,refund
17704,166,79,2026-01-12,1701.9,TRY,purchase
17705,738,60,2025-04-16,3610.76,TRY,transfer
17706,262,97,2025-07-11,3759.09,TRY,refund
17707,13,69,2026-06-30,5347.24,TRY,transfer
17708,376,53,2025-08-16,3521.97,TRY,purchase
17709,675,70,2025-12-10,1057.05,TRY,purchase
17710,778,7,2025-02-20,5775.19,TRY,transfer
17711,93,52,2025-10-01,6534.58,TRY,transfer
17712,369,91,2025-04-06,6030.62,TRY,refund
17713,361,73,2026-02-20,1846.5,TRY,refund
17714,848,5,2025-07-12,6091.52,TRY,purchase
17715,954,16,2026-06-15,3253.26,TRY,purchase
17716,629,47,2025-02-11,5089.37,TRY,transfer
17717,801,71,2026-07-15,3627.02,TRY,purchase
17718,809,30,2026-01-07,4331.47,TRY,purchase
17719,139,94,2025-03-12,2894.54,TRY,transfer
17720,711,6,2026-03-12,3871.54,TRY,purchase
17721,351,81,2026-02-03,1444.18,TRY,transfer
17722,995,50,2025-05-30,1016.91,TRY,transfer
17723,295,56,2025-07-08,6695.32,TRY,refund
17724,373,53,2025-05-05,2567.22,TRY,refund
17725,673,58,2025-05-12,5745.74,TRY,purchase
17726,347,85,2025-12-19,5958.58,TRY,refund
17727,136,60,2025-10-15,6658.71,TRY,transfer
17728,304,59,2025-07-10,3280.95,TRY,refund
17729,593,77,2025-09-29,6471.13,TRY,refund
17730,387,13,2026-04-06,1581.49,TRY,purchase
17731,412,8,2026-03-06,4950.47,TRY,refund
17732,967,38,2026-05-26,5141.9,TRY,purchase
17733,433,93,2026-05-17,2165.13,TRY,transfer
17734,759,9,2025-06-10,2711.62,TRY,purchase
17735,652,65,2026-04-12,6419.41,TRY,purchase
17736,24,93,2026-04-04,5302.62,TRY,purchase
17737,27,55,2025-10-31,3570.55,TRY,purchase
17738,796,25,2025-05-29,6629.24,TRY,transfer
17739,773,66,2026-02-11,3950.85,TRY,transfer
17740,925,66,2025-01-17,452.48,TRY,transfer
17741,549,13,2025-10-19,3685.15,TRY,transfer
17742,651,78,2025-11-15,2724.05,TRY,refund
17743,269,10,2025-03-11,1278.44,TRY,transfer
17744,179,19,2026-02-26,6939.05,TRY,purchase
17745,435,99,2025-03-26,1762.63,TRY,transfer
17746,186,94,2025-05-03,3328.54,TRY,purchase
17747,760,99,2025-11-17,5765.88,TRY,transfer
17748,80,72,2026-02-26,3025.46,TRY,transfer
17749,871,19,2025-08-05,5593.19,TRY,transfer
17750,595,53,2026-05-10,2275.33,TRY,transfer
17751,466,53,2026-01-15,4101.76,TRY,transfer
17752,911,72,2026-02-11,1584.57,TRY,transfer
17753,484,83,2026-06-27,2460.25,TRY,transfer
17754,742,57,2025-04-23,6248.89,TRY,purchase
17755,789,67,2026-05-08,4873.21,TRY,refund
17756,734,67,2025-04-27,3720.53,TRY,refund
17757,19,56,2025-07-23,1539.22,TRY,transfer
17758,551,59,2025-09-25,6655.94,TRY,purchase
17759,726,53,2026-03-30,5055.04,TRY,purchase
17760,855,50,2026-06-16,783.99,TRY,refund
17761,68,44,2025-08-16,2804.59,TRY,purchase
17762,495,89,2026-02-06,951.08,TRY,transfer
17763,999,81,2025-06-30,6633.43,TRY,transfer
17764,159,92,2025-01-30,3381.62,TRY,transfer
17765,602,42,2026-02-23,1287.66,TRY,refund
17766,92,83,2025-09-09,6451.78,TRY,purchase
17767,287,44,2025-04-22,5084.17,TRY,purchase
17768,694,10,2025-10-20,4629.31,TRY,purchase
17769,277,22,2025-03-25,5684.77,TRY,transfer
17770,152,44,2025-09-19,6703.68,TRY,refund
17771,754,100,2025-05-01,1772.21,TRY,refund
17772,224,70,2025-06-01,2430.28,TRY,purchase
17773,540,94,2026-01-27,6629.6,TRY,transfer
17774,922,99,2026-08-26,906.1,TRY,purchase
17775,358,9,2025-03-03,1369.12,TRY,transfer
17776,795,10,2026-01-04,4153.55,TRY,transfer
17777,800,85,2025-05-21,5031.89,TRY,transfer
17778,193,37,2026-08-17,1997.95,TRY,transfer
17779,253,46,2025-05-19,3108.81,TRY,refund
17780,12,58,2026-05-09,4536.18,TRY,transfer
17781,77,36,2026-05-06,2784.67,TRY,purchase
17782,238,51,2025-04-20,3458.96,TRY,transfer
17783,48,31,2025-05-15,2201.12,TRY,purchase
17784,233,37,2025-03-13,6926.3,TRY,transfer
17785,469,76,2025-06-05,5345.18,TRY,transfer
17786,82,87,2025-04-18,3216.45,TRY,purchase
17787,374,21,2025-10-22,2213.29,TRY,transfer
17788,403,2,2025-01-25,680.23,TRY,refund
17789,871,16,2026-05-08,1206.74,TRY,purchase
17790,577,87,2026-07-05,2033.01,TRY,purchase
17791,161,57,2025-02-05,4508.14,TRY,transfer
17792,278,26,2025-04-04,2472.44,TRY,purchase
17793,95,97,2026-05-17,876.35,TRY,transfer
17794,835,54,2025-07-07,2428.26,TRY,transfer
17795,996,52,2025-04-03,2589.57,TRY,purchase
17796,433,72,2026-07-10,6671.53,TRY,refund
17797,686,50,2025-12-13,4537.61,TRY,refund
17798,778,42,2026-01-20,4032.57,TRY,purchase
17799,785,96,2026-03-01,6515.51,TRY,purchase
17800,531,45,2025-08-22,2715.45,TRY,transfer
17801,676,93,2026-05-15,5744.37,TRY,transfer
17802,175,72,2025-03-10,3709.56,TRY,refund
17803,988,10,2025-03-17,5710.95,TRY,purchase
17804,938,91,2026-02-25,1649.22,TRY,refund
17805,196,16,2025-08-27,1720.54,TRY,purchase
17806,95,89,2025-05-25,4813.83,TRY,refund
17807,764,7,2026-03-24,5050.7,TRY,refund
17808,328,40,2026-05-07,6188.81,TRY,transfer
17809,809,27,2026-08-08,5223.99,TRY,transfer
17810,859,3,2025-10-13,5942.56,TRY,refund
17811,622,92,2025-04-02,146.37,TRY,purchase
17812,749,27,2025-08-20,5804.77,TRY,transfer
17813,624,15,2026-02-19,515.45,TRY,transfer
17814,343,92,2025-01-02,1142.58,TRY,refund
17815,409,57,2025-02-23,5467.52,TRY,refund
17816,290,1,2025-08-03,5322.35,TRY,transfer
17817,773,41,2026-05-08,3091.99,TRY,transfer
17818,665,12,2025-10-25,6736.55,TRY,refund
17819,600,95,2025-06-07,2754.72,TRY,purchase
17820,353,37,2025-06-08,3914.49,TRY,purchase
17821,356,63,2025-10-15,287.29,TRY,transfer
17822,516,85,2025-12-12,765.99,TRY,refund
17823,272,39,2025-10-25,6729.84,TRY,purchase
17824,781,68,2026-07-13,5875.02,TRY,refund
17825,554,84,2025-07-05,5036.95,TRY,transfer
17826,360,44,2025-05-29,2758.91,TRY,refund
17827,211,32,2026-07-03,5365.13,TRY,refund
17828,783,13,2026-05-23,3361.81,TRY,transfer
17829,525,73,2025-02-15,1991.4,TRY,purchase
17830,548,89,2025-03-30,6395.39,TRY,purchase
17831,407,28,2025-04-21,38.63,TRY,transfer
17832,648,95,2025-12-27,215.02,TRY,refund
17833,128,33,2025-01-05,4704.56,TRY,transfer
17834,440,65,2026-04-24,807.38,TRY,transfer
17835,445,77,2025-03-02,3378.87,TRY,purchase
17836,878,29,2026-07-24,1040.74,TRY,purchase
17837,59,77,2025-07-06,392.34,TRY,transfer
17838,111,15,2025-10-13,4228.4,TRY,transfer
17839,617,18,2025-04-30,4810.08,TRY,transfer
17840,358,3,2026-08-11,6780.02,TRY,transfer
17841,861,78,2025-10-14,3250.56,TRY,purchase
17842,629,67,2025-08-14,4708.48,TRY,refund
17843,926,51,2025-01-12,4409.08,TRY,refund
17844,650,15,2025-01-15,4300.14,TRY,purchase
17845,227,30,2026-06-17,5093.68,TRY,purchase
17846,700,27,2026-07-20,4423.84,TRY,purchase
17847,188,31,2026-01-18,1499.05,TRY,refund
17848,334,87,2026-05-24,6872.11,TRY,refund
17849,709,5,2025-12-08,4293.06,TRY,transfer
17850,325,4,2025-03-08,6646.6,TRY,transfer
17851,859,69,2026-03-31,1078.42,TRY,refund
17852,632,52,2026-01-04,6061.05,TRY,refund
17853,509,52,2026-05-14,6599.19,TRY,refund
17854,560,65,2026-04-28,877.32,TRY,purchase
17855,525,81,2025-09-18,5724.03,TRY,transfer
17856,216,78,2026-05-24,934.85,TRY,purchase
17857,402,91,2026-03-12,1504.81,TRY,transfer
17858,343,55,2026-06-05,3952.28,TRY,refund
17859,363,57,2025-11-14,3519.63,TRY,transfer
17860,780,100,2025-09-06,2816.93,TRY,transfer
17861,19,56,2025-03-09,3979.65,TRY,transfer
17862,507,46,2025-01-09,36.81,TRY,transfer
17863,79,93,2025-11-02,4543.81,TRY,refund
17864,210,72,2026-07-08,37.05,TRY,refund
17865,871,27,2025-03-13,2485.1,TRY,purchase
17866,11,97,2026-01-05,4861.41,TRY,purchase
17867,380,86,2025-07-14,2131.36,TRY,transfer
17868,329,84,2026-07-23,2067.45,TRY,purchase
17869,339,43,2026-02-12,500.09,TRY,purchase
17870,753,57,2026-06-18,2125.29,TRY,refund
17871,400,4,2025-04-11,5422.96,TRY,transfer
17872,999,26,2025-07-11,5457.6,TRY,refund
17873,696,74,2026-06-08,6787.2,TRY,transfer
17874,394,77,2025-12-30,4879.73,TRY,purchase
17875,661,47,2025-06-03,1842.03,TRY,transfer
17876,417,98,2026-08-31,1347.21,TRY,transfer
17877,438,7,2025-09-24,5323.59,TRY,purchase
17878,336,74,2026-08-19,168.85,TRY,transfer
17879,822,88,2025-01-08,501.33,TRY,purchase
17880,944,74,2025-11-17,5093.11,TRY,transfer
17881,589,66,2025-03-23,4953.83,TRY,transfer
17882,746,38,2025-08-30,5012.1,TRY,refund
17883,836,40,2026-01-06,3484.24,TRY,refund
17884,847,30,2025-11-16,4551.22,TRY,refund
17885,606,46,2025-03-19,1120.62,TRY,purchase
17886,571,52,2026-08-20,2349.97,TRY,transfer
17887,783,92,2025-08-16,6125.35,TRY,transfer
17888,919,81,2026-05-29,1139.98,TRY,purchase
17889,446,20,2026-07-06,2685.14,TRY,refund
17890,139,13,2025-02-13,296.85,TRY,refund
17891,230,44,2025-02-03,553.2,TRY,purchase
17892,751,82,2025-12-27,5944.14,TRY,refund
17893,24,83,2025-11-08,2023.53,TRY,purchase
17894,815,34,2026-06-06,1019.88,TRY,refund
17895,774,27,2025-01-19,1299.19,TRY,refund
17896,630,42,2026-06-01,3664.77,TRY,refund
17897,902,42,2026-03-31,1478.58,TRY,purchase
17898,621,63,2025-10-01,1194.44,TRY,refund
17899,8,70,2026-01-03,2497.47,TRY,purchase
17900,680,51,2025-06-11,5331.13,TRY,refund
17901,812,76,2025-04-23,1875.62,TRY,transfer
17902,985,98,2025-09-01,5901.09,TRY,refund
17903,223,74,2026-01-05,6630.69,TRY,refund
17904,418,78,2025-05-05,3265.11,TRY,purchase
17905,971,2,2026-04-28,449.75,TRY,refund
17906,720,63,2026-07-25,5753.85,TRY,transfer
17907,615,27,2026-05-01,1372.62,TRY,purchase
17908,921,7,2025-04-09,2428.72,TRY,transfer
17909,188,61,2026-05-10,6838.76,TRY,refund
17910,290,92,2026-07-10,5551.5,TRY,purchase
17911,126,69,2025-11-05,1939.65,TRY,refund
17912,547,75,2025-01-18,2514.42,TRY,transfer
17913,104,70,2025-10-18,2040.21,TRY,transfer
17914,24,8,2025-06-21,2407.72,TRY,refund
17915,952,67,2026-04-13,3583.35,TRY,refund
17916,888,60,2025-07-23,6834.11,TRY,purchase
17917,23,23,2025-06-10,6058.97,TRY,purchase
17918,980,30,2026-04-09,5322.56,TRY,purchase
17919,954,81,2025-12-21,2124.34,TRY,refund
17920,656,30,2025-07-25,4810.42,TRY,refund
17921,797,1,2025-04-09,2934.4,TRY,transfer
17922,472,70,2026-01-05,4656.87,TRY,transfer
17923,427,5,2025-08-23,1401.96,TRY,purchase
17924,636,69,2026-01-25,2484.46,TRY,refund
17925,73,3,2025-05-14,4976.03,TRY,transfer
17926,976,96,2025-03-13,5697.18,TRY,refund
17927,411,42,2025-09-24,3772.83,TRY,purchase
17928,578,99,2025-07-30,1230.35,TRY,purchase
17929,895,3,2026-02-05,6540.54,TRY,purchase
17930,362,22,2025-11-21,6021.66,TRY,purchase
17931,615,11,2026-03-25,3386.81,TRY,transfer
17932,730,57,2026-08-01,2209.64,TRY,refund
17933,478,82,2025-02-02,99.83,TRY,refund
17934,188,18,2025-11-27,5703.21,TRY,purchase
17935,78,58,2026-05-21,2344.71,TRY,purchase
17936,477,88,2025-10-16,5625.73,TRY,transfer
17937,608,5,2025-07-02,1410.53,TRY,transfer
17938,805,29,2026-02-23,6168.76,TRY,transfer
17939,316,83,2025-10-15,3403.93,TRY,refund
17940,996,93,2025-01-20,2947.78,TRY,purchase
17941,745,46,2026-05-20,4324.56,TRY,refund
17942,132,61,2025-07-30,4051.88,TRY,transfer
17943,253,10,2025-04-08,1134.16,TRY,refund
17944,607,65,2025-06-12,991.81,TRY,purchase
17945,528,91,2026-07-03,3153.62,TRY,purchase
17946,113,56,2025-06-09,4790.56,TRY,transfer
17947,261,35,2025-12-19,512.23,TRY,transfer
17948,966,53,2025-03-26,1521.86,TRY,purchase
17949,250,34,2025-01-31,5781.31,TRY,transfer
17950,289,78,2026-05-02,3655.74,TRY,purchase
17951,125,41,2025-02-15,5606.98,TRY,purchase
17952,999,81,2026-04-12,4460.11,TRY,purchase
17953,577,32,2025-04-29,6002.17,TRY,purchase
17954,701,95,2026-01-25,2479.72,TRY,refund
17955,606,36,2026-07-07,186.12,TRY,purchase
17956,57,74,2025-11-20,5595.54,TRY,transfer
17957,772,64,2025-12-09,3513.22,TRY,transfer
17958,839,51,2025-03-02,3155.54,TRY,refund
17959,63,77,2025-07-14,1346.95,TRY,transfer
17960,730,29,2025-01-23,1056.08,TRY,refund
17961,789,71,2025-07-10,5590.25,TRY,purchase
17962,329,28,2026-06-07,1992.29,TRY,purchase
17963,570,15,2025-07-31,1766.86,TRY,refund
17964,527,41,2026-04-03,6506.86,TRY,purchase
17965,861,29,2025-05-29,2652.94,TRY,purchase
17966,1000,5,2025-08-03,3858.76,TRY,purchase
17967,122,68,2026-02-27,1228.42,TRY,refund
17968,814,97,2025-02-14,4710.34,TRY,refund
17969,813,41,2025-03-09,1710.89,TRY,transfer
17970,774,81,2026-08-24,4353.62,TRY,purchase
17971,624,39,2025-07-04,5484.58,TRY,transfer
17972,418,38,2026-05-26,5350.26,TRY,purchase
17973,487,3,2025-08-12,2055.45,TRY,refund
17974,179,10,2025-12-31,2528.02,TRY,purchase
17975,497,33,2025-06-06,6696.04,TRY,purchase
17976,409,73,2025-04-16,4097.51,TRY,refund
17977,777,63,2025-12-30,5726.81,TRY,refund
17978,118,85,2026-08-05,5112.42,TRY,refund
17979,331,34,2026-08-12,362.66,TRY,refund
17980,309,93,2026-05-24,3692.33,TRY,purchase
17981,624,19,2025-11-04,411.33,TRY,transfer
17982,514,67,2026-02-01,5598.87,TRY,refund
17983,76,85,2025-04-21,6066.42,TRY,refund
17984,894,8,2025-01-14,3079.42,TRY,transfer
17985,792,98,2026-07-22,4258.31,TRY,purchase
17986,14,54,2025-04-04,3861.82,TRY,purchase
17987,895,5,2025-07-14,821.79,TRY,refund
17988,443,60,2026-04-18,6025.08,TRY,refund
17989,191,15,2026-02-25,1383.85,TRY,transfer
17990,820,21,2025-09-20,5144.84,TRY,refund
17991,994,100,2025-12-30,6323.48,TRY,purchase
17992,462,56,2025-11-27,2159.79,TRY,transfer
17993,917,66,2026-08-15,700.15,TRY,refund
17994,813,48,2025-09-04,4366.75,TRY,transfer
17995,478,63,2026-01-07,6598.44,TRY,transfer
17996,918,86,2025-05-01,6039.89,TRY,purchase
17997,327,92,2026-05-28,166.93,TRY,transfer
17998,303,19,2025-06-12,816.91,TRY,purchase
17999,800,25,2026-04-26,5208.45,TRY,refund
18000,13,2,2025-04-19,2127.8,TRY,purchase
18001,955,31,2025-07-01,1724.89,TRY,transfer
18002,112,98,2025-10-23,953.51,TRY,purchase
18003,271,97,2025-04-13,3422.65,TRY,purchase
18004,736,74,2025-12-02,1552.9,TRY,refund
18005,197,2,2026-05-11,513.99,TRY,transfer
18006,312,53,2026-03-18,101.13,TRY,purchase
18007,250,92,2025-12-05,788.42,TRY,refund
18008,612,7,2025-08-02,1544.5,TRY,purchase
18009,100,32,2026-08-06,1382.01,TRY,refund
18010,758,5,2025-12-31,4889.52,TRY,purchase
18011,749,98,2025-02-23,4764.14,TRY,purchase
18012,91,10,2026-01-05,5865.82,TRY,transfer
18013,423,63,2026-02-27,4791.88,TRY,purchase
18014,515,55,2026-01-03,3733.1,TRY,refund
18015,240,4,2025-04-09,4959.41,TRY,purchase
18016,516,8,2025-07-13,260.19,TRY,transfer
18017,221,68,2026-03-25,5680.98,TRY,refund
18018,162,51,2025-08-05,4729.44,TRY,refund
18019,8,94,2025-12-29,2078.1,TRY,refund
18020,367,48,2025-03-16,2341.87,TRY,transfer
18021,412,80,2026-06-17,1590.12,TRY,purchase
18022,192,78,2026-08-16,524.31,TRY,transfer
18023,915,9,2025-06-16,3558.14,TRY,transfer
18024,8,78,2025-03-11,5664.53,TRY,transfer
18025,87,60,2026-04-27,4889.77,TRY,purchase
18026,590,89,2026-06-23,1324.7,TRY,refund
18027,475,83,2025-04-29,3206.73,TRY,refund
18028,415,64,2026-06-16,2320.11,TRY,transfer
18029,575,57,2026-02-11,3069.21,TRY,purchase
18030,83,92,2026-04-07,3435.05,TRY,transfer
18031,760,37,2025-09-22,2187.97,TRY,refund
18032,859,49,2026-01-04,3159.15,TRY,purchase
18033,971,62,2025-12-10,6962.02,TRY,transfer
18034,541,24,2025-10-28,6579.55,TRY,purchase
18035,221,19,2026-07-06,5523.27,TRY,purchase
18036,518,2,2025-04-08,6724.63,TRY,transfer
18037,703,47,2025-12-27,3524.09,TRY,transfer
18038,282,41,2026-04-04,6500.33,TRY,refund
18039,171,50,2025-09-27,263.63,TRY,refund
18040,111,90,2025-11-08,5957.41,TRY,transfer
18041,86,26,2025-04-21,309.74,TRY,refund
18042,945,93,2026-01-16,1018.85,TRY,refund
18043,57,94,2025-09-26,2503.67,TRY,refund
18044,329,36,2025-08-05,489.13,TRY,purchase
18045,589,8,2025-09-01,3706.44,TRY,purchase
18046,433,41,2025-04-12,1088.57,TRY,transfer
18047,262,58,2025-07-09,4019.04,TRY,purchase
18048,416,99,2025-08-18,1381.68,TRY,purchase
18049,925,84,2025-02-04,4201.41,TRY,purchase
18050,72,28,2025-03-27,4760.5,TRY,purchase
18051,859,19,2025-06-09,3091.76,TRY,refund
18052,102,45,2026-07-21,1796.2,TRY,purchase
18053,356,90,2025-03-28,627.78,TRY,transfer
18054,770,61,2025-10-31,6509.63,TRY,purchase
18055,245,16,2026-07-28,2311.92,TRY,purchase
18056,90,90,2025-08-11,1215.83,TRY,refund
18057,360,63,2025-01-27,1414.77,TRY,purchase
18058,638,57,2025-05-01,5110.63,TRY,transfer
18059,96,35,2026-07-02,2598.73,TRY,purchase
18060,972,52,2025-05-29,4476.58,TRY,refund
18061,979,84,2025-10-01,3653.28,TRY,transfer
18062,109,72,2026-04-21,1343.02,TRY,refund
18063,743,71,2025-11-18,961.14,TRY,refund
18064,443,38,2025-06-16,5716.99,TRY,transfer
18065,260,84,2026-02-04,3858.62,TRY,purchase
18066,605,20,2026-02-17,479.12,TRY,transfer
18067,952,86,2025-12-27,4809.61,TRY,refund
18068,853,77,2025-06-02,3164.65,TRY,transfer
18069,291,21,2025-02-21,5808.72,TRY,purchase
18070,230,80,2025-05-03,2758.45,TRY,purchase
18071,142,66,2025-03-25,775.86,TRY,purchase
18072,969,13,2026-05-17,254.3,TRY,purchase
18073,297,92,2026-05-24,3818.15,TRY,transfer
18074,821,61,2025-08-24,3342.9,TRY,transfer
18075,51,48,2025-05-19,843.77,TRY,transfer
18076,475,94,2025-01-04,916.25,TRY,refund
18077,939,31,2026-08-02,5951.05,TRY,purchase
18078,644,11,2026-03-03,4758.79,TRY,purchase
18079,434,17,2026-08-16,2222.37,TRY,purchase
18080,941,7,2026-04-08,3361.34,TRY,transfer
18081,406,85,2026-05-23,3051.21,TRY,transfer
18082,972,33,2025-03-09,4808.98,TRY,refund
18083,849,7,2026-02-19,1880.06,TRY,refund
18084,895,71,2026-06-21,3795.97,TRY,refund
18085,806,81,2025-11-16,1875.18,TRY,purchase
18086,294,44,2025-03-01,6311.94,TRY,transfer
18087,632,96,2026-06-04,3587.75,TRY,refund
18088,873,46,2025-08-16,3524.48,TRY,transfer
18089,766,38,2025-11-20,763.57,TRY,refund
18090,338,23,2026-05-21,6244.49,TRY,refund
18091,971,57,2025-09-01,6638.96,TRY,refund
18092,378,23,2025-11-20,5868.98,TRY,purchase
18093,712,60,2026-07-07,6947.11,TRY,purchase
18094,91,11,2025-06-04,2671.38,TRY,transfer
18095,976,14,2026-07-21,2898.23,TRY,refund
18096,25,51,2025-08-08,2101.57,TRY,transfer
18097,692,44,2026-03-03,5231.64,TRY,transfer
18098,504,63,2025-03-06,29.03,TRY,refund
18099,669,49,2026-06-01,6900.08,TRY,transfer
18100,904,71,2025-07-07,3051.44,TRY,transfer
18101,242,39,2025-06-30,5721.24,TRY,purchase
18102,211,47,2025-07-09,3722.97,TRY,transfer
18103,654,61,2025-01-12,6379.18,TRY,refund
18104,139,45,2025-03-26,5578.81,TRY,refund
18105,187,61,2025-06-30,2305.91,TRY,refund
18106,121,65,2025-07-08,707.75,TRY,transfer
18107,264,2,2026-07-16,1927.27,TRY,transfer
18108,514,60,2025-09-22,1101.6,TRY,purchase
18109,356,81,2025-11-16,3284.3,TRY,purchase
18110,71,99,2026-01-20,6574.18,TRY,refund
18111,384,59,2025-07-16,1702.96,TRY,transfer
18112,189,5,2025-01-26,2951.59,TRY,purchase
18113,887,83,2025-08-17,3054.43,TRY,transfer
18114,354,20,2026-04-26,5450.25,TRY,transfer
18115,11,22,2025-07-18,1632.42,TRY,refund
18116,164,31,2025-11-23,6051.71,TRY,transfer
18117,260,88,2026-01-18,4190.38,TRY,purchase
18118,822,72,2025-08-08,6793.26,TRY,transfer
18119,529,40,2026-02-05,455.11,TRY,refund
18120,598,10,2026-02-07,5238.1,TRY,transfer
18121,535,16,2025-11-21,2301.7,TRY,refund
18122,105,25,2026-03-15,5273.77,TRY,purchase
18123,814,86,2025-11-15,3317.85,TRY,refund
18124,934,98,2025-04-30,5981.82,TRY,purchase
18125,298,24,2025-10-03,5551.08,TRY,refund
18126,985,72,2025-09-24,2765.86,TRY,transfer
18127,970,76,2026-08-19,1480.06,TRY,purchase
18128,812,44,2026-05-04,665.22,TRY,refund
18129,561,92,2026-01-04,1361.98,TRY,refund
18130,605,79,2025-10-04,173.42,TRY,transfer
18131,883,35,2026-04-09,3263.05,TRY,purchase
18132,481,79,2026-04-09,1095.72,TRY,purchase
18133,636,18,2026-05-25,6835.91,TRY,transfer
18134,992,10,2025-11-01,23.0,TRY,purchase
18135,972,88,2025-10-19,5561.95,TRY,refund
18136,54,68,2026-05-25,4218.59,TRY,purchase
18137,978,61,2025-08-30,3035.66,TRY,transfer
18138,998,68,2025-12-12,3161.14,TRY,refund
18139,153,35,2026-01-08,1146.05,TRY,purchase
18140,400,38,2025-06-18,4547.63,TRY,transfer
18141,995,12,2025-04-24,5151.31,TRY,purchase
18142,538,22,2025-11-30,1778.92,TRY,transfer
18143,963,84,2025-11-23,952.61,TRY,transfer
18144,965,11,2025-05-21,805.25,TRY,transfer
18145,374,74,2025-11-15,5510.55,TRY,purchase
18146,193,32,2026-07-30,768.87,TRY,transfer
18147,485,73,2026-07-03,1781.63,TRY,refund
18148,431,76,2025-02-16,726.83,TRY,refund
18149,27,49,2025-02-23,4839.3,TRY,refund
18150,960,30,2025-07-21,3282.96,TRY,transfer
18151,127,77,2025-08-30,2666.55,TRY,transfer
18152,786,95,2026-06-20,5648.35,TRY,transfer
18153,417,95,2025-12-14,6436.52,TRY,refund
18154,656,28,2026-02-22,1770.59,TRY,purchase
18155,583,49,2026-08-09,407.92,TRY,refund
18156,736,44,2025-07-04,540.97,TRY,purchase
18157,802,75,2025-06-20,2780.99,TRY,purchase
18158,192,41,2026-07-04,5489.37,TRY,refund
18159,12,38,2026-05-22,2914.88,TRY,purchase
18160,520,85,2025-09-11,5679.0,TRY,purchase
18161,449,32,2025-12-04,6322.11,TRY,refund
18162,50,2,2026-05-15,4077.14,TRY,transfer
18163,261,8,2026-04-28,5526.2,TRY,refund
18164,529,45,2026-01-27,1903.03,TRY,transfer
18165,708,20,2025-11-17,5564.74,TRY,transfer
18166,237,32,2025-09-17,3736.26,TRY,transfer
18167,391,73,2025-11-23,2172.05,TRY,transfer
18168,62,1,2025-05-09,1256.23,TRY,purchase
18169,682,79,2026-03-30,2965.04,TRY,refund
18170,372,26,2025-03-12,4962.21,TRY,refund
18171,921,86,2026-01-18,4821.54,TRY,transfer
18172,347,73,2026-03-05,948.87,TRY,transfer
18173,646,61,2025-09-28,911.12,TRY,purchase
18174,238,39,2025-05-06,6260.97,TRY,purchase
18175,559,89,2025-09-04,2027.05,TRY,purchase
18176,653,61,2025-01-24,1703.31,TRY,refund
18177,192,51,2026-03-03,3598.39,TRY,refund
18178,365,30,2025-03-08,2691.71,TRY,transfer
18179,107,25,2025-09-27,2670.96,TRY,transfer
18180,237,31,2025-05-11,3400.54,TRY,refund
18181,958,12,2026-01-21,6715.59,TRY,transfer
18182,514,36,2026-06-21,746.5,TRY,purchase
18183,470,20,2025-06-02,2380.18,TRY,purchase
18184,820,42,2026-05-08,2148.29,TRY,purchase
18185,882,45,2025-08-02,1273.55,TRY,refund
18186,650,7,2026-01-22,5992.51,TRY,transfer
18187,527,14,2026-06-21,59.26,TRY,refund
18188,360,35,2025-06-26,265.12,TRY,refund
18189,3,79,2025-09-13,4279.42,TRY,transfer
18190,884,51,2025-02-24,404.8,TRY,refund
18191,561,74,2025-09-22,4045.2,TRY,purchase
18192,347,99,2025-01-07,2820.87,TRY,refund
18193,465,24,2025-07-29,6275.86,TRY,purchase
18194,33,59,2025-12-26,525.17,TRY,purchase
18195,308,72,2026-03-17,2389.65,TRY,refund
18196,606,54,2026-07-25,804.76,TRY,purchase
18197,191,8,2025-05-21,1159.26,TRY,purchase
18198,102,63,2025-08-16,4759.02,TRY,transfer
18199,85,41,2025-11-26,5310.32,TRY,refund
18200,215,9,2025-05-27,1834.16,TRY,refund
18201,501,33,2025-01-10,4904.79,TRY,transfer
18202,296,1,2025-11-04,1723.7,TRY,transfer
18203,104,37,2025-03-13,836.1,TRY,refund
18204,542,60,2025-08-18,2947.21,TRY,purchase
18205,899,53,2025-08-26,1865.25,TRY,refund
18206,827,11,2025-07-26,274.24,TRY,refund
18207,474,24,2025-08-27,3966.26,TRY,purchase
18208,192,58,2026-08-02,816.35,TRY,purchase
18209,233,29,2025-05-07,2874.38,TRY,purchase
18210,429,18,2026-08-17,2917.81,TRY,transfer
18211,928,90,2026-07-18,477.09,TRY,refund
18212,794,43,2025-11-12,3899.16,TRY,purchase
18213,295,38,2025-05-13,4555.06,TRY,purchase
18214,225,45,2025-06-09,4669.17,TRY,refund
18215,416,7,2025-05-25,1535.78,TRY,transfer
18216,173,39,2026-05-23,2160.25,TRY,refund
18217,973,68,2026-05-07,6794.04,TRY,purchase
18218,976,64,2025-03-29,3864.95,TRY,refund
18219,755,10,2025-08-24,3280.38,TRY,purchase
18220,720,45,2026-08-19,3173.42,TRY,transfer
18221,469,70,2025-01-17,3920.63,TRY,transfer
18222,650,38,2025-04-13,3216.49,TRY,refund
18223,916,61,2025-08-18,4318.7,TRY,purchase
18224,446,77,2025-08-14,4005.99,TRY,transfer
18225,768,77,2026-08-24,4651.0,TRY,refund
18226,190,4,2025-05-15,378.49,TRY,refund
18227,168,16,2025-03-05,2130.24,TRY,purchase
18228,122,34,2026-03-04,3711.67,TRY,purchase
18229,249,69,2026-08-25,5091.02,TRY,purchase
18230,250,10,2025-08-05,3674.7,TRY,purchase
18231,702,85,2025-10-23,4032.19,TRY,purchase
18232,812,42,2025-05-18,5215.29,TRY,transfer
18233,202,63,2025-04-25,329.91,TRY,refund
18234,102,60,2026-02-12,1321.37,TRY,transfer
18235,941,43,2025-04-18,6121.63,TRY,purchase
18236,666,1,2025-03-14,2894.18,TRY,purchase
18237,757,35,2025-01-27,1610.11,TRY,transfer
18238,716,60,2026-02-14,923.18,TRY,purchase
18239,541,72,2025-01-21,3068.43,TRY,purchase
18240,284,32,2026-05-31,4124.65,TRY,purchase
18241,312,83,2026-06-09,1046.66,TRY,transfer
18242,925,74,2025-04-25,1203.86,TRY,refund
18243,151,33,2025-10-22,464.79,TRY,refund
18244,769,3,2025-03-12,4684.75,TRY,refund
18245,799,54,2025-10-26,6839.35,TRY,purchase
18246,349,3,2026-01-12,6602.29,TRY,transfer
18247,837,43,2026-01-31,3697.6,TRY,purchase
18248,76,83,2025-08-23,1783.83,TRY,purchase
18249,347,29,2025-07-08,4215.66,TRY,purchase
18250,266,75,2025-08-26,4239.52,TRY,transfer
18251,530,83,2025-06-08,5457.15,TRY,purchase
18252,376,91,2026-02-16,1710.58,TRY,transfer
18253,490,22,2026-03-16,1180.92,TRY,refund
18254,858,57,2025-04-17,6270.69,TRY,transfer
18255,240,74,2025-04-07,2955.86,TRY,purchase
18256,455,87,2026-03-29,6003.15,TRY,purchase
18257,6,70,2026-05-02,4916.51,TRY,transfer
18258,259,2,2025-08-28,2784.09,TRY,transfer
18259,769,6,2025-01-13,6197.23,TRY,purchase
18260,681,46,2025-10-22,84.26,TRY,transfer
18261,276,96,2026-01-26,4691.55,TRY,refund
18262,433,47,2025-03-08,3454.05,TRY,refund
18263,762,64,2025-11-17,5292.56,TRY,purchase
18264,592,15,2025-05-15,1438.17,TRY,refund
18265,333,95,2025-12-07,3059.15,TRY,refund
18266,112,34,2026-08-24,1389.22,TRY,purchase
18267,75,95,2026-01-12,4326.04,TRY,purchase
18268,951,72,2025-07-06,1792.75,TRY,purchase
18269,244,7,2026-08-22,1165.9,TRY,transfer
18270,520,29,2025-11-13,1425.5,TRY,refund
18271,987,39,2026-01-14,2698.21,TRY,purchase
18272,24,76,2025-02-15,2664.47,TRY,transfer
18273,321,71,2025-02-24,6525.19,TRY,refund
18274,792,79,2025-10-05,151.93,TRY,refund
18275,986,53,2025-11-05,2192.85,TRY,refund
18276,69,43,2026-04-20,676.26,TRY,transfer
18277,592,20,2025-08-26,6877.82,TRY,purchase
18278,141,68,2026-05-31,1434.56,TRY,refund
18279,592,85,2025-05-10,6384.73,TRY,refund
18280,826,38,2025-12-06,2309.1,TRY,purchase
18281,487,40,2025-06-25,5728.15,TRY,transfer
18282,528,19,2026-07-12,161.38,TRY,transfer
18283,500,75,2025-10-08,1890.62,TRY,purchase
18284,11,9,2025-01-04,6190.76,TRY,refund
18285,444,68,2026-08-14,6529.37,TRY,refund
18286,612,7,2025-08-18,6571.34,TRY,transfer
18287,443,33,2026-01-21,2140.87,TRY,purchase
18288,998,86,2025-06-06,5848.89,TRY,purchase
18289,844,52,2026-08-20,2858.38,TRY,transfer
18290,536,78,2025-06-23,4871.67,TRY,refund
18291,578,63,2026-08-21,5672.55,TRY,transfer
18292,240,38,2026-05-28,6086.93,TRY,refund
18293,635,56,2025-07-12,5975.56,TRY,refund
18294,129,17,2025-07-24,5078.83,TRY,refund
18295,130,100,2026-02-17,252.66,TRY,transfer
18296,469,76,2025-10-20,3837.64,TRY,refund
18297,469,41,2026-06-27,854.39,TRY,purchase
18298,37,10,2026-01-13,2161.2,TRY,refund
18299,369,9,2025-07-03,1842.61,TRY,refund
18300,503,31,2026-05-04,4756.16,TRY,transfer
18301,554,35,2026-06-08,5739.31,TRY,transfer
18302,59,19,2025-01-05,5661.25,TRY,purchase
18303,173,67,2026-05-22,5964.52,TRY,purchase
18304,453,67,2026-08-15,6005.51,TRY,transfer
18305,70,62,2026-06-24,5074.2,TRY,purchase
18306,817,20,2025-05-17,2624.04,TRY,purchase
18307,613,91,2025-04-17,5511.79,TRY,transfer
18308,843,47,2026-04-09,1621.28,TRY,purchase
18309,965,19,2025-07-08,1712.55,TRY,purchase
18310,412,5,2025-04-03,3185.16,TRY,refund
18311,294,19,2026-02-07,4369.54,TRY,transfer
18312,727,68,2026-06-18,5459.87,TRY,purchase
18313,172,8,2026-08-12,5780.67,TRY,purchase
18314,140,35,2025-06-02,1473.76,TRY,transfer
18315,193,84,2025-02-08,5039.22,TRY,purchase
18316,721,67,2025-10-05,5394.62,TRY,refund
18317,713,91,2026-05-11,1022.82,TRY,transfer
18318,359,62,2025-07-21,181.56,TRY,transfer
18319,960,92,2025-08-04,4635.0,TRY,transfer
18320,847,38,2026-07-25,2053.01,TRY,transfer
18321,453,11,2025-10-03,2769.87,TRY,purchase
18322,211,83,2026-08-27,5088.58,TRY,purchase
18323,638,20,2025-05-06,1714.61,TRY,refund
18324,41,15,2026-06-19,1502.39,TRY,purchase
18325,498,34,2025-01-12,6369.89,TRY,purchase
18326,999,15,2026-03-24,4140.4,TRY,transfer
18327,885,95,2026-05-05,5592.26,TRY,purchase
18328,267,11,2026-07-06,3724.68,TRY,refund
18329,890,81,2026-04-03,4568.64,TRY,transfer
18330,782,48,2025-03-27,2629.09,TRY,purchase
18331,146,13,2026-06-08,2820.72,TRY,refund
18332,947,44,2026-07-28,989.09,TRY,transfer
18333,311,15,2026-01-09,609.42,TRY,refund
18334,778,32,2026-06-08,2871.4,TRY,transfer
18335,670,79,2025-01-28,3849.63,TRY,refund
18336,942,2,2025-08-17,6206.8,TRY,purchase
18337,147,46,2025-08-16,2603.04,TRY,refund
18338,605,78,2026-01-05,1387.54,TRY,refund
18339,186,2,2025-11-29,5716.61,TRY,purchase
18340,4,82,2026-03-04,4965.93,TRY,refund
18341,871,18,2025-01-03,4251.71,TRY,purchase
18342,869,47,2026-08-05,3452.83,TRY,purchase
18343,633,54,2026-04-20,5619.89,TRY,refund
18344,823,12,2025-02-13,2736.29,TRY,purchase
18345,960,13,2025-03-29,4928.59,TRY,transfer
18346,830,1,2025-08-18,967.62,TRY,purchase
18347,683,21,2025-09-13,2496.58,TRY,refund
18348,230,26,2026-05-21,5050.85,TRY,refund
18349,327,27,2026-03-17,4917.96,TRY,refund
18350,409,5,2025-05-21,2743.58,TRY,transfer
18351,320,13,2025-06-26,583.92,TRY,refund
18352,226,66,2025-06-19,1771.28,TRY,transfer
18353,930,49,2025-07-11,1190.45,TRY,purchase
18354,935,80,2026-05-15,1018.9,TRY,transfer
18355,970,69,2025-09-26,1540.09,TRY,refund
18356,741,95,2025-02-20,4189.05,TRY,transfer
18357,390,90,2025-02-25,5572.23,TRY,transfer
18358,195,75,2025-03-23,48.44,TRY,purchase
18359,362,81,2025-02-01,5195.18,TRY,purchase
18360,643,8,2026-06-28,5797.99,TRY,refund
18361,776,48,2025-07-24,4845.37,TRY,refund
18362,589,91,2026-06-30,2547.18,TRY,transfer
18363,65,100,2026-01-09,4510.75,TRY,purchase
18364,641,20,2025-03-05,5008.02,TRY,purchase
18365,572,30,2026-01-17,1678.42,TRY,purchase
18366,667,36,2025-12-06,82.73,TRY,purchase
18367,327,22,2026-06-30,6730.92,TRY,purchase
18368,745,54,2025-09-27,5859.3,TRY,refund
18369,126,81,2025-11-18,3139.16,TRY,refund
18370,814,76,2026-08-19,1497.51,TRY,transfer
18371,190,35,2026-02-17,4967.18,TRY,transfer
18372,410,89,2025-09-30,4243.52,TRY,purchase
18373,973,67,2026-08-27,3045.61,TRY,transfer
18374,633,84,2026-07-31,4050.25,TRY,transfer
18375,12,14,2025-07-09,4978.85,TRY,refund
18376,584,93,2025-07-17,5825.19,TRY,purchase
18377,328,40,2026-04-02,2831.72,TRY,purchase
18378,758,37,2025-10-06,2162.44,TRY,transfer
18379,576,23,2026-07-08,650.79,TRY,transfer
18380,913,25,2025-06-08,2374.23,TRY,purchase
18381,842,21,2026-01-20,2779.09,TRY,transfer
18382,990,77,2025-03-09,3400.79,TRY,transfer
18383,187,57,2025-06-10,4247.4,TRY,purchase
18384,116,31,2026-03-21,4317.73,TRY,purchase
18385,571,51,2026-03-15,154.78,TRY,purchase
18386,601,52,2025-08-23,537.25,TRY,refund
18387,866,7,2025-04-30,4989.14,TRY,refund
18388,849,8,2025-10-30,6857.18,TRY,purchase
18389,768,87,2025-08-02,2198.46,TRY,purchase
18390,909,62,2026-03-04,48.19,TRY,transfer
18391,632,63,2025-04-27,1419.36,TRY,refund
18392,489,62,2025-08-10,3647.94,TRY,refund
18393,23,34,2026-04-22,5752.76,TRY,refund
18394,844,20,2025-02-14,4628.88,TRY,refund
18395,821,52,2025-11-01,3465.45,TRY,transfer
18396,429,25,2026-01-08,4897.47,TRY,transfer
18397,275,32,2025-01-15,4923.78,TRY,purchase
18398,815,20,2025-05-13,2725.7,TRY,refund
18399,121,42,2025-09-07,4613.05,TRY,refund
18400,833,26,2025-05-05,3540.89,TRY,purchase
18401,662,83,2025-12-22,5272.49,TRY,transfer
18402,563,21,2025-05-31,475.64,TRY,refund
18403,886,18,2026-01-19,6365.29,TRY,purchase
18404,178,24,2025-10-09,80.8,TRY,transfer
18405,860,38,2025-01-17,6228.55,TRY,refund
18406,302,74,2025-07-23,3724.91,TRY,refund
18407,910,11,2026-02-21,997.61,TRY,purchase
18408,868,97,2025-05-30,2256.11,TRY,purchase
18409,523,64,2025-10-10,2171.48,TRY,purchase
18410,144,73,2025-04-26,6638.25,TRY,purchase
18411,140,20,2026-05-06,2972.4,TRY,purchase
18412,883,27,2026-08-24,6700.89,TRY,purchase
18413,577,14,2026-02-25,5602.99,TRY,transfer
18414,772,5,2026-02-02,1820.76,TRY,purchase
18415,928,81,2026-06-09,2611.82,TRY,refund
18416,759,9,2025-05-23,4301.19,TRY,transfer
18417,435,52,2025-08-30,5986.47,TRY,transfer
18418,700,4,2025-11-27,3569.28,TRY,purchase
18419,821,2,2026-04-08,2746.85,TRY,purchase
18420,805,85,2025-10-31,6570.11,TRY,purchase
18421,857,41,2025-01-24,3495.63,TRY,purchase
18422,982,96,2025-04-22,3841.86,TRY,transfer
18423,346,80,2025-08-30,6026.28,TRY,refund
18424,371,31,2025-08-12,2472.41,TRY,transfer
18425,711,33,2025-02-15,3998.94,TRY,refund
18426,938,84,2025-09-07,6981.42,TRY,purchase
18427,932,22,2025-09-30,4762.0,TRY,transfer
18428,254,26,2025-12-02,6112.32,TRY,refund
18429,590,97,2026-06-23,5416.62,TRY,refund
18430,250,28,2026-06-14,4341.86,TRY,purchase
18431,332,35,2026-05-26,5239.69,TRY,transfer
18432,935,23,2026-04-30,6825.81,TRY,purchase
18433,848,51,2026-01-22,1772.81,TRY,refund
18434,566,47,2026-02-21,5677.81,TRY,transfer
18435,707,49,2026-06-12,4190.92,TRY,refund
18436,767,65,2026-01-01,5012.64,TRY,purchase
18437,151,62,2025-02-24,5184.98,TRY,purchase
18438,541,92,2025-07-28,2959.1,TRY,refund
18439,974,29,2026-05-24,103.78,TRY,transfer
18440,671,94,2025-11-25,2370.94,TRY,refund
18441,420,91,2025-12-11,745.39,TRY,refund
18442,641,12,2025-10-12,1247.89,TRY,purchase
18443,716,69,2026-03-05,550.39,TRY,refund
18444,323,3,2025-11-09,892.17,TRY,transfer
18445,669,72,2025-06-24,1104.85,TRY,refund
18446,791,66,2025-03-07,1885.52,TRY,purchase
18447,87,82,2025-01-10,6824.06,TRY,transfer
18448,125,74,2025-01-26,2423.26,TRY,transfer
18449,310,94,2025-11-12,5137.86,TRY,transfer
18450,556,14,2026-03-06,2149.24,TRY,refund
18451,517,89,2025-02-05,4548.61,TRY,transfer
18452,112,5,2026-02-11,4907.85,TRY,refund
18453,366,13,2026-08-16,3445.67,TRY,purchase
18454,409,25,2025-10-26,4968.33,TRY,refund
18455,327,54,2026-01-16,5878.23,TRY,purchase
18456,298,64,2026-03-04,3909.3,TRY,transfer
18457,737,41,2026-07-02,5999.77,TRY,refund
18458,604,64,2025-05-17,1060.18,TRY,refund
18459,45,16,2025-03-29,2696.57,TRY,purchase
18460,144,55,2026-06-15,2126.24,TRY,transfer
18461,447,61,2026-04-15,6147.77,TRY,refund
18462,759,16,2026-08-22,1253.83,TRY,purchase
18463,593,60,2026-02-16,1748.66,TRY,refund
18464,350,45,2026-01-05,4651.02,TRY,refund
18465,638,39,2025-08-26,743.78,TRY,transfer
18466,611,25,2026-01-28,6859.65,TRY,refund
18467,901,12,2025-04-04,2813.9,TRY,refund
18468,208,43,2025-07-03,963.82,TRY,transfer
18469,841,30,2026-07-27,2796.6,TRY,transfer
18470,666,11,2026-07-04,3344.79,TRY,transfer
18471,206,85,2026-04-24,2393.01,TRY,purchase
18472,641,59,2025-05-15,3357.93,TRY,purchase
18473,222,10,2025-12-01,3650.57,TRY,refund
18474,147,3,2026-04-29,525.35,TRY,purchase
18475,875,68,2026-08-09,6386.71,TRY,refund
18476,683,60,2026-07-22,2365.64,TRY,transfer
18477,650,7,2026-03-31,4105.82,TRY,refund
18478,253,79,2025-08-06,1929.64,TRY,purchase
18479,190,28,2026-02-22,2112.41,TRY,refund
18480,710,24,2026-07-11,2283.04,TRY,refund
18481,588,52,2026-04-13,4830.0,TRY,transfer
18482,886,1,2026-02-11,6690.03,TRY,refund
18483,472,40,2025-01-06,4987.79,TRY,refund
18484,726,3,2025-08-18,3340.86,TRY,purchase
18485,128,95,2026-02-24,20.49,TRY,refund
18486,502,96,2025-02-14,1957.8,TRY,refund
18487,521,58,2025-03-06,6407.74,TRY,purchase
18488,238,62,2025-06-30,3900.13,TRY,transfer
18489,243,47,2026-05-16,2815.01,TRY,transfer
18490,367,56,2025-09-17,1077.75,TRY,refund
18491,356,28,2026-08-17,4590.29,TRY,purchase
18492,635,41,2025-10-18,3310.73,TRY,refund
18493,707,57,2025-09-17,6155.37,TRY,purchase
18494,433,68,2026-03-09,3426.02,TRY,transfer
18495,285,68,2026-08-02,4344.21,TRY,purchase
18496,707,44,2025-04-16,4607.68,TRY,refund
18497,15,3,2026-07-24,102.08,TRY,refund
18498,972,27,2026-01-08,5160.19,TRY,purchase
18499,884,44,2025-04-19,33.16,TRY,refund
18500,686,61,2025-02-04,5536.38,TRY,transfer
18501,458,81,2026-03-19,190.89,TRY,transfer
18502,703,34,2026-01-11,1570.26,TRY,purchase
18503,671,90,2026-04-15,4463.94,TRY,refund
18504,90,47,2025-06-08,3369.54,TRY,transfer
18505,158,95,2025-03-29,6922.66,TRY,transfer
18506,125,32,2025-07-25,6699.6,TRY,transfer
18507,984,38,2025-09-04,5532.04,TRY,transfer
18508,57,16,2026-07-16,6063.85,TRY,transfer
18509,504,91,2025-12-27,5399.35,TRY,refund
18510,997,39,2025-04-20,6158.45,TRY,purchase
18511,743,54,2025-01-19,191.49,TRY,purchase
18512,993,55,2026-03-26,1880.08,TRY,transfer
18513,771,66,2026-01-31,533.84,TRY,transfer
18514,584,82,2025-09-21,932.38,TRY,purchase
18515,393,20,2025-10-29,3761.41,TRY,refund
18516,515,17,2025-02-01,5878.54,TRY,transfer
18517,147,45,2025-07-19,5451.75,TRY,refund
18518,357,41,2025-06-02,1102.17,TRY,refund
18519,194,69,2025-10-21,5926.08,TRY,purchase
18520,240,2,2025-06-28,6677.59,TRY,purchase
18521,353,60,2025-04-29,2752.85,TRY,purchase
18522,617,44,2025-11-01,2882.61,TRY,purchase
18523,195,77,2025-01-16,5331.61,TRY,refund
18524,981,39,2025-04-19,3834.48,TRY,transfer
18525,39,57,2025-03-13,5805.25,TRY,purchase
18526,213,65,2025-07-24,5875.68,TRY,transfer
18527,354,9,2025-09-24,3064.21,TRY,refund
18528,298,60,2026-02-14,2585.8,TRY,refund
18529,550,89,2026-07-22,5476.36,TRY,refund
18530,909,39,2026-04-15,2875.32,TRY,purchase
18531,436,73,2025-08-25,4954.84,TRY,refund
18532,799,66,2026-02-04,6542.47,TRY,purchase
18533,467,3,2025-07-09,777.94,TRY,transfer
18534,489,51,2025-05-04,3360.02,TRY,refund
18535,206,18,2026-03-08,2137.61,TRY,purchase
18536,493,21,2025-07-09,2533.22,TRY,purchase
18537,300,45,2026-07-21,5669.05,TRY,transfer
18538,337,3,2025-05-08,3807.4,TRY,transfer
18539,600,73,2025-01-16,4288.61,TRY,purchase
18540,954,14,2025-02-27,1211.06,TRY,purchase
18541,891,75,2025-02-10,110.86,TRY,purchase
18542,617,75,2025-01-31,3148.48,TRY,purchase
18543,582,35,2026-07-29,5301.27,TRY,purchase
18544,313,1,2025-08-06,4213.31,TRY,refund
18545,694,1,2026-04-09,4601.85,TRY,purchase
18546,927,69,2026-04-18,1248.5,TRY,transfer
18547,498,7,2025-07-14,1833.54,TRY,purchase
18548,693,48,2026-07-13,6622.6,TRY,transfer
18549,516,95,2025-06-23,4663.4,TRY,purchase
18550,257,33,2026-02-14,4698.05,TRY,transfer
18551,292,81,2025-08-01,4301.16,TRY,refund
18552,298,24,2025-06-02,2284.15,TRY,refund
18553,608,94,2026-06-07,1564.09,TRY,refund
18554,878,83,2025-05-15,747.93,TRY,refund
18555,210,66,2025-06-14,6499.82,TRY,purchase
18556,246,22,2025-04-03,1528.37,TRY,purchase
18557,71,76,2025-08-12,3852.57,TRY,refund
18558,913,82,2026-06-11,5429.04,TRY,purchase
18559,407,60,2025-06-27,1743.44,TRY,refund
18560,103,9,2025-10-22,1360.25,TRY,purchase
18561,290,63,2025-12-02,2728.89,TRY,transfer
18562,459,72,2026-07-11,1065.35,TRY,refund
18563,348,27,2025-03-14,6481.15,TRY,transfer
18564,733,82,2025-09-21,2061.8,TRY,refund
18565,724,50,2025-02-13,2106.39,TRY,transfer
18566,206,43,2026-02-06,1411.21,TRY,refund
18567,501,13,2026-03-17,3881.13,TRY,transfer
18568,60,14,2026-04-29,3214.54,TRY,purchase
18569,985,70,2026-03-19,6928.29,TRY,refund
18570,376,34,2025-02-10,2781.29,TRY,purchase
18571,53,19,2025-07-22,2601.81,TRY,transfer
18572,311,100,2025-03-27,2105.43,TRY,purchase
18573,483,59,2025-04-23,5884.22,TRY,purchase
18574,84,91,2025-01-24,2237.92,TRY,purchase
18575,339,96,2025-03-29,1355.06,TRY,purchase
18576,520,30,2025-09-25,6241.22,TRY,transfer
18577,645,63,2026-08-19,4019.56,TRY,purchase
18578,626,14,2025-03-02,5036.17,TRY,transfer
18579,895,6,2026-03-28,3133.54,TRY,refund
18580,912,86,2026-06-04,6640.11,TRY,refund
18581,625,81,2025-03-29,4755.59,TRY,purchase
18582,527,76,2025-06-02,842.03,TRY,refund
18583,445,76,2026-03-16,5589.38,TRY,purchase
18584,994,69,2025-08-30,1846.25,TRY,transfer
18585,441,20,2026-02-24,1935.45,TRY,purchase
18586,739,51,2025-05-02,2336.68,TRY,transfer
18587,54,9,2026-06-29,2892.3,TRY,refund
18588,14,31,2025-12-01,6869.66,TRY,transfer
18589,775,80,2025-01-14,6695.36,TRY,refund
18590,548,100,2026-02-20,497.9,TRY,purchase
18591,715,33,2025-01-23,4802.68,TRY,refund
18592,463,3,2025-08-25,2122.42,TRY,transfer
18593,476,3,2025-02-04,3551.4,TRY,refund
18594,196,62,2025-11-04,4712.75,TRY,refund
18595,385,20,2025-05-20,4646.48,TRY,refund
18596,45,83,2026-04-04,1837.8,TRY,refund
18597,172,12,2026-08-01,3842.62,TRY,transfer
18598,756,32,2026-07-11,5192.83,TRY,transfer
18599,704,41,2026-08-08,1622.06,TRY,purchase
18600,403,65,2025-09-18,3965.64,TRY,purchase
18601,453,9,2026-08-28,4117.22,TRY,refund
18602,495,42,2025-05-03,741.44,TRY,purchase
18603,259,38,2025-01-26,6116.19,TRY,refund
18604,183,69,2026-04-13,2248.03,TRY,transfer
18605,415,57,2025-07-26,6340.49,TRY,purchase
18606,749,14,2025-02-18,891.9,TRY,refund
18607,395,1,2025-07-06,3091.71,TRY,purchase
18608,698,17,2026-03-01,547.94,TRY,refund
18609,38,80,2026-06-10,6412.64,TRY,transfer
18610,376,52,2025-03-26,55.05,TRY,transfer
18611,902,26,2025-11-02,3925.16,TRY,purchase
18612,61,32,2025-07-15,2198.54,TRY,refund
18613,216,99,2026-08-11,1338.89,TRY,transfer
18614,488,40,2025-05-13,1028.14,TRY,refund
18615,371,75,2026-05-29,694.24,TRY,refund
18616,754,95,2026-05-04,5438.62,TRY,transfer
18617,774,12,2025-07-23,2721.34,TRY,transfer
18618,455,86,2026-06-19,4582.61,TRY,refund
18619,254,57,2025-05-29,6888.89,TRY,purchase
18620,400,31,2026-01-27,4694.01,TRY,purchase
18621,268,67,2025-03-18,3455.51,TRY,transfer
18622,867,24,2026-05-20,744.99,TRY,purchase
18623,95,88,2025-12-02,5208.94,TRY,purchase
18624,336,7,2026-07-06,2055.23,TRY,purchase
18625,286,86,2025-07-08,673.11,TRY,transfer
18626,121,21,2025-04-08,4853.36,TRY,transfer
18627,188,69,2026-06-22,5239.56,TRY,purchase
18628,602,13,2025-09-23,2461.23,TRY,refund
18629,45,83,2025-11-24,6450.65,TRY,refund
18630,936,32,2025-08-03,1260.01,TRY,purchase
18631,329,76,2026-01-03,4585.88,TRY,refund
18632,197,19,2025-10-10,2058.12,TRY,purchase
18633,758,79,2025-07-07,1233.49,TRY,refund
18634,527,84,2025-04-23,5722.92,TRY,refund
18635,742,4,2026-07-16,4094.14,TRY,transfer
18636,679,77,2025-10-04,5122.26,TRY,purchase
18637,763,70,2025-03-26,2849.2,TRY,refund
18638,165,32,2025-08-08,2825.01,TRY,purchase
18639,382,13,2025-02-14,3259.11,TRY,transfer
18640,383,9,2025-11-21,5671.48,TRY,purchase
18641,296,81,2025-08-06,2542.79,TRY,refund
18642,911,76,2025-10-20,518.35,TRY,refund
18643,915,86,2025-01-07,6228.9,TRY,refund
18644,429,13,2026-04-01,1952.64,TRY,refund
18645,420,26,2026-05-16,3898.21,TRY,purchase
18646,124,67,2026-05-12,6791.88,TRY,transfer
18647,334,12,2025-08-21,5683.6,TRY,purchase
18648,6,51,2025-07-13,2091.38,TRY,transfer
18649,429,13,2025-06-29,6154.0,TRY,transfer
18650,971,74,2025-06-18,2651.16,TRY,purchase
18651,701,30,2026-02-01,788.76,TRY,purchase
18652,375,57,2026-08-31,3277.89,TRY,refund
18653,965,37,2025-05-15,1426.61,TRY,transfer
18654,732,65,2025-11-20,278.17,TRY,transfer
18655,724,4,2025-11-11,3236.48,TRY,refund
18656,161,26,2025-01-10,5470.94,TRY,purchase
18657,709,89,2025-11-17,4432.91,TRY,purchase
18658,108,23,2025-08-22,1186.87,TRY,purchase
18659,846,7,2025-04-16,5280.44,TRY,transfer
18660,167,35,2025-08-30,1975.45,TRY,transfer
18661,985,46,2026-06-03,6371.22,TRY,purchase
18662,143,11,2025-06-20,6051.59,TRY,refund
18663,78,14,2025-02-14,3870.48,TRY,purchase
18664,718,78,2026-07-10,3966.94,TRY,purchase
18665,398,53,2026-01-17,4216.1,TRY,transfer
18666,864,29,2025-12-17,2782.12,TRY,purchase
18667,728,35,2025-03-01,190.21,TRY,transfer
18668,101,39,2025-12-25,919.89,TRY,transfer
18669,909,71,2026-02-06,98.43,TRY,transfer
18670,607,20,2025-03-31,3394.9,TRY,refund
18671,269,63,2025-01-17,6485.46,TRY,refund
18672,615,86,2025-12-07,1227.5,TRY,refund
18673,622,80,2025-09-28,4631.82,TRY,transfer
18674,560,75,2026-03-30,2805.05,TRY,purchase
18675,583,16,2026-01-23,227.9,TRY,refund
18676,405,73,2025-10-23,595.3,TRY,refund
18677,334,87,2026-07-26,3262.29,TRY,transfer
18678,914,10,2025-12-23,899.64,TRY,transfer
18679,357,7,2026-03-04,1728.74,TRY,refund
18680,305,15,2026-03-20,3116.07,TRY,transfer
18681,341,29,2025-01-27,1951.6,TRY,refund
18682,397,60,2025-12-20,4519.37,TRY,transfer
18683,960,88,2025-03-06,3892.97,TRY,transfer
18684,848,52,2025-09-07,5890.67,TRY,transfer
18685,308,97,2025-08-03,6861.85,TRY,refund
18686,9,69,2025-12-28,646.82,TRY,purchase
18687,131,60,2025-09-24,6342.17,TRY,transfer
18688,729,13,2026-01-28,1015.42,TRY,transfer
18689,801,80,2026-06-27,2588.96,TRY,purchase
18690,348,55,2026-02-28,68.14,TRY,transfer
18691,590,73,2026-08-08,5127.56,TRY,purchase
18692,150,83,2025-03-07,4042.42,TRY,refund
18693,412,48,2026-02-08,1462.11,TRY,transfer
18694,544,19,2026-01-16,2874.01,TRY,purchase
18695,162,99,2026-06-23,3118.0,TRY,refund
18696,94,90,2026-03-26,6852.32,TRY,refund
18697,812,69,2025-04-06,1564.25,TRY,transfer
18698,886,15,2025-01-23,928.62,TRY,purchase
18699,558,64,2025-11-15,247.16,TRY,transfer
18700,604,75,2025-08-27,5867.47,TRY,refund
18701,661,93,2025-01-19,314.82,TRY,transfer
18702,957,32,2025-03-07,4279.97,TRY,transfer
18703,324,59,2026-07-24,6320.72,TRY,transfer
18704,163,41,2026-06-21,1912.13,TRY,purchase
18705,189,3,2026-06-09,6461.7,TRY,refund
18706,365,17,2025-02-24,3189.41,TRY,refund
18707,856,67,2026-02-03,357.07,TRY,refund
18708,769,53,2025-08-26,3336.02,TRY,transfer
18709,975,12,2025-04-02,5822.76,TRY,transfer
18710,646,50,2026-08-26,390.68,TRY,transfer
18711,449,20,2026-03-29,1716.27,TRY,transfer
18712,513,48,2026-01-17,5900.41,TRY,refund
18713,773,60,2026-08-27,6140.41,TRY,refund
18714,570,33,2025-01-01,3665.42,TRY,purchase
18715,769,24,2026-06-21,2930.52,TRY,transfer
18716,541,17,2026-03-26,1048.07,TRY,purchase
18717,387,44,2026-05-05,3046.86,TRY,purchase
18718,787,91,2026-03-23,3304.93,TRY,transfer
18719,183,40,2025-04-18,5728.95,TRY,transfer
18720,716,80,2026-04-18,3519.51,TRY,refund
18721,519,6,2025-09-27,1196.15,TRY,transfer
18722,502,66,2025-06-15,2303.58,TRY,transfer
18723,538,51,2026-03-27,4844.08,TRY,transfer
18724,304,16,2026-01-02,2034.82,TRY,purchase
18725,641,47,2026-04-30,504.19,TRY,refund
18726,175,52,2026-08-07,2675.13,TRY,purchase
18727,827,69,2026-08-03,976.58,TRY,refund
18728,439,98,2025-12-23,2339.24,TRY,refund
18729,928,9,2025-09-27,3027.6,TRY,refund
18730,622,76,2026-06-02,1621.15,TRY,refund
18731,205,8,2026-09-01,6474.52,TRY,refund
18732,235,21,2025-04-16,3800.28,TRY,purchase
18733,109,83,2026-01-07,6990.39,TRY,purchase
18734,48,42,2026-06-08,5057.46,TRY,refund
18735,785,48,2025-09-27,3816.31,TRY,purchase
18736,685,65,2026-07-30,330.36,TRY,refund
18737,112,78,2025-04-17,3460.12,TRY,purchase
18738,373,11,2026-06-10,6010.78,TRY,refund
18739,639,60,2025-12-03,4672.38,TRY,refund
18740,685,61,2025-04-14,5833.38,TRY,refund
18741,672,47,2025-05-09,2115.51,TRY,transfer
18742,47,79,2026-04-13,4902.61,TRY,transfer
18743,386,14,2025-09-10,4589.42,TRY,transfer
18744,236,36,2026-04-27,1834.26,TRY,transfer
18745,595,47,2025-02-13,6917.31,TRY,refund
18746,314,9,2026-07-07,5919.74,TRY,transfer
18747,58,2,2026-03-16,273.43,TRY,purchase
18748,989,64,2026-06-16,2164.14,TRY,refund
18749,239,36,2026-06-23,2808.23,TRY,refund
18750,738,55,2025-11-24,3826.5,TRY,refund
18751,617,25,2025-10-27,5755.2,TRY,transfer
18752,263,71,2026-02-07,4240.67,TRY,transfer
18753,255,70,2025-09-28,518.7,TRY,refund
18754,17,57,2026-06-19,3305.0,TRY,purchase
18755,886,85,2025-07-14,5747.6,TRY,purchase
18756,287,9,2025-04-25,3554.32,TRY,refund
18757,647,8,2026-03-18,4858.53,TRY,refund
18758,541,22,2025-03-24,3327.13,TRY,refund
18759,920,54,2025-10-07,5840.58,TRY,transfer
18760,409,64,2025-01-21,5421.57,TRY,refund
18761,900,64,2025-11-02,6303.5,TRY,purchase
18762,353,5,2025-03-04,3740.84,TRY,purchase
18763,981,5,2025-03-06,3707.92,TRY,purchase
18764,429,1,2026-02-13,1311.87,TRY,purchase
18765,125,79,2025-01-09,5543.61,TRY,transfer
18766,572,62,2025-01-05,5254.73,TRY,transfer
18767,42,75,2025-02-25,5582.57,TRY,purchase
18768,252,20,2026-02-23,5155.81,TRY,refund
18769,229,91,2025-10-15,2457.24,TRY,refund
18770,347,5,2025-09-29,5424.64,TRY,transfer
18771,491,76,2025-10-28,5633.81,TRY,transfer
18772,360,77,2025-05-25,897.93,TRY,purchase
18773,65,30,2025-12-01,5486.83,TRY,purchase
18774,484,53,2025-09-26,6663.42,TRY,purchase
18775,352,73,2025-08-10,1081.04,TRY,refund
18776,951,16,2026-06-06,5473.97,TRY,purchase
18777,706,61,2025-02-10,887.68,TRY,refund
18778,465,62,2025-11-10,2189.87,TRY,transfer
18779,432,55,2025-06-05,836.87,TRY,transfer
18780,334,94,2026-08-01,3611.79,TRY,transfer
18781,671,67,2025-10-03,3369.34,TRY,purchase
18782,437,82,2026-08-10,4852.46,TRY,refund
18783,987,94,2025-04-11,3466.73,TRY,refund
18784,385,71,2025-06-24,4709.89,TRY,transfer
18785,410,69,2025-03-07,6154.1,TRY,refund
18786,686,15,2026-01-10,2312.26,TRY,purchase
18787,941,12,2025-10-30,2360.4,TRY,refund
18788,15,2,2025-10-16,4728.36,TRY,purchase
18789,497,25,2025-08-21,3215.76,TRY,transfer
18790,969,12,2025-04-16,4464.51,TRY,transfer
18791,641,54,2025-03-21,1615.92,TRY,transfer
18792,529,27,2025-12-14,2318.79,TRY,purchase
18793,93,54,2025-01-30,699.02,TRY,purchase
18794,677,79,2026-01-14,5761.47,TRY,refund
18795,969,22,2025-12-22,4859.47,TRY,refund
18796,770,18,2026-01-05,1674.27,TRY,purchase
18797,628,39,2025-06-09,220.91,TRY,transfer
18798,398,46,2026-08-23,4114.27,TRY,refund
18799,668,85,2025-10-15,6717.83,TRY,purchase
18800,563,2,2026-08-23,4082.08,TRY,transfer
18801,621,20,2026-06-15,998.03,TRY,purchase
18802,661,43,2025-11-10,6004.69,TRY,transfer
18803,792,83,2026-03-13,1339.69,TRY,purchase
18804,517,31,2026-05-06,6988.23,TRY,purchase
18805,673,44,2025-04-27,6998.01,TRY,transfer
18806,235,25,2026-07-29,6682.26,TRY,transfer
18807,344,32,2025-11-06,5722.78,TRY,purchase
18808,35,23,2026-02-02,1589.04,TRY,transfer
18809,756,54,2025-10-22,4153.48,TRY,refund
18810,302,34,2026-08-31,4341.02,TRY,refund
18811,13,58,2025-12-14,6046.09,TRY,refund
18812,371,25,2026-07-01,3835.07,TRY,purchase
18813,160,31,2025-10-06,230.71,TRY,purchase
18814,457,5,2026-05-30,6850.05,TRY,transfer
18815,329,63,2025-11-09,6314.28,TRY,transfer
18816,148,55,2026-05-25,3711.11,TRY,transfer
18817,163,57,2025-12-28,4072.25,TRY,transfer
18818,953,58,2026-01-21,3680.53,TRY,purchase
18819,477,74,2026-07-22,5343.46,TRY,purchase
18820,858,46,2025-05-05,4856.44,TRY,purchase
18821,315,56,2026-08-20,5695.5,TRY,transfer
18822,851,80,2025-08-13,1439.4,TRY,transfer
18823,513,49,2025-08-10,1869.81,TRY,transfer
18824,498,22,2025-08-18,2704.65,TRY,purchase
18825,670,49,2025-06-03,3685.36,TRY,transfer
18826,725,65,2025-10-22,6260.43,TRY,transfer
18827,558,10,2025-04-19,5749.25,TRY,refund
18828,864,48,2026-05-14,2540.1,TRY,transfer
18829,471,29,2026-06-29,6191.38,TRY,transfer
18830,539,4,2026-01-11,357.98,TRY,refund
18831,309,41,2025-04-09,880.42,TRY,purchase
18832,301,60,2025-03-18,6802.0,TRY,transfer
18833,451,96,2025-03-28,5671.25,TRY,purchase
18834,670,5,2025-01-25,5315.67,TRY,purchase
18835,922,7,2025-09-09,2399.84,TRY,purchase
18836,879,85,2026-05-02,2285.58,TRY,purchase
18837,475,82,2025-06-26,3718.93,TRY,purchase
18838,132,36,2025-11-10,5588.82,TRY,transfer
18839,505,100,2026-06-01,6929.49,TRY,purchase
18840,435,97,2025-02-08,5029.27,TRY,purchase
18841,918,19,2026-06-02,2133.49,TRY,transfer
18842,717,48,2026-01-03,5136.02,TRY,purchase
18843,826,65,2025-03-14,2084.0,TRY,refund
18844,645,13,2026-04-22,6120.26,TRY,transfer
18845,172,61,2025-02-01,602.71,TRY,transfer
18846,120,27,2026-06-11,3912.35,TRY,purchase
18847,117,63,2025-05-15,4803.55,TRY,purchase
18848,413,1,2026-03-21,4257.06,TRY,refund
18849,870,69,2026-06-02,5264.52,TRY,refund
18850,800,33,2026-07-13,3460.7,TRY,refund
18851,625,32,2025-03-31,3174.28,TRY,purchase
18852,952,18,2025-05-14,223.16,TRY,purchase
18853,286,91,2026-07-21,235.1,TRY,purchase
18854,897,59,2025-10-19,1533.89,TRY,transfer
18855,695,47,2026-01-29,4003.32,TRY,purchase
18856,515,63,2025-09-29,6690.53,TRY,purchase
18857,914,99,2025-10-24,975.22,TRY,purchase
18858,989,43,2025-01-18,1156.65,TRY,purchase
18859,836,75,2025-01-06,2484.01,TRY,transfer
18860,646,27,2025-10-19,2448.21,TRY,purchase
18861,877,58,2025-08-27,2623.81,TRY,transfer
18862,184,84,2026-01-29,6377.01,TRY,transfer
18863,177,44,2025-06-15,2992.69,TRY,refund
18864,381,11,2026-01-11,5941.02,TRY,purchase
18865,536,70,2025-05-20,6198.48,TRY,purchase
18866,956,88,2026-06-04,3171.84,TRY,purchase
18867,147,9,2025-08-11,3016.37,TRY,transfer
18868,91,28,2026-08-16,3985.03,TRY,purchase
18869,214,20,2025-08-10,4114.4,TRY,transfer
18870,732,57,2025-10-14,6862.2,TRY,transfer
18871,660,38,2025-12-03,682.14,TRY,purchase
18872,150,60,2026-03-07,4564.65,TRY,transfer
18873,3,58,2026-07-02,2944.36,TRY,purchase
18874,969,58,2026-02-18,2048.72,TRY,transfer
18875,686,17,2025-01-04,6392.85,TRY,purchase
18876,506,63,2025-04-16,1634.01,TRY,transfer
18877,380,87,2026-08-10,4290.08,TRY,transfer
18878,241,32,2025-04-01,1241.04,TRY,transfer
18879,598,65,2025-11-20,836.11,TRY,transfer
18880,758,56,2025-01-03,2443.24,TRY,purchase
18881,205,10,2025-04-14,4590.45,TRY,refund
18882,935,18,2025-12-28,5450.67,TRY,refund
18883,990,66,2025-10-15,2779.96,TRY,transfer
18884,507,40,2026-01-31,5017.22,TRY,refund
18885,25,47,2026-04-08,2207.12,TRY,purchase
18886,583,35,2025-08-26,1796.52,TRY,refund
18887,284,65,2025-05-25,4443.98,TRY,transfer
18888,10,69,2026-01-09,5199.19,TRY,purchase
18889,82,47,2025-11-10,5558.13,TRY,refund
18890,462,89,2026-01-18,6028.81,TRY,purchase
18891,704,38,2026-03-10,6421.82,TRY,refund
18892,221,33,2025-06-25,2399.91,TRY,transfer
18893,157,20,2026-05-29,3939.92,TRY,transfer
18894,234,91,2025-06-06,2960.43,TRY,purchase
18895,584,62,2025-10-24,5428.09,TRY,purchase
18896,834,42,2026-04-13,4166.61,TRY,transfer
18897,844,82,2026-07-22,3158.48,TRY,purchase
18898,951,27,2025-12-19,1158.03,TRY,purchase
18899,533,71,2026-04-11,2774.35,TRY,purchase
18900,88,7,2026-04-03,5856.85,TRY,purchase
18901,40,21,2026-06-15,6268.59,TRY,refund
18902,435,93,2025-12-19,1721.21,TRY,transfer
18903,675,72,2025-03-20,3859.68,TRY,transfer
18904,848,71,2025-12-29,5738.93,TRY,refund
18905,634,14,2026-03-30,1124.5,TRY,refund
18906,533,52,2026-07-25,3760.33,TRY,transfer
18907,242,72,2026-01-01,2427.1,TRY,transfer
18908,354,14,2025-01-30,5443.38,TRY,transfer
18909,251,33,2026-02-18,2972.61,TRY,purchase
18910,51,65,2026-07-08,6588.19,TRY,refund
18911,556,85,2025-01-05,3710.55,TRY,purchase
18912,749,63,2025-05-12,5941.47,TRY,transfer
18913,285,56,2025-01-15,306.32,TRY,purchase
18914,92,47,2026-03-22,6460.49,TRY,refund
18915,242,81,2025-05-04,6821.35,TRY,purchase
18916,27,94,2026-06-06,1887.42,TRY,refund
18917,350,59,2025-07-16,6031.77,TRY,transfer
18918,806,29,2026-06-15,727.28,TRY,purchase
18919,257,3,2025-04-17,5580.21,TRY,refund
18920,416,50,2026-08-20,6864.11,TRY,refund
18921,562,34,2026-03-18,627.69,TRY,refund
18922,630,14,2025-01-28,815.9,TRY,refund
18923,173,74,2026-03-30,4599.99,TRY,purchase
18924,467,85,2025-07-27,5179.09,TRY,refund
18925,193,87,2025-04-11,6507.02,TRY,purchase
18926,195,65,2026-04-01,6146.57,TRY,purchase
18927,930,73,2025-07-15,527.9,TRY,purchase
18928,752,53,2025-04-18,6931.87,TRY,purchase
18929,350,90,2025-12-20,4659.18,TRY,transfer
18930,632,63,2025-05-06,6170.45,TRY,refund
18931,453,21,2025-04-27,3012.94,TRY,refund
18932,61,11,2026-02-03,6804.14,TRY,refund
18933,578,44,2025-07-20,6714.41,TRY,refund
18934,276,59,2026-04-30,991.8,TRY,transfer
18935,693,4,2026-05-29,5866.38,TRY,purchase
18936,507,20,2025-11-25,4036.82,TRY,refund
18937,110,51,2026-07-02,4196.74,TRY,transfer
18938,206,64,2025-11-20,141.58,TRY,refund
18939,567,16,2025-02-17,6396.1,TRY,purchase
18940,510,4,2025-09-02,2792.06,TRY,refund
18941,733,52,2025-12-27,6913.85,TRY,refund
18942,408,9,2025-02-14,2533.2,TRY,purchase
18943,834,64,2025-06-27,1343.02,TRY,refund
18944,836,45,2025-11-14,6401.83,TRY,refund
18945,314,61,2026-05-09,3897.37,TRY,transfer
18946,58,16,2025-11-23,1221.24,TRY,transfer
18947,12,63,2025-10-31,3743.46,TRY,transfer
18948,732,80,2025-08-10,2371.56,TRY,transfer
18949,193,74,2026-05-12,5039.23,TRY,refund
18950,459,77,2025-04-25,6928.47,TRY,transfer
18951,701,52,2026-02-14,6701.44,TRY,transfer
18952,658,11,2025-10-18,2123.29,TRY,refund
18953,18,29,2025-07-03,4980.08,TRY,purchase
18954,153,34,2026-06-07,6993.73,TRY,transfer
18955,580,15,2025-09-19,5765.36,TRY,refund
18956,271,17,2025-12-03,3547.65,TRY,purchase
18957,369,77,2026-01-25,2256.31,TRY,refund
18958,913,87,2026-07-10,1071.33,TRY,refund
18959,967,28,2026-04-15,4920.32,TRY,purchase
18960,265,15,2026-03-23,3562.97,TRY,transfer
18961,206,78,2025-10-01,1191.4,TRY,purchase
18962,537,41,2025-01-19,2041.8,TRY,transfer
18963,888,8,2025-01-12,2725.11,TRY,refund
18964,505,2,2026-06-23,4957.48,TRY,refund
18965,130,35,2025-02-01,3568.01,TRY,purchase
18966,573,28,2025-08-09,4436.27,TRY,purchase
18967,32,87,2026-08-15,1295.27,TRY,purchase
18968,237,67,2025-11-26,1089.25,TRY,transfer
18969,861,23,2025-11-21,3467.87,TRY,purchase
18970,731,52,2026-05-24,1121.62,TRY,transfer
18971,172,46,2026-05-17,6332.99,TRY,purchase
18972,820,47,2026-04-09,3448.52,TRY,transfer
18973,126,62,2025-12-03,1699.76,TRY,refund
18974,233,78,2026-04-01,3782.38,TRY,refund
18975,672,77,2025-02-13,1559.86,TRY,purchase
18976,833,68,2025-10-15,1693.69,TRY,transfer
18977,419,69,2025-06-19,1135.75,TRY,transfer
18978,528,84,2025-07-12,6778.76,TRY,refund
18979,598,10,2026-08-24,2364.98,TRY,purchase
18980,488,71,2025-08-01,91.6,TRY,transfer
18981,199,4,2026-01-12,2664.91,TRY,refund
18982,84,42,2026-07-21,4169.53,TRY,transfer
18983,594,88,2026-05-12,5924.01,TRY,transfer
18984,153,85,2026-07-14,3184.82,TRY,transfer
18985,550,95,2025-08-02,6409.4,TRY,transfer
18986,197,97,2025-04-10,6987.47,TRY,transfer
18987,250,86,2025-01-19,5224.76,TRY,purchase
18988,929,12,2025-12-01,4950.31,TRY,purchase
18989,833,82,2025-06-08,6584.62,TRY,purchase
18990,548,27,2026-02-25,6423.42,TRY,transfer
18991,387,90,2025-07-09,1011.43,TRY,refund
18992,604,37,2026-04-29,1646.28,TRY,purchase
18993,996,9,2025-01-16,4162.23,TRY,purchase
18994,61,38,2026-06-18,5814.09,TRY,refund
18995,98,9,2025-07-13,1763.99,TRY,purchase
18996,571,71,2026-01-14,3359.97,TRY,transfer
18997,64,14,2026-01-17,3814.7,TRY,transfer
18998,778,53,2026-04-29,774.13,TRY,refund
18999,357,21,2026-03-20,4579.44,TRY,transfer
19000,10,22,2026-02-21,6299.02,TRY,refund
19001,630,68,2025-02-17,5544.41,TRY,purchase
19002,658,87,2026-03-30,5045.04,TRY,purchase
19003,577,96,2026-08-02,5314.26,TRY,refund
19004,394,23,2026-08-13,163.8,TRY,purchase
19005,209,59,2025-10-16,489.42,TRY,purchase
19006,559,27,2026-08-24,6473.37,TRY,purchase
19007,673,57,2025-12-20,4681.85,TRY,refund
19008,498,28,2025-12-14,342.52,TRY,transfer
19009,180,17,2025-01-11,5899.46,TRY,refund
19010,506,85,2025-08-14,174.1,TRY,transfer
19011,134,34,2026-08-13,4715.59,TRY,refund
19012,287,66,2026-06-28,1252.91,TRY,purchase
19013,890,71,2025-08-07,4492.54,TRY,purchase
19014,362,54,2026-04-24,1046.74,TRY,refund
19015,696,88,2025-03-06,5640.22,TRY,transfer
19016,19,14,2025-10-05,4969.81,TRY,purchase
19017,751,36,2025-05-24,3284.57,TRY,purchase
19018,51,67,2026-08-08,5678.2,TRY,transfer
19019,703,2,2025-01-27,4602.76,TRY,refund
19020,815,10,2026-04-20,5889.66,TRY,transfer
19021,553,76,2026-06-01,2879.76,TRY,purchase
19022,20,53,2026-07-04,6622.44,TRY,refund
19023,251,53,2025-10-09,1685.82,TRY,transfer
19024,611,35,2025-03-07,5386.72,TRY,purchase
19025,255,46,2026-08-26,3654.56,TRY,purchase
19026,661,8,2025-05-19,6921.74,TRY,transfer
19027,649,6,2025-03-13,6942.98,TRY,transfer
19028,783,52,2026-01-13,6211.01,TRY,refund
19029,72,60,2025-09-27,3454.28,TRY,purchase
19030,249,86,2025-10-16,1479.86,TRY,transfer
19031,441,51,2026-03-05,1991.62,TRY,transfer
19032,539,85,2025-10-26,4435.76,TRY,refund
19033,818,84,2025-01-08,1537.0,TRY,refund
19034,20,35,2026-01-28,3546.49,TRY,transfer
19035,49,90,2025-04-15,2258.83,TRY,purchase
19036,459,52,2025-12-24,283.1,TRY,refund
19037,35,32,2025-02-07,3192.71,TRY,refund
19038,898,89,2026-05-29,2414.42,TRY,transfer
19039,682,26,2026-03-01,6304.5,TRY,purchase
19040,837,23,2026-08-26,4381.36,TRY,purchase
19041,623,34,2025-12-11,4849.4,TRY,refund
19042,242,84,2025-09-19,1545.49,TRY,purchase
19043,613,75,2026-05-25,504.27,TRY,purchase
19044,424,29,2025-02-08,3065.08,TRY,transfer
19045,229,57,2026-04-24,4524.8,TRY,purchase
19046,406,16,2026-06-02,5900.26,TRY,transfer
19047,746,7,2025-03-24,3851.47,TRY,transfer
19048,68,53,2026-01-29,4589.08,TRY,transfer
19049,986,26,2025-10-01,4556.05,TRY,purchase
19050,338,44,2026-01-27,3422.33,TRY,transfer
19051,169,34,2025-05-12,6798.96,TRY,refund
19052,135,5,2026-03-30,6147.02,TRY,transfer
19053,924,38,2025-07-02,4442.84,TRY,purchase
19054,781,59,2025-03-06,1361.11,TRY,refund
19055,902,52,2025-11-09,3908.76,TRY,refund
19056,845,57,2025-04-26,1860.28,TRY,purchase
19057,423,36,2026-06-30,4028.99,TRY,purchase
19058,864,49,2025-03-27,6873.37,TRY,refund
19059,919,77,2025-01-12,6181.88,TRY,transfer
19060,642,62,2025-01-14,435.77,TRY,purchase
19061,378,14,2026-06-25,3899.72,TRY,purchase
19062,572,15,2026-02-08,336.05,TRY,refund
19063,934,32,2025-08-30,1849.39,TRY,purchase
19064,872,99,2025-04-28,6713.23,TRY,purchase
19065,179,5,2025-03-17,1582.24,TRY,purchase
19066,74,53,2025-01-26,4432.6,TRY,transfer
19067,953,18,2025-06-02,6435.2,TRY,transfer
19068,956,25,2026-04-15,32.2,TRY,transfer
19069,749,80,2026-05-14,6488.16,TRY,refund
19070,251,31,2025-06-02,3962.17,TRY,purchase
19071,681,7,2025-01-13,1087.1,TRY,purchase
19072,175,70,2025-11-27,1157.85,TRY,purchase
19073,275,2,2025-02-11,2736.55,TRY,purchase
19074,134,35,2025-04-07,3392.86,TRY,refund
19075,761,68,2026-02-19,325.42,TRY,refund
19076,276,76,2026-06-09,3536.06,TRY,purchase
19077,257,59,2026-03-21,4271.74,TRY,transfer
19078,885,22,2026-08-30,128.95,TRY,transfer
19079,180,60,2026-02-15,4109.42,TRY,transfer
19080,596,3,2025-10-02,6284.61,TRY,purchase
19081,689,72,2025-07-10,134.51,TRY,transfer
19082,934,22,2026-03-20,5057.75,TRY,transfer
19083,136,59,2026-07-19,1172.54,TRY,transfer
19084,634,63,2025-06-15,6058.94,TRY,refund
19085,219,74,2026-06-23,1340.98,TRY,refund
19086,297,41,2025-08-20,3118.07,TRY,purchase
19087,77,96,2025-07-10,2704.52,TRY,refund
19088,772,79,2025-02-06,6399.25,TRY,transfer
19089,353,54,2025-10-27,1403.98,TRY,transfer
19090,10,53,2025-12-06,6696.33,TRY,purchase
19091,121,19,2025-09-27,3638.9,TRY,transfer
19092,911,23,2026-04-06,4268.72,TRY,refund
19093,646,41,2025-11-08,2373.18,TRY,purchase
19094,270,86,2026-07-26,5199.54,TRY,refund
19095,121,28,2025-05-19,1648.63,TRY,refund
19096,960,10,2026-03-03,1299.67,TRY,refund
19097,187,29,2025-02-02,6588.41,TRY,transfer
19098,566,9,2026-04-18,1537.46,TRY,transfer
19099,197,91,2025-09-26,4313.52,TRY,refund
19100,149,99,2025-01-16,1777.52,TRY,purchase
19101,287,19,2025-03-02,2491.81,TRY,refund
19102,700,63,2025-07-26,3638.1,TRY,transfer
19103,626,2,2026-04-08,5380.59,TRY,transfer
19104,117,32,2025-05-04,4433.71,TRY,transfer
19105,789,61,2026-01-28,1614.91,TRY,transfer
19106,833,79,2025-12-13,2046.77,TRY,purchase
19107,25,22,2025-05-21,81.25,TRY,purchase
19108,899,91,2026-03-21,5394.54,TRY,transfer
19109,571,54,2026-08-23,2531.4,TRY,purchase
19110,489,95,2025-01-02,5911.25,TRY,refund
19111,30,92,2025-06-13,3390.82,TRY,transfer
19112,22,99,2025-08-27,3645.67,TRY,purchase
19113,929,8,2025-02-25,79.15,TRY,purchase
19114,224,76,2025-01-13,5893.48,TRY,purchase
19115,63,72,2025-02-20,372.83,TRY,purchase
19116,839,72,2025-06-22,804.26,TRY,purchase
19117,203,70,2026-06-27,3377.79,TRY,purchase
19118,343,15,2025-10-25,753.61,TRY,transfer
19119,595,21,2026-03-12,2581.63,TRY,purchase
19120,818,11,2026-02-08,1249.77,TRY,refund
19121,887,18,2026-09-01,2498.47,TRY,transfer
19122,919,47,2026-01-13,6415.7,TRY,transfer
19123,494,7,2026-08-08,3358.13,TRY,transfer
19124,92,41,2025-11-06,1129.31,TRY,purchase
19125,943,91,2025-02-22,2529.71,TRY,transfer
19126,205,18,2026-06-17,1602.99,TRY,purchase
19127,714,48,2026-06-27,6407.27,TRY,refund
19128,320,33,2026-02-19,1516.7,TRY,refund
19129,865,20,2025-10-26,6465.34,TRY,refund
19130,415,8,2025-11-16,3407.69,TRY,transfer
19131,263,66,2025-10-01,1093.46,TRY,purchase
19132,858,79,2025-01-24,121.55,TRY,transfer
19133,299,29,2025-04-11,6680.41,TRY,purchase
19134,445,83,2025-03-04,4232.43,TRY,transfer
19135,27,95,2026-03-18,3224.92,TRY,purchase
19136,261,93,2025-09-08,96.88,TRY,refund
19137,112,79,2025-08-09,6481.28,TRY,purchase
19138,516,91,2025-01-14,2609.49,TRY,purchase
19139,210,29,2025-12-25,3509.04,TRY,purchase
19140,365,16,2026-07-18,5314.72,TRY,purchase
19141,769,31,2025-09-14,6675.88,TRY,transfer
19142,556,82,2026-06-11,804.26,TRY,purchase
19143,674,36,2026-03-29,5142.39,TRY,purchase
19144,581,95,2026-08-13,85.07,TRY,purchase
19145,476,75,2026-08-16,3993.62,TRY,transfer
19146,354,85,2025-12-09,5772.05,TRY,purchase
19147,566,92,2026-05-10,2720.56,TRY,refund
19148,664,13,2026-06-19,5302.0,TRY,refund
19149,131,93,2026-07-23,1326.57,TRY,purchase
19150,828,91,2025-07-23,5989.22,TRY,purchase
19151,267,30,2025-10-26,4651.26,TRY,transfer
19152,87,60,2025-07-23,4922.84,TRY,transfer
19153,328,73,2025-08-23,1080.15,TRY,refund
19154,899,40,2025-09-30,5082.29,TRY,transfer
19155,29,43,2025-11-24,1890.96,TRY,transfer
19156,396,31,2025-05-24,625.67,TRY,purchase
19157,455,3,2025-01-11,6028.58,TRY,refund
19158,795,96,2025-05-23,3016.35,TRY,refund
19159,98,6,2026-07-26,6500.53,TRY,refund
19160,305,61,2026-03-05,6761.0,TRY,transfer
19161,501,64,2026-06-05,5869.82,TRY,transfer
19162,577,50,2025-06-11,3653.91,TRY,refund
19163,963,38,2025-08-12,1636.42,TRY,transfer
19164,634,83,2026-07-20,5202.86,TRY,transfer
19165,822,44,2025-06-09,2255.74,TRY,transfer
19166,525,8,2025-11-11,4002.23,TRY,refund
19167,709,21,2025-12-31,1183.69,TRY,transfer
19168,330,72,2025-01-31,6115.09,TRY,transfer
19169,116,42,2025-08-15,4236.63,TRY,refund
19170,823,28,2025-03-08,6850.68,TRY,purchase
19171,76,28,2025-12-31,5932.4,TRY,purchase
19172,310,93,2026-06-03,2351.13,TRY,refund
19173,347,10,2026-04-06,1886.88,TRY,purchase
19174,622,24,2026-02-25,919.74,TRY,transfer
19175,964,58,2025-09-10,749.42,TRY,refund
19176,463,24,2026-03-14,4558.8,TRY,refund
19177,191,42,2026-06-11,4613.34,TRY,transfer
19178,403,1,2025-05-01,3999.08,TRY,transfer
19179,270,52,2025-04-16,863.01,TRY,purchase
19180,552,15,2025-01-19,3402.44,TRY,transfer
19181,345,21,2025-12-30,2144.07,TRY,transfer
19182,961,52,2025-05-01,4522.0,TRY,transfer
19183,973,43,2025-02-12,6489.4,TRY,refund
19184,335,15,2025-04-05,362.0,TRY,transfer
19185,770,100,2026-07-05,6435.21,TRY,purchase
19186,16,52,2025-04-29,2440.1,TRY,refund
19187,96,8,2025-11-23,3251.23,TRY,refund
19188,986,8,2025-09-11,4394.74,TRY,purchase
19189,211,97,2025-04-24,636.82,TRY,transfer
19190,317,82,2025-05-17,6362.0,TRY,transfer
19191,467,10,2025-02-15,446.04,TRY,refund
19192,839,50,2026-03-18,6423.81,TRY,purchase
19193,445,27,2025-06-05,3898.05,TRY,transfer
19194,484,80,2026-06-21,3911.59,TRY,refund
19195,599,35,2025-12-11,3012.2,TRY,transfer
19196,63,51,2026-08-09,4451.49,TRY,refund
19197,976,42,2026-08-30,3986.06,TRY,purchase
19198,339,23,2025-09-30,1278.85,TRY,transfer
19199,322,86,2025-03-02,4262.45,TRY,purchase
19200,386,82,2025-04-17,2370.11,TRY,transfer
19201,697,51,2025-09-20,1966.12,TRY,purchase
19202,783,9,2026-01-26,1165.7,TRY,purchase
19203,27,32,2025-01-07,226.77,TRY,transfer
19204,360,100,2025-06-24,6071.1,TRY,purchase
19205,540,97,2025-06-12,1435.29,TRY,purchase
19206,886,80,2026-01-23,3599.79,TRY,transfer
19207,525,88,2026-07-16,5115.7,TRY,purchase
19208,69,12,2025-10-24,4154.64,TRY,purchase
19209,706,66,2026-02-26,3478.43,TRY,transfer
19210,262,34,2025-10-08,480.03,TRY,purchase
19211,116,77,2025-03-10,3391.23,TRY,purchase
19212,392,19,2025-05-28,4386.74,TRY,refund
19213,556,75,2025-11-12,902.11,TRY,refund
19214,752,1,2025-07-21,1074.54,TRY,purchase
19215,773,93,2025-08-05,4643.88,TRY,purchase
19216,164,80,2025-04-27,2354.4,TRY,purchase
19217,361,78,2025-11-15,4907.69,TRY,transfer
19218,254,100,2026-08-23,4893.84,TRY,purchase
19219,113,19,2025-04-28,251.3,TRY,transfer
19220,505,2,2025-03-29,1321.86,TRY,refund
19221,691,36,2025-06-05,4925.45,TRY,purchase
19222,407,1,2025-05-26,2246.97,TRY,refund
19223,241,23,2025-06-22,4184.59,TRY,refund
19224,106,22,2025-09-13,5110.34,TRY,purchase
19225,901,77,2025-11-28,5796.01,TRY,refund
19226,2,80,2025-07-19,1971.94,TRY,refund
19227,734,66,2026-07-08,6944.32,TRY,transfer
19228,109,36,2026-07-18,406.73,TRY,purchase
19229,402,53,2026-01-17,6020.43,TRY,refund
19230,704,74,2025-07-23,157.91,TRY,purchase
19231,742,82,2025-02-09,1748.37,TRY,transfer
19232,493,41,2025-12-06,2917.98,TRY,refund
19233,394,11,2025-08-28,1876.13,TRY,transfer
19234,134,30,2025-07-17,6777.84,TRY,refund
19235,241,3,2025-09-15,3333.41,TRY,refund
19236,177,63,2025-05-17,5091.54,TRY,purchase
19237,356,11,2025-07-17,4231.86,TRY,refund
19238,292,13,2025-10-25,3993.52,TRY,purchase
19239,776,55,2025-05-01,4514.15,TRY,purchase
19240,82,20,2026-06-25,1802.51,TRY,refund
19241,943,53,2025-04-03,6745.94,TRY,refund
19242,846,23,2025-09-05,5367.76,TRY,transfer
19243,413,96,2026-06-30,2939.81,TRY,refund
19244,92,25,2026-04-25,3348.67,TRY,refund
19245,406,86,2025-01-05,2499.53,TRY,refund
19246,616,2,2026-06-10,1987.24,TRY,transfer
19247,212,14,2025-01-16,1531.09,TRY,refund
19248,318,53,2025-10-01,1523.03,TRY,refund
19249,289,77,2026-05-30,5857.07,TRY,transfer
19250,179,7,2026-05-01,5424.59,TRY,transfer
19251,416,65,2025-03-18,6957.48,TRY,refund
19252,525,65,2026-06-13,4980.86,TRY,purchase
19253,915,97,2025-03-11,4500.76,TRY,purchase
19254,416,80,2026-08-02,2484.99,TRY,transfer
19255,53,54,2025-06-23,4252.43,TRY,refund
19256,310,19,2025-01-27,2604.46,TRY,purchase
19257,840,26,2025-02-08,2965.41,TRY,refund
19258,903,63,2025-04-15,5544.14,TRY,transfer
19259,511,46,2025-08-01,1546.72,TRY,transfer
19260,899,37,2026-06-03,159.45,TRY,transfer
19261,791,3,2025-03-17,1390.37,TRY,refund
19262,820,8,2025-11-12,5728.37,TRY,refund
19263,508,34,2025-05-13,858.23,TRY,purchase
19264,345,34,2026-07-04,1287.37,TRY,purchase
19265,574,76,2026-07-24,232.47,TRY,refund
19266,470,51,2026-08-21,1270.76,TRY,transfer
19267,437,21,2025-12-31,6021.83,TRY,transfer
19268,890,39,2026-05-02,6546.65,TRY,purchase
19269,493,88,2025-06-09,827.65,TRY,refund
19270,834,77,2026-08-25,4872.17,TRY,refund
19271,640,8,2025-12-27,1596.62,TRY,refund
19272,275,29,2025-03-30,4505.64,TRY,transfer
19273,480,39,2025-02-27,2764.0,TRY,transfer
19274,864,80,2026-01-05,4354.02,TRY,purchase
19275,492,1,2025-02-12,4377.72,TRY,refund
19276,64,60,2025-09-08,1691.92,TRY,refund
19277,223,42,2025-04-28,5445.09,TRY,transfer
19278,8,75,2025-07-24,4658.76,TRY,purchase
19279,534,54,2026-06-10,5900.51,TRY,transfer
19280,597,68,2025-11-27,4036.54,TRY,refund
19281,708,50,2025-09-07,6059.21,TRY,refund
19282,985,93,2026-02-03,1635.38,TRY,purchase
19283,694,71,2026-08-12,368.62,TRY,transfer
19284,121,65,2025-01-01,6220.22,TRY,purchase
19285,644,21,2025-04-07,3643.18,TRY,transfer
19286,364,16,2025-10-06,4505.65,TRY,purchase
19287,629,63,2025-07-29,1958.07,TRY,transfer
19288,402,5,2026-04-08,4790.32,TRY,purchase
19289,466,97,2026-05-14,2203.31,TRY,refund
19290,793,3,2026-05-12,4468.1,TRY,refund
19291,955,91,2026-02-10,3532.5,TRY,refund
19292,562,4,2025-10-29,5451.91,TRY,refund
19293,957,90,2026-08-10,392.26,TRY,transfer
19294,60,12,2025-07-14,3929.17,TRY,transfer
19295,546,47,2026-08-14,3123.03,TRY,transfer
19296,472,10,2026-08-16,6204.32,TRY,purchase
19297,256,80,2025-07-11,468.49,TRY,refund
19298,57,95,2025-11-30,4074.83,TRY,refund
19299,399,49,2026-08-27,2741.85,TRY,refund
19300,974,86,2026-05-01,4061.66,TRY,refund
19301,686,73,2025-07-23,6151.1,TRY,transfer
19302,142,51,2025-10-01,3682.5,TRY,purchase
19303,683,32,2026-01-18,6682.05,TRY,transfer
19304,684,46,2025-10-13,4427.14,TRY,transfer
19305,678,4,2025-12-24,5228.44,TRY,refund
19306,238,4,2025-11-13,956.01,TRY,purchase
19307,293,93,2025-09-04,5742.74,TRY,transfer
19308,943,54,2026-02-24,2456.55,TRY,transfer
19309,911,76,2026-08-24,5416.9,TRY,transfer
19310,261,4,2025-07-22,2795.19,TRY,transfer
19311,268,6,2025-05-23,4058.37,TRY,purchase
19312,444,65,2026-05-15,6369.24,TRY,transfer
19313,654,28,2025-08-06,1322.4,TRY,purchase
19314,126,3,2025-01-24,1591.59,TRY,transfer
19315,345,66,2025-09-30,3340.44,TRY,transfer
19316,123,43,2026-01-15,721.91,TRY,transfer
19317,178,14,2026-08-26,3713.5,TRY,purchase
19318,418,90,2025-05-26,1512.55,TRY,transfer
19319,29,69,2025-03-24,5373.39,TRY,refund
19320,145,91,2026-02-12,142.01,TRY,refund
19321,441,12,2025-05-09,1947.96,TRY,purchase
19322,317,34,2025-03-19,2342.53,TRY,transfer
19323,704,18,2025-03-03,5590.22,TRY,purchase
19324,496,87,2026-08-06,4365.46,TRY,transfer
19325,301,74,2025-10-12,6013.35,TRY,transfer
19326,57,97,2025-05-04,4998.66,TRY,transfer
19327,839,67,2026-08-15,5970.34,TRY,refund
19328,435,24,2026-08-13,1613.9,TRY,transfer
19329,1000,83,2026-01-26,3159.88,TRY,purchase
19330,519,84,2026-03-02,2587.03,TRY,transfer
19331,40,4,2025-06-18,6077.14,TRY,purchase
19332,597,44,2026-05-18,193.67,TRY,refund
19333,605,25,2025-12-21,5234.69,TRY,purchase
19334,277,16,2026-05-02,2734.03,TRY,refund
19335,614,89,2026-06-19,3451.27,TRY,refund
19336,610,78,2025-09-06,6218.84,TRY,transfer
19337,566,99,2025-05-07,6487.67,TRY,refund
19338,192,6,2026-08-24,5935.91,TRY,refund
19339,386,90,2025-09-08,6556.45,TRY,refund
19340,456,60,2025-09-21,752.28,TRY,refund
19341,774,55,2025-07-20,4386.33,TRY,purchase
19342,310,88,2025-11-01,6534.52,TRY,purchase
19343,628,5,2025-03-31,1255.14,TRY,purchase
19344,183,75,2025-03-09,2139.53,TRY,transfer
19345,265,19,2025-02-25,6270.71,TRY,refund
19346,514,8,2025-03-11,2362.33,TRY,transfer
19347,469,22,2025-02-28,2442.92,TRY,refund
19348,140,22,2026-04-12,6171.41,TRY,transfer
19349,142,96,2026-03-06,4415.65,TRY,purchase
19350,476,48,2025-02-06,4585.0,TRY,transfer
19351,397,59,2025-01-05,3600.08,TRY,purchase
19352,912,67,2026-06-25,6665.78,TRY,transfer
19353,10,55,2026-07-31,5593.66,TRY,purchase
19354,794,26,2026-06-27,917.8,TRY,transfer
19355,495,66,2025-03-23,4802.45,TRY,refund
19356,155,26,2025-12-13,6785.15,TRY,transfer
19357,761,69,2025-04-19,2503.05,TRY,purchase
19358,195,56,2025-06-23,3550.85,TRY,purchase
19359,999,91,2025-01-26,184.09,TRY,purchase
19360,866,75,2026-04-28,5993.88,TRY,purchase
19361,276,29,2025-03-10,1469.61,TRY,refund
19362,804,100,2026-01-15,461.09,TRY,purchase
19363,543,66,2026-06-01,5286.57,TRY,purchase
19364,517,79,2026-03-29,4758.18,TRY,transfer
19365,118,6,2026-01-15,3255.44,TRY,refund
19366,708,79,2026-07-13,5675.81,TRY,purchase
19367,78,97,2026-07-02,116.74,TRY,transfer
19368,93,53,2026-03-23,5732.83,TRY,purchase
19369,742,100,2026-07-13,3996.11,TRY,transfer
19370,988,78,2025-04-21,5016.16,TRY,purchase
19371,521,15,2025-11-03,6750.62,TRY,purchase
19372,273,31,2026-07-20,4746.52,TRY,purchase
19373,110,12,2025-12-14,5713.76,TRY,refund
19374,30,88,2025-07-26,1394.05,TRY,refund
19375,628,55,2026-08-21,402.67,TRY,refund
19376,41,43,2025-11-18,1441.13,TRY,transfer
19377,439,18,2026-05-19,3138.6,TRY,purchase
19378,566,54,2026-08-23,3629.15,TRY,transfer
19379,900,26,2025-03-02,796.35,TRY,refund
19380,433,23,2026-02-20,392.25,TRY,transfer
19381,260,94,2025-05-30,6235.62,TRY,refund
19382,695,40,2026-01-15,1736.08,TRY,transfer
19383,381,97,2026-02-16,4333.84,TRY,refund
19384,564,22,2026-02-10,5656.14,TRY,transfer
19385,60,91,2026-02-17,4234.25,TRY,transfer
19386,842,99,2025-01-20,2162.21,TRY,refund
19387,632,81,2026-01-18,3900.1,TRY,transfer
19388,746,28,2025-02-12,1675.56,TRY,refund
19389,53,4,2025-08-09,3118.96,TRY,refund
19390,41,5,2025-07-04,5789.31,TRY,refund
19391,336,8,2025-08-02,3897.3,TRY,refund
19392,695,57,2025-03-24,65.61,TRY,refund
19393,529,84,2026-05-21,1370.19,TRY,purchase
19394,964,60,2025-09-11,3030.05,TRY,purchase
19395,256,90,2025-03-22,426.07,TRY,transfer
19396,124,92,2025-02-01,4369.7,TRY,refund
19397,856,74,2026-04-21,2497.7,TRY,purchase
19398,256,4,2025-04-22,1176.11,TRY,refund
19399,229,3,2026-07-11,562.89,TRY,purchase
19400,992,37,2026-05-28,818.38,TRY,purchase
19401,782,44,2025-01-21,958.95,TRY,refund
19402,784,22,2025-12-05,4536.47,TRY,refund
19403,988,100,2025-06-26,3045.92,TRY,transfer
19404,326,69,2025-11-13,5459.5,TRY,refund
19405,116,90,2025-06-16,6767.55,TRY,purchase
19406,925,45,2026-07-29,2519.71,TRY,transfer
19407,673,19,2025-10-25,1379.85,TRY,transfer
19408,892,20,2025-05-27,3682.91,TRY,purchase
19409,879,66,2025-12-06,3146.37,TRY,purchase
19410,678,28,2026-01-30,1212.44,TRY,transfer
19411,85,53,2025-04-18,5477.72,TRY,transfer
19412,348,1,2025-05-27,2187.04,TRY,transfer
19413,745,44,2025-11-22,5479.7,TRY,purchase
19414,345,51,2026-06-11,6620.48,TRY,transfer
19415,819,81,2025-02-22,3687.06,TRY,purchase
19416,402,90,2025-07-31,2462.59,TRY,refund
19417,804,19,2026-08-17,3534.86,TRY,transfer
19418,613,71,2025-05-31,322.33,TRY,refund
19419,313,12,2025-09-03,3285.7,TRY,transfer
19420,866,23,2026-07-14,1262.06,TRY,purchase
19421,182,57,2025-03-27,2808.52,TRY,refund
19422,238,15,2026-02-16,4351.42,TRY,transfer
19423,562,8,2025-03-03,5489.68,TRY,transfer
19424,272,10,2025-03-20,5638.36,TRY,refund
19425,35,22,2025-02-25,6037.8,TRY,transfer
19426,940,9,2025-06-22,1030.68,TRY,purchase
19427,775,18,2025-12-30,3785.15,TRY,refund
19428,805,63,2025-06-06,1670.19,TRY,refund
19429,832,40,2026-06-12,6045.94,TRY,refund
19430,519,74,2025-08-21,5337.76,TRY,refund
19431,585,65,2025-01-16,4925.59,TRY,purchase
19432,345,6,2026-07-31,755.17,TRY,refund
19433,677,94,2026-04-24,4949.89,TRY,transfer
19434,799,12,2025-08-09,3300.16,TRY,refund
19435,186,14,2025-11-08,5517.41,TRY,refund
19436,769,61,2025-01-24,3982.21,TRY,refund
19437,136,16,2025-03-04,5299.14,TRY,refund
19438,818,1,2025-12-18,4355.75,TRY,transfer
19439,580,21,2026-02-19,853.53,TRY,purchase
19440,690,39,2025-10-25,5108.1,TRY,refund
19441,762,86,2026-02-27,4689.41,TRY,purchase
19442,720,37,2026-08-10,5463.96,TRY,purchase
19443,303,2,2025-12-22,454.92,TRY,purchase
19444,835,99,2026-03-02,6524.04,TRY,purchase
19445,852,78,2025-11-10,5995.63,TRY,transfer
19446,380,59,2025-11-19,5670.53,TRY,transfer
19447,713,47,2025-06-22,1555.98,TRY,refund
19448,772,66,2026-04-24,896.43,TRY,refund
19449,374,1,2025-12-25,5741.03,TRY,purchase
19450,288,9,2025-04-12,42.37,TRY,refund
19451,659,12,2025-11-29,2152.16,TRY,transfer
19452,578,22,2025-06-26,4329.94,TRY,transfer
19453,689,25,2025-10-24,2876.48,TRY,purchase
19454,612,58,2025-06-13,2578.94,TRY,refund
19455,567,29,2025-12-28,1936.11,TRY,refund
19456,734,78,2026-08-30,2230.8,TRY,purchase
19457,442,27,2025-11-04,3645.02,TRY,refund
19458,832,43,2025-01-09,354.95,TRY,purchase
19459,701,4,2026-04-18,6592.7,TRY,transfer
19460,940,49,2026-04-13,5431.66,TRY,purchase
19461,555,51,2026-01-23,573.67,TRY,transfer
19462,141,66,2025-12-02,4374.46,TRY,refund
19463,43,54,2025-05-11,391.46,TRY,transfer
19464,314,29,2025-10-17,823.65,TRY,purchase
19465,847,30,2025-01-18,759.32,TRY,transfer
19466,201,7,2025-04-23,5579.86,TRY,purchase
19467,143,50,2025-09-05,1744.55,TRY,transfer
19468,566,53,2026-06-12,2103.66,TRY,refund
19469,437,54,2026-06-28,2843.86,TRY,purchase
19470,990,36,2026-06-09,892.05,TRY,refund
19471,702,31,2026-08-09,6972.67,TRY,purchase
19472,188,22,2025-03-25,4206.2,TRY,refund
19473,198,90,2026-02-15,246.41,TRY,refund
19474,430,74,2025-02-26,1888.66,TRY,purchase
19475,423,90,2025-11-07,4898.13,TRY,refund
19476,264,93,2026-01-25,5274.97,TRY,refund
19477,310,18,2025-03-09,5014.91,TRY,purchase
19478,421,57,2025-01-15,4315.47,TRY,transfer
19479,46,47,2025-08-02,4439.95,TRY,purchase
19480,235,22,2026-02-24,5425.44,TRY,transfer
19481,92,44,2025-04-07,4433.54,TRY,transfer
19482,473,14,2025-02-03,1815.67,TRY,transfer
19483,851,40,2025-10-11,6510.55,TRY,refund
19484,779,98,2026-02-15,1617.39,TRY,transfer
19485,573,75,2025-06-05,1003.31,TRY,refund
19486,40,9,2025-11-12,5102.5,TRY,transfer
19487,645,79,2026-05-12,4008.3,TRY,transfer
19488,663,85,2025-12-13,4445.71,TRY,transfer
19489,225,42,2026-06-03,451.9,TRY,refund
19490,113,56,2025-09-07,749.94,TRY,transfer
19491,734,21,2026-03-31,6469.94,TRY,purchase
19492,783,1,2026-02-28,4616.3,TRY,transfer
19493,861,21,2025-04-16,2357.24,TRY,transfer
19494,671,4,2025-01-16,6678.49,TRY,purchase
19495,725,54,2026-05-11,4997.12,TRY,refund
19496,786,65,2025-05-07,5425.64,TRY,refund
19497,629,97,2026-07-05,4969.8,TRY,purchase
19498,207,87,2025-08-28,6528.76,TRY,purchase
19499,903,76,2025-08-29,3388.71,TRY,transfer
19500,682,95,2026-06-08,753.94,TRY,purchase
19501,720,1,2025-04-13,5881.42,TRY,purchase
19502,471,3,2026-08-23,4936.89,TRY,refund
19503,603,42,2026-04-19,508.51,TRY,purchase
19504,212,33,2025-04-27,447.54,TRY,transfer
19505,28,56,2025-05-01,6294.29,TRY,transfer
19506,101,91,2026-07-11,5353.62,TRY,refund
19507,218,54,2025-03-20,418.3,TRY,refund
19508,29,60,2026-02-10,6102.74,TRY,refund
19509,493,1,2025-07-09,2283.68,TRY,transfer
19510,637,16,2025-05-13,3334.43,TRY,purchase
19511,482,62,2025-09-06,6675.66,TRY,purchase
19512,408,69,2025-12-01,4997.18,TRY,transfer
19513,507,69,2025-03-14,441.47,TRY,refund
19514,754,17,2026-05-30,4161.35,TRY,purchase
19515,420,85,2026-07-19,5619.19,TRY,purchase
19516,76,65,2025-12-31,2613.11,TRY,transfer
19517,325,54,2026-04-15,2664.06,TRY,refund
19518,553,57,2025-01-03,2262.63,TRY,transfer
19519,308,16,2025-03-24,2975.34,TRY,transfer
19520,390,77,2025-04-06,623.2,TRY,refund
19521,213,37,2025-01-22,6743.22,TRY,refund
19522,149,99,2025-11-08,988.99,TRY,transfer
19523,787,80,2026-02-26,4638.71,TRY,transfer
19524,808,56,2026-08-07,6622.03,TRY,refund
19525,422,67,2026-03-14,4315.69,TRY,transfer
19526,836,2,2025-02-22,6904.99,TRY,transfer
19527,179,65,2025-05-02,2813.84,TRY,purchase
19528,268,15,2025-09-07,3482.68,TRY,transfer
19529,658,55,2025-10-05,4699.49,TRY,refund
19530,936,73,2026-05-08,317.65,TRY,transfer
19531,241,40,2025-04-08,39.62,TRY,purchase
19532,897,13,2025-03-16,2599.93,TRY,refund
19533,771,82,2026-05-08,398.73,TRY,transfer
19534,228,2,2026-04-29,3564.11,TRY,transfer
19535,941,3,2026-06-01,1282.38,TRY,refund
19536,355,49,2025-01-15,4793.31,TRY,transfer
19537,636,38,2025-08-25,6446.91,TRY,purchase
19538,123,26,2025-02-15,1074.32,TRY,purchase
19539,202,73,2025-09-13,4553.69,TRY,refund
19540,53,32,2026-01-18,3167.55,TRY,purchase
19541,877,26,2026-07-28,1837.8,TRY,refund
19542,498,21,2026-04-24,3873.34,TRY,purchase
19543,816,15,2026-02-04,6371.45,TRY,transfer
19544,845,41,2026-05-07,1640.55,TRY,refund
19545,937,11,2025-11-26,4605.28,TRY,refund
19546,581,49,2025-02-19,4712.18,TRY,refund
19547,64,58,2026-03-22,2882.42,TRY,refund
19548,93,19,2025-10-06,1480.74,TRY,transfer
19549,756,52,2026-07-30,1559.85,TRY,transfer
19550,335,38,2026-08-31,3201.15,TRY,purchase
19551,703,43,2026-05-17,4180.84,TRY,purchase
19552,26,41,2026-06-06,1639.39,TRY,refund
19553,657,75,2026-04-28,4460.55,TRY,refund
19554,54,56,2025-08-26,6793.29,TRY,purchase
19555,73,57,2026-06-17,4428.3,TRY,transfer
19556,93,96,2025-02-11,4311.73,TRY,transfer
19557,182,64,2026-07-22,6763.16,TRY,transfer
19558,754,30,2025-07-03,3743.91,TRY,transfer
19559,740,90,2026-01-20,5772.54,TRY,purchase
19560,915,34,2025-11-22,831.23,TRY,refund
19561,866,90,2025-03-21,4879.88,TRY,refund
19562,355,12,2025-11-18,4585.34,TRY,purchase
19563,528,20,2025-06-25,1170.62,TRY,purchase
19564,630,99,2025-07-21,2664.98,TRY,refund
19565,524,71,2025-08-23,5720.03,TRY,transfer
19566,897,79,2026-01-31,5925.76,TRY,refund
19567,154,5,2025-11-06,3836.88,TRY,purchase
19568,910,41,2025-05-29,2672.76,TRY,transfer
19569,478,88,2025-03-20,5165.43,TRY,transfer
19570,514,48,2025-04-04,2494.94,TRY,refund
19571,591,37,2025-02-08,4298.46,TRY,transfer
19572,889,60,2025-03-21,3709.32,TRY,purchase
19573,610,79,2025-03-24,4451.55,TRY,transfer
19574,7,99,2026-05-24,6231.12,TRY,refund
19575,102,47,2025-09-18,2515.57,TRY,transfer
19576,755,2,2026-03-14,755.38,TRY,transfer
19577,452,7,2025-01-28,6877.84,TRY,purchase
19578,424,41,2025-03-12,1048.21,TRY,purchase
19579,65,54,2025-07-27,2540.01,TRY,refund
19580,618,14,2025-09-03,2846.03,TRY,transfer
19581,457,24,2025-12-06,4159.58,TRY,refund
19582,392,70,2025-10-04,1254.27,TRY,purchase
19583,736,22,2025-05-13,3594.02,TRY,transfer
19584,543,41,2025-08-02,5366.93,TRY,refund
19585,838,14,2025-09-25,1728.91,TRY,purchase
19586,654,74,2025-09-14,1267.08,TRY,refund
19587,936,30,2026-02-14,1365.79,TRY,purchase
19588,334,14,2025-12-29,1682.69,TRY,purchase
19589,964,91,2025-09-27,4536.33,TRY,purchase
19590,556,4,2025-10-26,2256.93,TRY,purchase
19591,35,99,2025-02-07,1211.29,TRY,transfer
19592,47,38,2026-04-05,2616.92,TRY,transfer
19593,812,62,2026-03-23,4188.66,TRY,refund
19594,112,29,2025-12-20,3959.93,TRY,purchase
19595,658,65,2025-10-14,6849.18,TRY,transfer
19596,712,14,2026-04-30,1066.32,TRY,refund
19597,485,11,2025-05-28,3175.79,TRY,transfer
19598,981,77,2025-06-05,3434.17,TRY,refund
19599,88,78,2026-07-07,4929.61,TRY,transfer
19600,864,26,2025-09-03,1652.67,TRY,purchase
19601,434,47,2025-12-20,6756.5,TRY,transfer
19602,945,58,2026-02-11,504.82,TRY,refund
19603,352,17,2025-05-23,51.76,TRY,purchase
19604,934,17,2026-03-31,4350.48,TRY,purchase
19605,675,63,2026-04-13,6656.54,TRY,purchase
19606,35,12,2025-06-26,3746.66,TRY,transfer
19607,353,100,2025-12-17,4842.85,TRY,refund
19608,187,84,2026-08-28,1910.6,TRY,transfer
19609,729,77,2026-07-18,1745.01,TRY,transfer
19610,713,15,2025-04-05,3952.59,TRY,transfer
19611,444,71,2025-09-09,2550.14,TRY,purchase
19612,378,18,2025-11-28,4504.32,TRY,refund
19613,22,95,2026-01-31,187.97,TRY,refund
19614,406,40,2025-08-02,6380.72,TRY,transfer
19615,12,7,2026-06-08,3855.6,TRY,refund
19616,971,2,2026-08-13,502.57,TRY,refund
19617,701,23,2026-05-26,6536.88,TRY,purchase
19618,784,99,2026-03-18,4926.81,TRY,transfer
19619,423,22,2025-06-06,4230.97,TRY,purchase
19620,887,99,2025-06-15,2314.1,TRY,refund
19621,251,66,2026-02-05,2252.33,TRY,purchase
19622,96,17,2025-07-20,2226.53,TRY,refund
19623,532,89,2025-09-29,1093.78,TRY,purchase
19624,586,34,2025-04-06,3674.88,TRY,refund
19625,283,56,2025-06-10,6851.08,TRY,purchase
19626,275,24,2025-11-12,2372.54,TRY,transfer
19627,512,82,2026-08-23,3288.84,TRY,refund
19628,197,99,2025-03-31,5593.07,TRY,transfer
19629,874,79,2025-06-16,5784.66,TRY,purchase
19630,111,83,2026-06-06,254.29,TRY,transfer
19631,781,21,2026-08-29,1569.66,TRY,transfer
19632,37,59,2025-10-09,1516.49,TRY,refund
19633,785,83,2026-04-15,5842.57,TRY,transfer
19634,47,30,2025-05-20,6959.45,TRY,transfer
19635,441,43,2025-05-06,6629.84,TRY,refund
19636,902,47,2026-03-14,4490.31,TRY,refund
19637,243,95,2025-07-14,3083.19,TRY,purchase
19638,50,59,2025-05-22,5543.95,TRY,refund
19639,675,94,2026-07-25,6123.65,TRY,transfer
19640,497,94,2026-03-04,4418.79,TRY,transfer
19641,754,78,2026-05-16,1660.59,TRY,refund
19642,430,4,2026-01-12,4650.05,TRY,purchase
19643,358,3,2025-05-20,4854.02,TRY,purchase
19644,613,18,2025-12-05,93.3,TRY,refund
19645,524,85,2025-08-12,2786.69,TRY,transfer
19646,887,22,2025-12-04,5396.95,TRY,refund
19647,789,7,2025-06-01,1972.1,TRY,transfer
19648,948,46,2026-01-15,4550.0,TRY,purchase
19649,385,59,2025-09-19,3058.27,TRY,transfer
19650,935,31,2025-10-20,6944.11,TRY,purchase
19651,183,97,2025-05-15,6950.32,TRY,transfer
19652,197,58,2025-06-24,5799.44,TRY,purchase
19653,9,24,2026-05-22,1486.1,TRY,purchase
19654,802,4,2025-11-05,2134.37,TRY,refund
19655,10,83,2025-01-26,104.14,TRY,refund
19656,222,39,2025-10-23,1934.87,TRY,purchase
19657,841,22,2026-05-27,6737.56,TRY,transfer
19658,864,18,2026-05-28,517.67,TRY,purchase
19659,496,23,2025-10-10,5417.02,TRY,purchase
19660,269,60,2026-04-04,1188.24,TRY,purchase
19661,272,69,2025-09-27,2022.07,TRY,refund
19662,393,19,2026-07-20,5731.32,TRY,refund
19663,695,48,2026-08-08,4236.63,TRY,transfer
19664,296,72,2025-06-16,5234.87,TRY,refund
19665,358,74,2026-02-01,2564.24,TRY,transfer
19666,565,64,2026-03-21,5418.55,TRY,transfer
19667,766,98,2026-08-15,1766.9,TRY,purchase
19668,989,31,2025-01-26,41.58,TRY,transfer
19669,814,57,2025-04-06,390.56,TRY,purchase
19670,226,43,2025-04-23,2771.97,TRY,purchase
19671,784,14,2026-06-02,1303.18,TRY,refund
19672,763,36,2026-01-31,4722.34,TRY,transfer
19673,330,52,2026-01-28,4707.15,TRY,refund
19674,412,90,2026-03-01,98.55,TRY,transfer
19675,29,64,2026-03-13,4536.66,TRY,refund
19676,819,94,2025-11-17,574.97,TRY,purchase
19677,748,8,2026-08-19,2868.95,TRY,purchase
19678,472,94,2025-08-20,2062.17,TRY,transfer
19679,857,43,2026-05-08,5641.08,TRY,transfer
19680,317,80,2025-11-02,541.73,TRY,transfer
19681,296,89,2025-11-02,1177.53,TRY,refund
19682,693,36,2026-08-19,4467.16,TRY,purchase
19683,451,6,2026-01-12,3309.51,TRY,refund
19684,279,80,2025-10-30,594.73,TRY,transfer
19685,473,40,2025-10-05,4182.52,TRY,refund
19686,683,2,2025-06-27,1001.58,TRY,transfer
19687,611,43,2025-03-10,5187.17,TRY,transfer
19688,382,85,2026-07-30,4191.29,TRY,refund
19689,528,11,2025-03-18,2672.58,TRY,refund
19690,361,1,2026-06-19,4260.03,TRY,refund
19691,610,8,2026-06-21,3099.71,TRY,transfer
19692,578,16,2026-01-16,3266.76,TRY,transfer
19693,774,4,2025-03-03,2129.25,TRY,transfer
19694,688,55,2026-08-14,326.18,TRY,transfer
19695,14,92,2025-06-08,2650.65,TRY,refund
19696,746,66,2025-05-28,1143.04,TRY,transfer
19697,16,94,2025-09-01,2185.19,TRY,refund
19698,276,78,2026-04-06,6845.83,TRY,refund
19699,469,42,2025-06-24,1166.58,TRY,purchase
19700,380,44,2025-03-21,2227.49,TRY,purchase
19701,855,82,2025-11-02,4307.09,TRY,purchase
19702,758,63,2025-05-24,4153.78,TRY,refund
19703,823,93,2025-05-19,260.93,TRY,purchase
19704,35,13,2026-02-19,420.76,TRY,purchase
19705,853,54,2025-08-24,5244.86,TRY,refund
19706,380,80,2026-05-07,4842.54,TRY,purchase
19707,998,74,2026-06-03,2155.73,TRY,transfer
19708,532,47,2026-06-05,5658.18,TRY,refund
19709,469,53,2025-01-31,2609.53,TRY,transfer
19710,987,42,2026-04-27,2557.46,TRY,transfer
19711,483,47,2025-07-21,5153.84,TRY,purchase
19712,837,73,2025-03-26,3739.44,TRY,transfer
19713,968,84,2025-04-20,4359.14,TRY,purchase
19714,353,36,2026-05-28,6920.88,TRY,refund
19715,424,93,2026-01-02,6437.31,TRY,transfer
19716,949,11,2026-07-02,4104.97,TRY,purchase
19717,370,67,2025-02-22,2569.78,TRY,purchase
19718,52,57,2026-01-30,5699.14,TRY,purchase
19719,695,1,2025-11-22,1772.36,TRY,purchase
19720,409,4,2025-05-25,5261.95,TRY,refund
19721,129,91,2025-05-04,669.9,TRY,transfer
19722,234,97,2026-05-31,1985.36,TRY,refund
19723,158,94,2026-04-07,1849.57,TRY,transfer
19724,820,89,2026-02-26,3926.26,TRY,transfer
19725,316,70,2026-01-08,257.71,TRY,purchase
19726,69,31,2025-11-06,990.59,TRY,purchase
19727,234,42,2025-11-21,5225.09,TRY,refund
19728,314,90,2025-01-26,2612.91,TRY,transfer
19729,726,15,2025-02-23,5774.12,TRY,transfer
19730,442,17,2025-02-03,3577.63,TRY,transfer
19731,34,20,2025-01-04,810.78,TRY,purchase
19732,914,7,2025-09-20,635.67,TRY,refund
19733,523,65,2026-02-25,4824.88,TRY,refund
19734,612,84,2026-02-07,21.74,TRY,transfer
19735,166,41,2025-02-15,4360.13,TRY,transfer
19736,32,16,2025-04-18,4319.09,TRY,transfer
19737,333,44,2025-06-17,2775.16,TRY,refund
19738,144,67,2025-05-20,3437.51,TRY,purchase
19739,734,49,2025-05-03,922.24,TRY,transfer
19740,131,99,2026-03-27,4072.13,TRY,refund
19741,952,1,2025-09-15,337.62,TRY,refund
19742,113,69,2025-08-05,5455.89,TRY,purchase
19743,12,7,2026-06-12,4691.75,TRY,refund
19744,598,45,2025-05-31,2408.51,TRY,refund
19745,40,2,2025-08-05,2563.81,TRY,purchase
19746,790,85,2026-07-22,3577.78,TRY,transfer
19747,218,36,2025-11-20,3459.31,TRY,refund
19748,578,39,2026-03-30,3549.42,TRY,transfer
19749,941,59,2025-06-08,2717.68,TRY,transfer
19750,747,75,2025-03-14,601.34,TRY,transfer
19751,796,89,2025-03-23,2885.61,TRY,transfer
19752,265,50,2026-01-27,2762.99,TRY,transfer
19753,222,24,2026-03-22,3023.74,TRY,transfer
19754,724,95,2025-03-24,3600.14,TRY,purchase
19755,611,57,2026-05-31,5753.97,TRY,refund
19756,392,70,2025-06-03,2063.49,TRY,transfer
19757,654,39,2026-06-03,5909.32,TRY,purchase
19758,404,56,2025-07-06,6555.89,TRY,refund
19759,229,44,2026-03-27,5487.94,TRY,refund
19760,709,66,2025-10-28,2323.9,TRY,refund
19761,32,45,2025-09-30,5502.31,TRY,refund
19762,549,26,2025-07-24,858.86,TRY,refund
19763,183,15,2025-11-12,3282.5,TRY,transfer
19764,244,67,2025-02-03,6062.99,TRY,purchase
19765,462,7,2025-11-30,2337.92,TRY,refund
19766,9,22,2026-05-12,6619.47,TRY,purchase
19767,928,98,2025-06-27,1765.1,TRY,purchase
19768,7,95,2025-12-06,3709.84,TRY,transfer
19769,164,4,2026-05-03,4274.7,TRY,purchase
19770,661,34,2025-06-03,2706.34,TRY,transfer
19771,447,13,2025-09-08,2668.1,TRY,refund
19772,426,25,2025-11-11,4383.86,TRY,transfer
19773,371,17,2026-07-05,2291.14,TRY,purchase
19774,624,41,2026-06-10,69.91,TRY,transfer
19775,702,13,2025-06-03,199.18,TRY,purchase
19776,760,22,2026-05-10,5158.64,TRY,refund
19777,525,44,2026-01-13,5401.0,TRY,refund
19778,330,81,2025-06-10,558.94,TRY,purchase
19779,488,63,2026-07-19,5873.73,TRY,purchase
19780,172,65,2025-04-26,6059.36,TRY,refund
19781,997,73,2025-08-06,4240.12,TRY,purchase
19782,56,49,2025-11-16,5615.49,TRY,purchase
19783,386,64,2025-01-23,1171.76,TRY,purchase
19784,309,73,2025-07-10,5634.84,TRY,transfer
19785,777,80,2025-02-26,5579.48,TRY,transfer
19786,917,25,2025-10-10,27.45,TRY,purchase
19787,473,59,2025-05-17,2467.24,TRY,purchase
19788,134,16,2025-02-16,4103.42,TRY,refund
19789,598,28,2025-02-27,4443.76,TRY,transfer
19790,2,66,2025-10-06,1394.87,TRY,transfer
19791,152,80,2025-04-03,1721.23,TRY,purchase
19792,803,76,2025-10-06,6880.14,TRY,purchase
19793,701,84,2025-05-01,3600.56,TRY,refund
19794,147,60,2025-10-06,1234.33,TRY,transfer
19795,199,30,2025-03-26,3266.47,TRY,refund
19796,835,9,2025-07-14,3034.41,TRY,purchase
19797,876,15,2025-04-27,2554.71,TRY,refund
19798,664,78,2025-12-24,4396.94,TRY,refund
19799,928,77,2025-03-19,5146.39,TRY,refund
19800,564,8,2026-07-14,3889.29,TRY,refund
19801,506,51,2025-08-30,1846.83,TRY,transfer
19802,724,56,2025-07-08,2623.87,TRY,purchase
19803,923,55,2025-09-30,220.33,TRY,purchase
19804,715,27,2026-04-07,1642.21,TRY,purchase
19805,983,7,2025-10-01,2588.31,TRY,transfer
19806,474,36,2025-04-10,4714.59,TRY,transfer
19807,962,72,2026-03-15,163.87,TRY,transfer
19808,723,32,2026-05-02,3371.82,TRY,transfer
19809,775,4,2025-12-10,1828.25,TRY,refund
19810,802,29,2025-03-27,3343.61,TRY,purchase
19811,977,17,2026-05-21,3252.07,TRY,refund
19812,177,13,2026-04-14,4674.85,TRY,transfer
19813,671,63,2025-06-07,3788.8,TRY,refund
19814,521,20,2026-02-02,2395.0,TRY,purchase
19815,880,81,2025-07-29,569.66,TRY,purchase
19816,956,27,2026-01-18,6095.85,TRY,transfer
19817,766,30,2026-03-22,2960.33,TRY,refund
19818,233,80,2026-01-21,3442.82,TRY,transfer
19819,1000,27,2025-05-31,5455.53,TRY,transfer
19820,337,26,2025-01-06,1050.57,TRY,refund
19821,345,73,2025-12-23,1318.73,TRY,purchase
19822,925,76,2025-08-28,6566.8,TRY,refund
19823,612,91,2025-03-23,6733.82,TRY,refund
19824,714,12,2026-07-12,5106.74,TRY,refund
19825,44,84,2026-05-11,6742.72,TRY,transfer
19826,494,17,2025-06-17,3566.63,TRY,purchase
19827,51,94,2026-07-26,4062.03,TRY,transfer
19828,711,65,2026-03-31,77.68,TRY,transfer
19829,615,72,2025-12-08,359.02,TRY,purchase
19830,226,68,2026-07-15,5850.17,TRY,transfer
19831,103,13,2025-08-15,917.21,TRY,purchase
19832,238,52,2025-01-23,3947.56,TRY,purchase
19833,196,30,2026-05-21,1945.83,TRY,refund
19834,883,10,2025-06-22,2825.64,TRY,purchase
19835,462,17,2026-05-30,441.0,TRY,refund
19836,619,32,2025-10-21,5867.42,TRY,refund
19837,621,49,2025-01-03,4478.01,TRY,purchase
19838,50,21,2025-08-10,573.58,TRY,purchase
19839,454,75,2026-06-01,6463.07,TRY,purchase
19840,278,35,2026-02-17,34.53,TRY,refund
19841,589,11,2025-09-16,4112.24,TRY,purchase
19842,339,80,2025-06-13,439.56,TRY,refund
19843,893,27,2025-02-25,5534.21,TRY,transfer
19844,772,73,2026-05-17,3716.68,TRY,purchase
19845,337,42,2025-02-17,763.46,TRY,refund
19846,225,1,2025-04-11,748.68,TRY,purchase
19847,642,55,2026-05-14,213.99,TRY,refund
19848,906,14,2025-05-21,4808.22,TRY,purchase
19849,486,41,2025-09-09,6616.18,TRY,purchase
19850,363,98,2025-10-28,4782.42,TRY,purchase
19851,763,32,2026-03-14,2604.12,TRY,purchase
19852,951,99,2026-05-06,2447.84,TRY,transfer
19853,272,78,2025-04-09,895.58,TRY,transfer
19854,184,50,2025-11-14,1301.03,TRY,transfer
19855,84,35,2026-06-13,2352.35,TRY,transfer
19856,409,15,2026-06-04,4315.98,TRY,refund
19857,331,84,2026-06-30,2381.41,TRY,transfer
19858,451,29,2026-07-19,6563.57,TRY,purchase
19859,665,2,2025-03-27,6759.38,TRY,purchase
19860,995,23,2026-04-26,6531.28,TRY,purchase
19861,306,24,2026-01-23,924.13,TRY,transfer
19862,872,11,2025-03-09,5783.98,TRY,purchase
19863,460,16,2026-03-07,3730.36,TRY,purchase
19864,983,27,2025-05-29,5424.11,TRY,purchase
19865,917,63,2025-04-25,609.17,TRY,refund
19866,949,60,2025-11-21,1481.39,TRY,purchase
19867,94,41,2026-05-14,415.63,TRY,refund
19868,459,95,2025-02-07,5904.76,TRY,refund
19869,251,85,2025-01-23,1039.85,TRY,refund
19870,854,92,2026-02-05,3177.79,TRY,transfer
19871,674,74,2025-05-08,4703.67,TRY,purchase
19872,281,99,2025-10-09,76.01,TRY,purchase
19873,738,69,2025-08-19,917.02,TRY,purchase
19874,27,6,2025-12-05,1876.72,TRY,purchase
19875,952,66,2025-10-29,901.96,TRY,transfer
19876,480,78,2026-02-21,3327.38,TRY,refund
19877,143,53,2025-09-13,5061.93,TRY,transfer
19878,215,16,2025-07-27,1121.55,TRY,refund
19879,845,24,2025-03-29,6167.29,TRY,transfer
19880,477,36,2025-03-26,6260.86,TRY,transfer
19881,705,40,2025-01-14,4973.43,TRY,refund
19882,104,56,2025-05-12,5231.04,TRY,refund
19883,479,20,2025-03-12,2845.02,TRY,transfer
19884,781,98,2026-03-07,4126.79,TRY,refund
19885,590,54,2025-03-31,3236.18,TRY,refund
19886,406,33,2026-07-15,3170.99,TRY,transfer
19887,861,65,2025-07-11,413.13,TRY,transfer
19888,601,43,2025-06-03,6842.65,TRY,refund
19889,347,61,2025-01-20,1875.58,TRY,transfer
19890,796,50,2025-10-09,3735.97,TRY,purchase
19891,905,86,2026-04-19,581.07,TRY,refund
19892,216,98,2025-03-03,1364.74,TRY,refund
19893,195,87,2025-04-25,3418.85,TRY,refund
19894,829,65,2025-04-18,6843.11,TRY,refund
19895,470,33,2025-08-20,741.27,TRY,purchase
19896,125,95,2026-07-09,1278.19,TRY,purchase
19897,358,73,2026-03-05,3192.95,TRY,refund
19898,681,64,2025-11-21,6079.29,TRY,transfer
19899,108,62,2026-07-30,2071.78,TRY,transfer
19900,867,11,2026-03-12,4580.08,TRY,refund
19901,473,94,2025-12-13,5167.46,TRY,purchase
19902,859,78,2025-04-21,2326.57,TRY,transfer
19903,706,48,2025-10-11,6934.47,TRY,refund
19904,466,79,2026-03-16,858.07,TRY,refund
19905,774,20,2026-07-27,6554.29,TRY,purchase
19906,282,18,2026-07-15,1200.83,TRY,transfer
19907,449,68,2026-05-30,2970.26,TRY,purchase
19908,158,32,2025-11-30,5961.51,TRY,refund
19909,744,23,2025-06-03,852.65,TRY,transfer
19910,160,91,2026-07-25,2944.63,TRY,transfer
19911,506,89,2026-08-23,4624.27,TRY,refund
19912,224,22,2025-12-02,3984.89,TRY,transfer
19913,651,76,2026-02-02,380.88,TRY,transfer
19914,806,91,2025-09-06,6084.01,TRY,transfer
19915,289,64,2026-01-01,3836.54,TRY,transfer
19916,519,78,2025-09-08,2129.61,TRY,purchase
19917,156,95,2026-06-12,324.93,TRY,purchase
19918,611,33,2025-01-15,4336.27,TRY,refund
19919,76,57,2026-04-10,4151.2,TRY,transfer
19920,112,63,2025-03-18,2442.68,TRY,refund
19921,838,65,2026-08-23,1847.95,TRY,transfer
19922,328,7,2026-01-17,1763.53,TRY,refund
19923,130,31,2026-03-18,4701.38,TRY,refund
19924,836,54,2026-07-23,1153.14,TRY,refund
19925,234,57,2025-10-18,6612.81,TRY,purchase
19926,391,65,2025-11-30,3998.69,TRY,refund
19927,424,47,2025-05-22,5688.82,TRY,purchase
19928,337,62,2025-05-30,2033.89,TRY,transfer
19929,340,49,2026-02-07,2290.45,TRY,refund
19930,433,37,2025-08-08,4190.39,TRY,transfer
19931,931,73,2026-08-23,3294.29,TRY,transfer
19932,223,1,2026-03-28,6477.25,TRY,purchase
19933,288,51,2026-02-24,2932.24,TRY,transfer
19934,881,99,2026-01-06,4777.61,TRY,purchase
19935,717,53,2025-04-15,5823.73,TRY,purchase
19936,829,39,2026-05-12,797.23,TRY,purchase
19937,339,21,2025-01-04,2776.37,TRY,transfer
19938,27,93,2026-07-31,6901.14,TRY,transfer
19939,663,11,2026-04-07,5175.06,TRY,purchase
19940,408,56,2026-07-31,1616.05,TRY,refund
19941,523,78,2025-04-20,4938.02,TRY,purchase
19942,886,21,2025-03-31,5948.09,TRY,refund
19943,751,4,2026-08-27,621.55,TRY,refund
19944,813,69,2025-04-16,2819.08,TRY,purchase
19945,536,28,2025-08-26,4217.01,TRY,transfer
19946,924,59,2025-01-02,5877.88,TRY,refund
19947,629,67,2025-07-19,2249.65,TRY,purchase
19948,189,61,2026-04-27,349.51,TRY,refund
19949,72,75,2025-08-14,1064.38,TRY,transfer
19950,826,83,2026-05-20,2404.01,TRY,purchase
19951,325,60,2026-03-14,6074.9,TRY,transfer
19952,836,61,2025-12-23,6520.75,TRY,purchase
19953,416,35,2025-09-13,3074.46,TRY,transfer
19954,696,64,2026-08-30,3452.06,TRY,refund
19955,141,44,2025-11-08,931.09,TRY,refund
19956,93,98,2025-05-02,2919.96,TRY,refund
19957,729,78,2025-12-07,3990.24,TRY,purchase
19958,876,96,2026-01-23,1540.72,TRY,refund
19959,710,75,2025-10-28,4577.43,TRY,refund
19960,836,79,2025-02-13,2293.98,TRY,purchase
19961,888,60,2026-01-09,5501.36,TRY,transfer
19962,998,87,2025-10-05,3948.81,TRY,purchase
19963,283,78,2025-12-11,4935.65,TRY,purchase
19964,728,33,2025-04-26,6265.96,TRY,purchase
19965,7,71,2026-07-02,6476.71,TRY,transfer
19966,172,49,2026-08-08,4787.99,TRY,refund
19967,913,80,2025-11-11,3158.35,TRY,purchase
19968,506,25,2026-08-30,904.61,TRY,refund
19969,845,89,2026-01-27,2990.98,TRY,transfer
19970,383,99,2026-06-06,516.87,TRY,transfer
19971,206,99,2026-04-29,5026.13,TRY,purchase
19972,594,35,2026-05-23,5173.45,TRY,transfer
19973,112,100,2025-07-09,5265.49,TRY,transfer
19974,338,36,2026-05-23,338.91,TRY,refund
19975,98,38,2026-08-02,4400.68,TRY,refund
19976,430,64,2025-11-14,439.09,TRY,purchase
19977,546,52,2026-05-13,1765.39,TRY,purchase
19978,426,4,2026-04-10,1689.31,TRY,purchase
19979,598,67,2026-01-04,336.07,TRY,refund
19980,919,61,2026-06-29,3932.99,TRY,refund
19981,372,50,2026-03-07,751.71,TRY,transfer
19982,644,22,2025-11-01,363.15,TRY,transfer
19983,153,72,2026-04-08,5128.75,TRY,purchase
19984,453,82,2025-10-24,6184.6,TRY,purchase
19985,388,40,2026-05-26,5675.54,TRY,purchase
19986,546,68,2026-04-02,255.06,TRY,refund
19987,587,11,2026-02-21,4659.51,TRY,refund
19988,719,25,2025-01-18,5674.88,TRY,refund
19989,714,47,2026-06-30,3488.32,TRY,refund
19990,911,25,2025-05-27,5199.38,TRY,refund
19991,48,4,2025-02-09,5456.44,TRY,transfer
19992,811,86,2025-10-01,4696.73,TRY,refund
19993,345,77,2026-03-15,5215.06,TRY,refund
19994,346,36,2025-12-20,1860.0,TRY,transfer
19995,192,23,2025-08-05,1499.63,TRY,refund
19996,9,54,2026-08-30,1768.03,TRY,refund
19997,455,18,2026-08-22,4741.76,TRY,transfer
19998,705,85,2025-08-13,1118.94,TRY,purchase
19999,886,43,2025-05-13,4027.09,TRY,transfer
20000,370,74,2026-02-10,571.24,TRY,refund
20001,29001,81,2025-02-06,942.98,TRY,purchase
20002,29002,68,2026-01-03,818.23,TRY,purchase
20003,29003,70,2025-04-26,568.57,TRY,purchase
20004,29004,18,2026-03-19,281.36,TRY,purchase
20005,29005,85,2025-01-15,925.06,TRY,purchase
20006,29006,76,2025-09-14,102.55,TRY,purchase
20007,29007,24,2026-01-15,891.06,TRY,purchase
20008,29008,62,2025-05-23,312.11,TRY,purchase
20009,29009,27,2025-08-08,52.85,TRY,purchase
20010,29010,26,2025-11-06,352.69,TRY,purchase
20011,710,94,2025-10-20,-835.11,TRY,purchase
20012,602,85,2025-10-09,-207.66,TRY,purchase
20013,519,74,2025-10-31,-261.95,TRY,purchase
20014,767,56,2026-02-25,-431.79,TRY,purchase
20015,304,64,2025-02-09,-346.08,TRY,purchase
20016,703,61,2025-04-10,-797.78,TRY,purchase
20017,594,74,2026-02-13,-135.47,TRY,purchase
20018,769,89,2025-02-17,-447.92,TRY,purchase
20019,370,62,2025-02-22,-481.89,TRY,purchase
20020,229,3,2026-05-30,-48.66,TRY,purchase
101,256,13,2026-04-19,731.31,TRY,purchase
102,125,2,2025-03-05,5816.0,TRY,purchase
103,134,26,2026-02-15,2618.23,TRY,transfer
104,961,83,2025-03-28,4084.62,TRY,refund
105,940,10,2025-01-23,6980.19,TRY,purchase
